run_id,strategy,season,grain_tha,pest_loss_tha,spray_count,end_money
none_2,none,1,2.15630810603437,1.851269493965632,0,11468.924318103109
none_3,none,1,2.1783665972086173,1.829211002791384,0,11535.099791625853
none_0,none,1,2.2138287591586625,1.7937488408413387,0,11641.486277475988
none_1,none,1,2.170130924600845,1.8374466753991558,0,11510.392773802534
none_2,none,2,2.193201133165612,1.814376466834389,0,18048.527717599944
none_3,none,2,2.250910986008129,1.7566666139918716,0,18287.83274965024
none_0,none,2,2.1507662199706252,1.8568113800293764,0,18093.784937387863
none_1,none,2,2.1718950577524314,1.83568254224757,0,18026.077947059828
none_2,none,3,2.205876308254912,1.8017012917450888,0,24666.15664236468
none_3,none,3,2.1764353801806844,1.831142219819317,0,24817.13889019229
none_0,none,3,2.240051474361438,1.7675261256385628,0,24813.939360472177
none_1,none,3,2.2253165473391587,1.782261052660842,0,24702.027589077305
none_6,none,1,2.1987480699564905,1.8088295300435104,0,11596.244209869472
none_7,none,1,2.2626243961800414,1.7449532038199596,0,11787.873188540125
none_4,none,1,2.3224417183150723,1.6851358816849282,0,11967.325154945218
none_5,none,1,2.1791983529445127,1.8283792470554887,0,11537.595058833538
none_6,none,2,2.2316921181173157,1.775885481882685,0,18291.32056422142
none_7,none,2,2.1766608567391863,1.8309167432608149,0,18317.855758757683
none_4,none,2,2.216197900255976,1.7913796997440248,0,18615.918855713146
none_5,none,2,2.160131132823325,1.8474464671766762,0,18017.988457303512
none_6,none,3,2.1718059460764048,1.8357716539235966,0,24806.738402450632
none_7,none,3,2.168099766615417,1.8394778333845838,0,24822.155058603934
none_4,none,3,2.2020264735397252,1.805551126460276,0,25221.99827633232
none_5,none,3,2.209556498988724,1.7980211010112772,0,24646.657954269685
none_10,none,1,2.1724232409749185,1.8351543590250827,0,11517.269722924755
none_11,none,1,2.197644228591337,1.8099333714086643,0,11592.93268577401
none_8,none,1,2.1898839480558143,1.8176936519441866,0,11569.651844167443
none_9,none,1,2.1815688920343868,1.8260087079656149,0,11544.70667610316
none_10,none,2,2.1788099082269863,1.8287676917730147,0,18053.699447605715
none_11,none,2,2.210330368923165,1.797247231076836,0,18223.923792543505
none_8,none,2,2.194698912260158,1.8128786877398433,0,18153.74858094792
none_9,none,2,2.229435914088103,1.7781416859118975,0,18233.01441836747
none_10,none,3,2.238601008372624,1.7689765916273767,0,24769.502472723587
none_11,none,3,2.188471596230857,1.819106003769144,0,24789.338581236076
none_8,none,3,2.2379652262467564,1.7696123737532443,0,24867.64425968819
none_9,none,3,2.152228296057462,1.855349303942539,0,24689.699306539856
none_14,none,1,2.165419278824337,1.8421583211756647,0,11496.25783647301
none_15,none,1,2.188916600749088,1.818660999250913,0,11566.749802247265
none_12,none,1,2.1828991139900458,1.8246784860099556,0,11548.697341970137
none_13,none,1,2.256809414744746,1.7507681852552546,0,11770.428244234237
none_14,none,2,2.159843236702048,1.8477343632979533,0,17975.787546579155
none_15,none,2,2.225053441386645,1.7825241586133564,0,18241.9101264072
none_12,none,2,2.1671972212888373,1.840380378711164,0,18050.28900583665
none_13,none,2,2.249630798849845,1.7579468011501556,0,18519.32064078377
none_14,none,3,2.152228296057462,1.855349303942539,0,24432.47243475154
none_15,none,3,2.186366949182537,1.8212106508174644,0,24801.010973954813
none_12,none,3,2.242530200454881,1.7650473995451197,0,24777.879607201292
none_13,none,3,2.1619514436318457,1.8456261563681557,0,25005.17497167931
none_18,none,1,2.160131132823325,1.8474464671766762,0,11480.393398469976
none_19,none,1,2.181977266244429,1.8256003337555726,0,11545.931798733287
none_16,none,1,2.1814013348955004,1.8261762651045013,0,11544.2040046865
none_17,none,1,2.2493938213648383,1.7581837786351624,0,11748.181464094516
none_18,none,2,2.1722039791816865,1.8353736208183147,0,17997.005336015034
none_19,none,2,2.217912346746909,1.7896652532530917,0,18199.668838974016
none_16,none,2,2.1582506825863126,1.849326917413689,0,18018.95605244544
none_17,none,2,2.179904660465387,1.827672939534614,0,18287.895445490678
none_18,none,3,2.1831634296185602,1.8244141703814414,0,24546.495624870717
none_19,none,3,2.2104224246707442,1.7971551753292567,0,24830.93611298625
none_16,none,3,2.237718928114689,1.7698586718853115,0,24732.112836789507
none_17,none,3,2.1815688920343868,1.8260087079656149,0,24832.602121593838
none_22,none,1,2.1672486690225843,1.8403289309774173,0,11501.746007067752
none_23,none,1,2.1998354368131565,1.8077421631868444,0,11599.506310439469
none_20,none,1,2.1897085746197873,1.8178690253802137,0,11569.12572385936
none_21,none,1,2.1908993266175854,1.8166782733824156,0,11572.697979852757
none_22,none,2,2.1507662199706252,1.8568113800293764,0,17954.04466697963
none_23,none,2,2.165735145202,1.8418424547980012,0,18096.71174604547
none_20,none,2,2.1831665431736518,1.8244110568263492,0,18118.625353380317
none_21,none,2,2.195665570545818,1.8119120294541826,0,18159.69469149021
none_22,none,3,2.205164070363124,1.8024135296368773,0,24569.536878069
none_23,none,3,2.182146388549302,1.8254312114506996,0,24643.150911693374
none_20,none,3,2.214366749081693,1.7932108509183082,0,24761.725600625396
none_21,none,3,2.221307008701284,1.7862705912987167,0,24823.615717594064
none_26,none,1,2.2186987521721684,1.7888788478278321,0,11656.096256516506
none_27,none,1,2.2088871417944027,1.7986904582055983,0,11626.661425383209
none_24,none,1,2.2106562449779874,1.7969213550220136,0,11631.968734933962
none_25,none,1,2.2128248780288224,1.7947527219711783,0,11638.474634086468
none_26,none,2,2.215823042799031,1.79175455720097,0,18303.5653849136
none_27,none,2,2.2201124876908302,1.7874651123091705,0,18286.9988884557
none_24,none,2,2.1748192099261057,1.8327583900738953,0,18156.42636471228
none_25,none,2,2.1507662199706252,1.8568113800293764,0,18090.773293998343
none_26,none,3,2.152228296057462,1.855349303942539,0,24760.250273085985
none_27,none,3,2.1582506825863126,1.849326917413689,0,24761.750936214637
none_24,none,3,2.181902724166708,1.825674875833293,0,24702.1345372124
none_25,none,3,2.2035073011468422,1.8040702988531587,0,24701.29519743887
none_30,none,1,2.1911706507066246,1.8164069492933763,0,11573.511952119874
none_31,none,1,2.1929087498429163,1.8146688501570845,0,11578.726249528749
none_28,none,1,2.1507662199706252,1.8568113800293764,0,11452.298659911876
none_29,none,1,2.220529367108624,1.7870482328913773,0,11661.588101325871
none_30,none,2,2.2154668465058736,1.7921107534941274,0,18219.912491637493
none_31,none,2,2.1745635910309473,1.8330140089690543,0,18102.41702262159
none_28,none,2,2.186801856668876,1.8207757433311254,0,18012.704229918505
none_29,none,2,2.189608175123467,1.8179694248765341,0,18230.41262669627
none_30,none,3,2.203658463602112,1.803919136397889,0,24830.88788244383
none_31,none,3,2.1988294116317735,1.808748188368228,0,24698.90525751691
none_28,none,3,2.206227481845044,1.801350118154957,0,24631.386675453636
none_29,none,3,2.15630810603437,1.851269493965632,0,24699.33694479938
none_34,none,1,2.211901622680421,1.7956759773195798,0,11635.704868041263
none_35,none,1,2.195683767725478,1.8118938322745228,0,11587.051303176435
none_32,none,1,2.220894061584509,1.7866835384154918,0,11662.682184753527
none_33,none,1,2.165673018887069,1.841904581112932,0,11497.019056661207
none_34,none,2,2.2736194781238677,1.7339581218761329,0,18456.563302412866
none_35,none,2,2.201277343228727,1.8063002567712747,0,18190.883332862617
none_32,none,2,2.206365678430341,1.8012119215696598,0,18281.77922004455
none_33,none,2,2.1507662199706252,1.8568113800293764,0,17949.31771657308
none_34,none,3,2.269360309206376,1.7382172907936244,0,25264.644230031994
none_35,none,3,2.278905713956242,1.7286718860437587,0,25027.600474731342
none_32,none,3,2.207381915015924,1.800195684984077,0,24903.924965092323
none_33,none,3,2.1926868202204197,1.8148907797795815,0,24527.37817723434
none_38,none,1,2.221913126428665,1.785664473571336,0,11665.739379285995
none_39,none,1,2.2165756418583284,1.7910019581416725,0,11649.726925574985
none_36,none,1,2.1619514436318457,1.8456261563681557,0,11485.854330895538
none_37,none,1,2.184613933849204,1.8229636661507977,0,11553.841801547613
none_38,none,2,2.1582506825863126,1.849326917413689,0,18140.491427044934
none_39,none,2,2.1850076681918633,1.8225699318081376,0,18204.749930150574
none_36,none,2,2.194005654628135,1.813571945371866,0,18067.871294779943
none_37,none,2,2.257477300838956,1.7501002991610446,0,18326.273704064482
none_38,none,3,2.26122703304574,1.7463505669542607,0,24924.172526182152
none_39,none,3,2.2397697288777074,1.7678078711222935,0,24924.059116783697
none_36,none,3,2.2658352049105863,1.741742395089414,0,24865.376909511702
none_37,none,3,2.1960543937492116,1.8115232062507896,0,24914.43688531212
calendar_42,calendar,1,3.066845940248583,0.940731659751418,5,13700.537820745749
calendar_43,calendar,1,2.989330406326957,1.018247193673043,5,13467.991218980871
calendar_40,calendar,1,2.9714477041452407,1.0361298958547596,5,13414.343112435723
calendar_41,calendar,1,2.9606664718892315,1.0469111281107693,5,13381.999415667695
calendar_42,calendar,2,3.185885806768388,0.8216917932316125,5,22758.19524105091
calendar_43,calendar,2,3.0978377141752604,0.9097398858247414,5,22261.504361506653
calendar_40,calendar,2,2.9672700238619223,1.0403075761380773,5,21816.15318402149
calendar_41,calendar,2,3.0288810220111024,0.9786965779888973,5,21968.642481701005
calendar_42,calendar,3,3.1780122789869525,0.8295653210130489,5,31792.232078011766
calendar_43,calendar,3,2.9779980389824185,1.0295795610175806,5,30695.49847845391
calendar_40,calendar,3,3.0574100417001717,0.9501675582998282,5,30488.383309122004
calendar_41,calendar,3,3.016450891889956,0.9911267081100438,5,30517.995157370875
calendar_46,calendar,1,3.0731737539293444,0.9344038460706555,5,13719.521261788033
calendar_47,calendar,1,2.915182826480915,1.0923947735190844,5,13245.548479442745
calendar_44,calendar,1,3.1298419157647084,0.8777356842352916,5,13889.525747294125
calendar_45,calendar,1,3.0291157988271675,0.9784618011728315,5,13587.347396481502
calendar_46,calendar,2,3.1193301528294377,0.888247447170562,5,22577.511720276347
calendar_47,calendar,2,3.017081178425905,0.9904964215740947,5,21796.792014720457
calendar_44,calendar,2,3.000000970886495,1.0075766291135044,5,22389.528659953612
calendar_45,calendar,2,3.065093057374202,0.9424845426257973,5,22282.626568604108
calendar_46,calendar,3,3.16853919129088,0.839038408709119,5,31583.12929414899
calendar_47,calendar,3,3.053170340494663,0.9544072595053358,5,30456.303036204445
calendar_44,calendar,3,2.912373317277038,1.0952042827229618,5,30626.648611784727
calendar_45,calendar,3,2.9364963313688186,1.0710812686311817,5,30592.11556271056
calendar_50,calendar,1,2.999195279290941,1.0083823207090585,5,13497.585837872823
calendar_51,calendar,1,2.960306316500499,1.047271283499502,5,13380.918949501496
calendar_48,calendar,1,3.010404185452437,0.9971734145475644,5,13531.21255635731
calendar_49,calendar,1,3.010371048093411,0.9972065519065899,5,13531.113144280234
calendar_50,calendar,2,3.0897680016263536,0.9178095983736456,5,22266.889842751883
calendar_51,calendar,2,3.0124523362042153,0.9951252637957848,5,21918.275958114144
calendar_48,calendar,2,3.028328009568124,0.9792495904318754,5,22116.196585061683
calendar_49,calendar,2,2.850274774876226,1.157302825123775,5,21581.937468908913
calendar_50,calendar,3,2.951029755273757,1.0565478447262429,5,30619.979108573156
calendar_51,calendar,3,3.048714660971278,0.9588629390287221,5,30564.419941027976
calendar_48,calendar,3,2.949050375618024,1.0585272243819766,5,30463.347711915754
calendar_49,calendar,3,2.9544699635492964,1.053107636450704,5,29945.3473595568
calendar_54,calendar,1,2.9531472629229047,1.0544303370770964,5,13359.441788768714
calendar_55,calendar,1,3.0008723205874976,1.0067052794125035,5,13502.616961762493
calendar_52,calendar,1,3.0662270335916384,0.9413505664083621,5,13698.681100774915
calendar_53,calendar,1,2.986257259793965,1.0213203402060334,5,13458.771779381896
calendar_54,calendar,2,3.050378422666583,0.9571991773334165,5,22010.577056768463
calendar_55,calendar,2,3.0167025608529014,0.9908750391470981,5,22052.7246443212
calendar_52,calendar,2,2.893191030855943,1.114386569144057,5,21878.254193342742
calendar_53,calendar,2,3.047449548685065,0.9601280513149351,5,22101.12042543709
calendar_54,calendar,3,3.1356220988088626,0.8719555011911376,5,30917.44335319505
calendar_55,calendar,3,3.144818971714693,0.8627586282853063,5,30987.18155946528
calendar_52,calendar,3,3.0338950493825956,0.9736825506174043,5,30479.939341490528
calendar_53,calendar,3,2.9490315827741336,1.0585460172258665,5,30448.21517375949
calendar_58,calendar,1,3.1190456148669914,0.888531985133008,5,13857.136844600975
calendar_59,calendar,1,2.9692050999995763,1.0383725000004247,5,13407.615299998728
calendar_56,calendar,1,2.8723194333451354,1.1352581666548636,5,13116.958300035407
calendar_57,calendar,1,2.946148009310137,1.061429590689862,5,13338.44402793041
calendar_58,calendar,2,3.0721760578599753,0.9354015421400252,5,22573.665018180902
calendar_59,calendar,2,3.1226469722358456,0.8849306277641548,5,22275.556216706267
calendar_56,calendar,2,3.041089665151323,0.9664879348486791,5,21740.227295489378
calendar_57,calendar,2,3.2067481994750704,0.800829400524929,5,22458.688626355623
calendar_58,calendar,3,3.0506618354413058,0.9569157645586939,5,31225.650524504817
calendar_59,calendar,3,2.95634052754636,1.0512370724536395,5,30644.577799345345
calendar_56,calendar,3,2.8899782181627836,1.1175993818372174,5,29910.16194997773
calendar_57,calendar,3,3.0131586212729644,0.9944189787270348,5,30998.164490174517
calendar_62,calendar,1,3.0207486938862353,0.9868289061137651,5,13562.246081658706
calendar_63,calendar,1,3.03105049261269,0.9765271073873085,5,13593.151477838072
calendar_60,calendar,1,2.930195078225101,1.0773825217748982,5,13290.585234675304
calendar_61,calendar,1,3.0167890450570174,0.9907885549429831,5,13550.367135171053
calendar_62,calendar,2,3.259445179844101,0.7481324201558962,5,22840.58162119101
calendar_63,calendar,2,2.945962675898106,1.061614924101895,5,21931.03950553239
calendar_60,calendar,2,3.019755994445269,0.987821605554732,5,21849.85321801111
calendar_61,calendar,2,2.9746811997729266,1.0328964002270729,5,21974.410734489833
calendar_62,calendar,3,3.052051105849339,0.9555264941506617,5,31496.734938739028
calendar_63,calendar,3,3.031821771932176,0.9757558280678242,5,30526.50482132892
calendar_60,calendar,3,2.9808614853865523,1.0267161146134476,5,30292.437674170767
calendar_61,calendar,3,3.0329491112454,0.9746284887546002,5,30573.25806822603
calendar_66,calendar,1,2.938742885592426,1.0688347144075732,5,13316.228656777279
calendar_67,calendar,1,3.053200374025039,0.9543772259749599,5,13659.601122075117
calendar_64,calendar,1,2.922278674714537,1.0852989252854641,5,13266.836024143611
calendar_65,calendar,1,3.053049143939523,0.954528456060479,5,13659.14743181857
calendar_66,calendar,2,3.0239822894162542,0.9835953105837457,5,21888.17552502604
calendar_67,calendar,2,3.151363604743858,0.85621399525614,5,22613.69193630669
calendar_64,calendar,2,3.0584621359480777,0.9491154640519238,5,21942.222431987844
calendar_65,calendar,2,3.0736207178230472,0.9339568821769547,5,22380.009585287713
calendar_66,calendar,3,3.0856374175034644,0.9219401824965341,5,30645.087777536435
calendar_67,calendar,3,3.0812457756773632,0.9263318243226354,5,31357.42926333878
calendar_64,calendar,3,2.905235700404376,1.1023418995956242,5,30157.92953320097
calendar_65,calendar,3,3.0273657416952933,0.9802118583047075,5,30962.106810373592
calendar_70,calendar,1,3.074884500459565,0.9326930995404331,5,13724.653501378694
calendar_71,calendar,1,2.917036224265877,1.090541375734124,5,13251.10867279763
calendar_68,calendar,1,3.1710464549236073,0.8365311450763915,5,14013.139364770821
calendar_69,calendar,1,3.1103045536242035,0.8972730463757961,5,13830.913660872611
calendar_70,calendar,2,3.011334611072651,0.9962429889273504,5,22258.657334596646
calendar_71,calendar,2,3.1482488258669856,0.8593287741330159,5,22195.855150398587
calendar_68,calendar,2,2.9583263037871284,1.0492512962128724,5,22388.118276132205
calendar_69,calendar,2,3.042293001764463,0.9652845982355354,5,22457.792666166002
calendar_70,calendar,3,3.0830721589280223,0.9245054410719786,5,31007.873811380712
calendar_71,calendar,3,3.092413061608411,0.9151645383915896,5,30973.094335223817
calendar_68,calendar,3,3.028057130741122,0.9795204692588779,5,30972.289668355574
calendar_69,calendar,3,2.991870137217693,1.0157074627823064,5,30933.40307781908
calendar_74,calendar,1,3.019697482785903,0.9878801172140963,5,13559.09244835771
calendar_75,calendar,1,2.91122586927726,1.0963517307227393,5,13233.67760783178
calendar_72,calendar,1,2.942185846635717,1.0653917533642845,5,13326.557539907151
calendar_73,calendar,1,3.0171032338341757,0.9904743661658256,5,13551.309701502527
calendar_74,calendar,2,2.9712811839722537,1.036296416027747,5,21972.936000274472
calendar_75,calendar,2,3.0013522749101385,1.0062253250898616,5,21737.734432562196
calendar_72,calendar,2,3.1721952710423778,0.8353823289576232,5,22343.143353034284
calendar_73,calendar,2,3.204989276244131,0.8025883237558693,5,22666.27753023492
calendar_74,calendar,3,2.9041157889811116,1.1034618110188879,5,30185.28336721781
calendar_75,calendar,3,3.0585940532391054,0.9489835467608956,5,30413.516592279513
calendar_72,calendar,3,3.0121353031482414,0.9954422968517598,5,30879.549262479006
calendar_73,calendar,3,3.024502244858724,0.9830753551412771,5,31239.78426481109
calendar_78,calendar,1,2.9635907118276306,1.0439868881723688,5,13390.772135482892
calendar_79,calendar,1,3.0571550992987766,0.9504225007012241,5,13671.46529789633
calendar_76,calendar,1,2.9242842073011857,1.0832933926988144,5,13272.852621903558
calendar_77,calendar,1,3.0476586577600546,0.9599189422399446,5,13642.975973280163
calendar_78,calendar,2,2.9240030397879213,1.0835745602120792,5,21662.781254846654
calendar_79,calendar,2,3.11880012847515,0.8887774715248502,5,22527.86568332178
calendar_76,calendar,2,3.0756555314105265,0.9319220685894736,5,21999.819216135136
calendar_77,calendar,2,2.9905649624660984,1.0170126375339015,5,22114.67086067846
calendar_78,calendar,3,2.9913752923257317,1.0162023076742681,5,30136.90713182385
calendar_79,calendar,3,3.1212651026238807,0.8863124973761192,5,31391.66099119342
calendar_76,calendar,3,2.996442019699237,1.0111355803007624,5,30489.145275232848
calendar_77,calendar,3,2.9413457731374457,1.066231826862554,5,30438.708180090798
threshold_82,threshold,1,3.3983846328105574,0.6091929671894439,8,14395.153898431672
threshold_83,threshold,1,3.39873297906503,0.6088446209349713,7,14496.19893719509
threshold_80,threshold,1,3.3750832823993124,0.632494317600688,8,14325.249847197938
threshold_81,threshold,1,3.392618025072477,0.6149595749275245,8,14377.854075217432
threshold_82,threshold,2,3.4127412298584225,0.5948363701415789,8,23833.37758800694
threshold_83,threshold,2,3.3844773223318065,0.6231002776681948,8,23849.63090419051
threshold_80,threshold,2,3.439461441056833,0.5681161589431677,7,23943.634170368437
threshold_81,threshold,2,3.4016288891247735,0.605948710875228,8,23782.74074259175
threshold_82,threshold,3,3.376130325409462,0.6314472745905397,8,33161.768564235324
threshold_83,threshold,3,3.390479517581736,0.6170980824182626,7,33321.06945693572
threshold_80,threshold,3,3.382044736374616,0.6255328636253846,8,33289.768379492285
threshold_81,threshold,3,3.4079515440521635,0.5996260559478365,7,33306.59537474824
threshold_86,threshold,1,3.387029181492579,0.6205484185074225,7,14461.087544477736
threshold_87,threshold,1,3.3808093561190486,0.6267682438809523,8,14342.428068357145
threshold_84,threshold,1,3.3788401128008347,0.6287374871991659,8,14336.520338402504
threshold_85,threshold,1,3.40412191437302,0.6034556856269804,8,14412.36574311906
threshold_86,threshold,2,3.37561384742438,0.6319637525756204,8,23787.929086750875
threshold_87,threshold,2,3.3795211507646883,0.6280564492353126,8,23680.99152065121
threshold_84,threshold,2,3.4071922457184023,0.600385354281598,7,23858.09707555771
threshold_85,threshold,2,3.382990157069612,0.6245874429303884,8,23761.336214327894
threshold_86,threshold,3,3.381346445733109,0.6262311542668926,8,33131.9684239502
threshold_87,threshold,3,3.402024594442336,0.6055530055576654,7,33187.06530397822
threshold_84,threshold,3,3.4303333270565735,0.5772442729434268,8,33349.097056727434
threshold_85,threshold,3,3.3915783347179302,0.6159992652820702,8,33136.07121848168
threshold_90,threshold,1,3.400419489288405,0.607158110711596,7,14501.258467865217
threshold_91,threshold,1,3.3837061238404487,0.6238714761595516,8,14351.118371521346
threshold_88,threshold,1,3.3833235265025237,0.6242540734974771,9,14249.970579507572
threshold_89,threshold,1,3.409332271898326,0.5982453281016745,7,14527.996815694978
threshold_90,threshold,2,3.408156505007401,0.5994210949925997,8,23925.72798288742
threshold_91,threshold,2,3.3854124264183163,0.6221651735816852,8,23707.355650776295
threshold_88,threshold,2,3.384441636811652,0.6231359631883485,8,23603.295489942528
threshold_89,threshold,2,3.3804682127831747,0.6271093872168266,8,23869.401454044502
threshold_90,threshold,3,3.3927608810941456,0.6148167189058554,8,33304.01062616985
threshold_91,threshold,3,3.3610978759780545,0.6464797240219455,9,32890.64927871046
threshold_88,threshold,3,3.384300844581677,0.6232767554183245,8,32956.19802368756
threshold_89,threshold,3,3.393758172413257,0.6138194275867439,7,33350.675971284276
threshold_94,threshold,1,3.3691036396586083,0.6384739603413919,9,14207.310918975825
threshold_95,threshold,1,3.405605458125385,0.6019721418746153,8,14416.816374376156
threshold_92,threshold,1,3.3993818383174235,0.6081957616825782,8,14398.14551495227
threshold_93,threshold,1,3.394417673160358,0.6131599268396424,8,14383.253019481073
threshold_94,threshold,2,3.367072927192897,0.6405046728071035,7,23608.529700554514
threshold_95,threshold,2,3.4090395477412962,0.5985380522587052,8,23843.935017600044
threshold_92,threshold,2,3.3951774821980845,0.612400117801916,7,23883.677961546524
threshold_93,threshold,2,3.372674366602292,0.6349032333977093,7,23801.276119287948
threshold_94,threshold,3,3.3821012357924207,0.6254763642075809,7,33054.83340793178
threshold_95,threshold,3,3.4173755460639827,0.5902020539360191,7,33396.06165579199
threshold_92,threshold,3,3.387826486313193,0.6197511136868082,8,33247.1574204861
threshold_93,threshold,3,3.4022847067199757,0.6052928932800247,8,33208.13023944788
threshold_98,threshold,1,3.4086405861340716,0.5989370138659273,7,14525.921758402215
threshold_99,threshold,1,3.3665728145893237,0.6410047854106776,8,14299.718443767972
threshold_96,threshold,1,3.4021743598627467,0.605403240137254,8,14406.52307958824
threshold_97,threshold,1,3.3789900495433667,0.6285875504566348,8,14336.9701486301
threshold_98,threshold,2,3.400454766565905,0.6071228334340953,7,24027.28605809993
threshold_99,threshold,2,3.3765932318896352,0.6309843681103662,7,23729.498139436877
threshold_96,threshold,2,3.3681826802025068,0.6393949197974925,8,23711.07112019576
threshold_97,threshold,2,3.3973610172701836,0.6102165827298166,7,23829.05320044065
threshold_98,threshold,3,3.387938158068201,0.6196394419318011,8,33391.10053230453
threshold_99,threshold,3,3.377051661510061,0.6305259384899401,8,33060.65312396706
threshold_96,threshold,3,3.393849621025268,0.6137279789747335,8,33092.619983271565
threshold_97,threshold,3,3.401197201754549,0.6063803982454521,7,33332.644805704294
threshold_102,threshold,1,3.3818705042509323,0.6257070957490691,8,14345.611512752797
threshold_103,threshold,1,3.3992091828732427,0.6083684171267583,8,14397.627548619728
threshold_100,threshold,1,3.4038937985907785,0.6036838014092222,8,14411.681395772335
threshold_101,threshold,1,3.372670179767344,0.6349074202326567,8,14318.010539302031
threshold_102,threshold,2,3.4155440473077947,0.5920335526922054,8,23792.243654676182
threshold_103,threshold,2,3.3953426719755395,0.6122349280244621,8,23783.655564546345
threshold_100,threshold,2,3.399686793732822,0.6078908062671782,8,23810.7417769708
threshold_101,threshold,2,3.3922016552162226,0.6153759447837781,9,23594.6155049507
threshold_102,threshold,3,3.371968192521547,0.6356094074784544,8,33108.14823224083
threshold_103,threshold,3,3.3738330406675505,0.6337445593324507,9,33005.154686548995
threshold_100,threshold,3,3.383489790072017,0.6240878099279835,8,33161.211147186856
threshold_101,threshold,3,3.3841098243945713,0.6234677756054301,8,32946.944978134416
threshold_106,threshold,1,3.389921484686111,0.6176561153138891,8,14369.764454058333
threshold_107,threshold,1,3.3837888966297327,0.6237887033702678,8,14351.366689889199
threshold_104,threshold,1,3.3837541010829204,0.62382349891708,8,14351.26230324876
threshold_105,threshold,1,3.4065876511752946,0.6009899488247064,7,14519.762953525884
threshold_106,threshold,2,3.3963664156210434,0.6112111843789579,8,23758.863700921465
threshold_107,threshold,2,3.4406906285329883,0.5668869714670118,7,23973.438575488166
threshold_104,threshold,2,3.377590306842838,0.629987293157162,9,23584.033223777275
threshold_105,threshold,2,3.408509993894298,0.5990676061057026,7,24045.292935208778
threshold_106,threshold,3,3.3827429696116984,0.6248346303883022,8,33107.09260975656
threshold_107,threshold,3,3.372627109086611,0.6349504909133908,8,33291.319902748
threshold_104,threshold,3,3.3833624929214925,0.6242151070785079,8,32934.12070254175
threshold_105,threshold,3,3.371566615372219,0.6360109846277815,9,33259.99278132543
threshold_110,threshold,1,3.393324901072939,0.6142526989270617,8,14379.974703218817
threshold_111,threshold,1,3.381208753001467,0.626368846998533,9,14243.6262590044
threshold_108,threshold,1,3.392817228647211,0.6147603713527907,8,14378.451685941633
threshold_109,threshold,1,3.3856473023108764,0.6219302976891243,8,14356.941906932629
threshold_110,threshold,2,3.3966318204766686,0.610945779523331,8,23769.870164648823
threshold_111,threshold,2,3.409227565232109,0.5983500347678907,8,23671.308954700726
threshold_108,threshold,2,3.3800650984274565,0.627512501572545,8,23718.646981224003
threshold_109,threshold,2,3.408219282703354,0.5993583172966472,7,23881.59975504269
threshold_110,threshold,3,3.3820625137140072,0.6255150862859941,8,33116.057705790845
threshold_111,threshold,3,3.386151995484141,0.6214256045158598,7,33129.764941153146
threshold_108,threshold,3,3.3906487717801896,0.6169288282198108,7,33190.59329656457
threshold_109,threshold,3,3.4056069889436453,0.6019706110563554,7,33398.42072187363
threshold_114,threshold,1,3.3844242294133977,0.6231533705866033,8,14353.272688240193
threshold_115,threshold,1,3.389183113043369,0.6183944869566323,7,14467.549339130106
threshold_112,threshold,1,3.396060695117535,0.611516904882466,8,14388.182085352604
threshold_113,threshold,1,3.3955016765054573,0.6120759234945433,7,14486.505029516373
threshold_114,threshold,2,3.36366241230459,0.6439151876954092,9,23544.259925153965
threshold_115,threshold,2,3.3819840610531418,0.6255935389468587,8,23813.50152228953
threshold_112,threshold,2,3.394322744283903,0.6132548557160986,8,23771.150318204312
threshold_113,threshold,2,3.4252293571246804,0.5823482428753197,7,24062.193100890414
threshold_114,threshold,3,3.3763971293714445,0.631180470628557,8,32873.4513132683
threshold_115,threshold,3,3.3949769064197244,0.6126006935802771,8,33198.432241548704
threshold_112,threshold,3,3.387205588813424,0.6203720111865769,8,33132.76708464458
threshold_113,threshold,3,3.3972944766275455,0.6102831233724557,8,33454.07653077305
threshold_118,threshold,1,3.3863686412989247,0.6212089587010755,8,14359.105923896774
threshold_119,threshold,1,3.370367993291187,0.6372096067088147,8,14311.10397987356
threshold_116,threshold,1,3.3970042264691074,0.6105733735308941,8,14391.012679407322
threshold_117,threshold,1,3.3985333649944103,0.6090442350055905,8,14395.60009498323
threshold_118,threshold,2,3.3917398606213003,0.6158377393787008,8,23734.325505760673
threshold_119,threshold,2,3.4071916181212423,0.6003859818787582,8,23732.67883423729
threshold_116,threshold,2,3.3948788630063182,0.6126987369936832,9,23675.649268426278
threshold_117,threshold,2,3.4043422916333315,0.6032353083666695,8,23808.626969883226
threshold_118,threshold,3,3.411838828473762,0.5957387715262391,8,33169.84199118196
threshold_119,threshold,3,3.396203075991615,0.6113745240083852,7,33221.28806221213
threshold_116,threshold,3,3.3911262186246365,0.6164513813753647,8,33049.027924300186
threshold_117,threshold,3,3.393628910703085,0.6139486892969164,8,33189.51370199248
calendar_0,calendar,1,3.4497817249675937,0.5577958750324072,10,14349.34517490278
calendar_1,calendar,1,3.452161132898703,0.555416467101297,10,14356.48339869611
calendar_2,calendar,1,3.4928582724763966,0.5147193275236034,10,14478.57481742919
calendar_3,calendar,1,3.5879030556961653,0.4196745443038332,10,14763.709167088497
calendar_0,calendar,2,3.518831338280699,0.48874626171930097,10,23905.83918974488
calendar_1,calendar,2,3.493716586127291,0.5138610138727081,10,23837.63315707798
calendar_2,calendar,2,3.527534754902444,0.48004284509755485,10,24061.17908213652
calendar_3,calendar,2,3.5217729827045314,0.4858046172954699,10,24329.02811520209
calendar_0,calendar,3,3.501390616633147,0.506186983366852,10,33410.01103964432
calendar_1,calendar,3,3.517178177278334,0.49039942272166687,10,33389.16768891298
calendar_2,calendar,3,3.4740368789541116,0.5335407210458882,10,33483.28971899886
calendar_3,calendar,3,3.5130940373089046,0.4944835626910951,10,33868.31022712881
calendar_5,calendar,1,3.4887577923186694,0.5188198076813305,10,14466.273376956009
calendar_6,calendar,1,3.501301356108137,0.5062762438918647,10,14503.904068324411
calendar_7,calendar,1,3.5598276353142833,0.44774996468571765,10,14679.48290594285
calendar_4,calendar,1,3.4744074264128613,0.5331701735871384,10,14423.222279238584
calendar_5,calendar,2,3.490949828199437,0.5166277718005635,10,23939.122861554322
calendar_6,calendar,2,3.5828646319441453,0.4247129680558534,10,24252.497964156846
calendar_7,calendar,2,3.5847121929832673,0.42286540701673114,10,24433.619484892653
calendar_4,calendar,2,3.525429536924507,0.482148063075492,10,23999.510890012105
calendar_5,calendar,3,3.516236942900892,0.4913406570991068,10,33487.833690257
calendar_6,calendar,3,3.5401561199099256,0.46742148009007417,10,33872.96632388662
calendar_7,calendar,3,3.548160309980137,0.4594172900198631,10,34078.10041483307
calendar_4,calendar,3,3.5210831383546997,0.4864944616453012,10,33562.760305076205
calendar_9,calendar,1,3.4847074131790126,0.522870186820988,10,14454.122239537037
calendar_10,calendar,1,3.4612310231203574,0.546346576879643,10,14383.693069361072
calendar_11,calendar,1,3.4988405813952324,0.5087370186047683,10,14496.521744185697
calendar_8,calendar,1,3.496623574141328,0.510954025858673,10,14489.870722423984
calendar_9,calendar,2,3.5334574137386525,0.4741201862613466,10,24054.494480752994
calendar_10,calendar,2,3.4912124177772523,0.5163651822227472,10,23857.33032269283
calendar_11,calendar,2,3.4791974152936267,0.5283801847063735,10,23934.113990066577
calendar_8,calendar,2,3.5415282064374782,0.46604939356252423,10,24114.45534173642
calendar_9,calendar,3,3.526017875253047,0.48155972474695274,10,33632.548106512135
calendar_10,calendar,3,3.5903332751310773,0.4172443248689232,10,33628.33014808606
calendar_11,calendar,3,3.5364228229652697,0.47115477703473085,10,33543.382458962384
calendar_8,calendar,3,3.4786596115555772,0.5289179884444224,10,33550.43417640315
calendar_13,calendar,1,3.539250476348725,0.4683271236512757,10,14617.751429046175
calendar_14,calendar,1,3.539640835466704,0.4679367645332962,10,14618.922506400113
calendar_15,calendar,1,3.5413932000438724,0.46618439995612826,10,14624.179600131618
calendar_12,calendar,1,3.555028624262032,0.45254897573796626,10,14665.085872786096
calendar_13,calendar,2,3.5704363125323777,0.4371412874676216,10,24329.06036664331
calendar_14,calendar,2,3.5015347056078596,0.5060428943921411,10,24123.52662322369
calendar_15,calendar,2,3.5571594506644293,0.4504181493355712,10,24295.657952124908
calendar_12,calendar,2,3.5399273975527126,0.4676502024472864,10,24284.868065444236
calendar_13,calendar,3,3.5299794592392892,0.4775981407607109,10,33918.998744361175
calendar_14,calendar,3,3.5869970996048117,0.42058050039518874,10,33884.517922038125
calendar_15,calendar,3,3.5222282538136187,0.4853493461863797,10,33862.34271356576
calendar_12,calendar,3,3.4919447102922487,0.5156328897077515,10,33760.702196320985
calendar_16,calendar,1,3.5002812376204564,0.507296362379543,10,14500.84371286137
calendar_17,calendar,1,3.5611217228159666,0.4464558771840336,10,14683.3651684479
calendar_18,calendar,1,3.5222413749216943,0.48533622507830537,10,14566.724124765084
calendar_19,calendar,1,3.55859611679122,0.448981483208781,10,14675.78835037366
calendar_16,calendar,2,3.586009708289404,0.42156789171059694,10,24258.87283772958
calendar_17,calendar,2,3.531591592489145,0.4759860075108561,10,24278.139945915333
calendar_18,calendar,2,3.4568110208909024,0.5507665791091001,10,23937.15718743779
calendar_19,calendar,2,3.486261478004826,0.5213161219951727,10,24134.57278438814
calendar_16,calendar,3,3.5624824316907087,0.4450951683092916,10,33946.32013280171
calendar_17,calendar,3,3.4729464928471687,0.5346311071528332,10,33696.97942445684
calendar_18,calendar,3,3.511352496967914,0.4962251030320865,10,33471.21467834154
calendar_19,calendar,3,3.540157653482471,0.4674199465175289,10,33755.04574483555
calendar_21,calendar,1,3.541872860982702,0.46570473901729775,10,14625.618582948107
calendar_22,calendar,1,3.5903741394351854,0.4172034605648158,10,14771.122418305556
calendar_23,calendar,1,3.5587872038690405,0.44879039613096133,10,14676.36161160712
calendar_20,calendar,1,3.5119509625277527,0.4956266374722488,10,14535.852887583258
calendar_21,calendar,2,3.5763115578823825,0.4312660421176179,10,24354.553256595253
calendar_22,calendar,2,3.581992402747435,0.42558519725256494,10,24517.09962654786
calendar_23,calendar,2,3.5130842931453317,0.49449330685466925,10,24215.614491043118
calendar_20,calendar,2,3.539218380413845,0.468359219586156,10,24153.508028824792
calendar_21,calendar,3,3.5500541419977147,0.45752345800228655,10,34004.7156825884
calendar_22,calendar,3,3.572705365998975,0.43487223400102376,10,34235.21572454479
calendar_23,calendar,3,3.5782234887039897,0.42935411129601103,10,33950.28495715509
calendar_20,calendar,3,3.5538644452786414,0.4537131547213575,10,33815.10136466072
calendar_25,calendar,1,3.546174899724509,0.46140270027549213,10,14638.524699173526
calendar_26,calendar,1,3.5580191133082577,0.4495584866917435,10,14674.057339924773
calendar_27,calendar,1,3.50405784067001,0.5035197593299898,10,14512.17352201003
calendar_24,calendar,1,3.5404710654875657,0.4671065345124341,10,14621.413196462698
calendar_25,calendar,2,3.540966070520465,0.46661152947953477,10,24261.42291073492
calendar_26,calendar,2,3.5469829744365335,0.4605946255634665,10,24315.006263234376
calendar_27,calendar,2,3.478117122553494,0.5294604774465047,10,23946.524889670512
calendar_24,calendar,2,3.514987314079827,0.49259028592017456,10,24166.375138702177
calendar_25,calendar,3,3.4737973435852156,0.5337802564147842,10,33682.814941490564
calendar_26,calendar,3,3.5215491663813787,0.48602843361862086,10,33879.65376237851
calendar_27,calendar,3,3.5319675131366246,0.47561008686337547,10,33542.42742908039
calendar_24,calendar,3,3.5116041259556217,0.4959734740443792,10,33701.18751656904
calendar_29,calendar,1,3.529491537588839,0.4780860624111623,10,14588.474612766517
calendar_30,calendar,1,3.4931170181143,0.5144605818857022,10,14479.3510543429
calendar_31,calendar,1,3.5117236617674763,0.4958539382325235,10,14535.17098530243
calendar_28,calendar,1,3.5030616918352155,0.5045159081647833,10,14509.185075505646
calendar_29,calendar,2,3.530431172436164,0.4771464275638359,10,24179.76813007501
calendar_30,calendar,2,3.4743445488177263,0.5332330511822755,10,23902.38470079608
calendar_31,calendar,2,3.5132375830806564,0.4943400169193429,10,24074.883734544397
calendar_28,calendar,2,3.4844128663831886,0.5231647336168109,10,23962.423674655212
calendar_29,calendar,3,3.49089323360194,0.5166843663980614,10,33652.44783088083
calendar_30,calendar,3,3.490764574570069,0.5168130254299318,10,33374.67842450629
calendar_31,calendar,3,3.5113654534174867,0.49621214658251306,10,33608.98009479686
calendar_28,calendar,3,3.5176752190902536,0.4899023809097471,10,33515.44933192597
calendar_32,calendar,1,3.545466217344369,0.4621113826556308,10,14636.398652033107
calendar_33,calendar,1,3.5479134196035593,0.45966418039644097,10,14643.740258810678
calendar_34,calendar,1,3.5348554901290514,0.4727221098709489,10,14604.566470387153
calendar_35,calendar,1,3.490686573482303,0.5168910265176967,10,14472.059720446909
calendar_32,calendar,2,3.4878203111401618,0.5197572888598383,10,24099.859585453592
calendar_33,calendar,2,3.503434994531072,0.5041426054689292,10,24154.045242403896
calendar_34,calendar,2,3.504814858924222,0.5027627410757762,10,24119.01104715982
calendar_35,calendar,2,3.5213185695141194,0.48625903048588115,10,24036.015428989267
calendar_32,calendar,3,3.594439090900051,0.41313850909994876,10,33883.17685815375
calendar_33,calendar,3,3.530641835659878,0.4769357643401223,10,33745.97074938353
calendar_34,calendar,3,3.4889477746967636,0.5186298253032366,10,33585.85437125011
calendar_35,calendar,3,3.543896520499694,0.4636810795003063,10,33667.704990488346
calendar_37,calendar,1,3.476462485541118,0.5311151144588803,10,14429.387456623355
calendar_38,calendar,1,3.5156641632441064,0.49191343675589483,10,14546.99248973232
calendar_39,calendar,1,3.509435491069148,0.4981421089308516,10,14528.306473207444
calendar_36,calendar,1,3.492764463456377,0.5148131365436244,10,14478.293390369132
calendar_37,calendar,2,3.5631635465220524,0.4444140534779469,10,24118.87809618951
calendar_38,calendar,2,3.5461916537642764,0.4613859462357238,10,24185.56745102515
calendar_39,calendar,2,3.617776591251282,0.3898010087487203,10,24381.636246961287
calendar_36,calendar,2,3.5567771383965514,0.4508004616034488,10,24148.624805558786
calendar_37,calendar,3,3.538124177000053,0.46945342299994663,10,33733.25062718967
calendar_38,calendar,3,3.491967348801755,0.5156102511982446,10,33661.469497430415
calendar_39,calendar,3,3.5298664881114097,0.47771111188858983,10,33971.235711295514
calendar_36,calendar,3,3.516572050124962,0.49100554987503764,10,33698.34095593367
calendar_41,calendar,1,3.2722211613936456,0.735356438606353,7,14116.663484180937
calendar_42,calendar,1,3.294891652554525,0.7126859474454755,7,14184.674957663574
calendar_43,calendar,1,3.3111094101975618,0.6964681898024385,7,14233.328230592686
calendar_40,calendar,1,3.362373770686719,0.6452038293132817,7,14387.121312060157
calendar_41,calendar,2,3.3059106177879496,0.7016669822120507,7,23334.395337544785
calendar_42,calendar,2,3.3201914589889636,0.6873861410110366,7,23445.249334630465
calendar_43,calendar,2,3.2495619787498065,0.7580156212501927,7,23282.014166842106
calendar_40,calendar,2,3.2743834807613257,0.7331941192386742,7,23510.271754344132
calendar_41,calendar,3,3.250348092968701,0.757229507031299,7,32385.439616450887
calendar_42,calendar,3,3.430032578275056,0.5775450217249445,7,33035.34706945563
calendar_43,calendar,3,3.24161429862941,0.7659633013705924,7,32306.857062730334
calendar_40,calendar,3,3.252074469332257,0.7555031306677418,7,32566.495162340903
calendar_45,calendar,1,3.3282168902654092,0.67936070973459,7,14284.650670796227
calendar_46,calendar,1,3.2979533894068713,0.7096242105931299,7,14193.860168220614
calendar_47,calendar,1,3.258127675075544,0.7494499249244575,7,14074.383025226633
calendar_44,calendar,1,3.3949305121915194,0.6126470878084809,7,14484.791536574558
calendar_45,calendar,2,3.274153996851916,0.7334236031480844,7,23407.112661351974
calendar_46,calendar,2,3.367682225539971,0.6398953744600298,7,23596.906844840527
calendar_47,calendar,2,3.2974673224193283,0.710110277580671,7,23266.784992484616
calendar_44,calendar,2,3.3130252846194477,0.6945523153805518,7,23723.8673904329
calendar_45,calendar,3,3.329726720588756,0.6778508794112429,7,32696.29282311824
calendar_46,calendar,3,3.2449010283529827,0.7626765716470185,7,32631.609929899474
calendar_47,calendar,3,3.3132237450154327,0.6943538549845671,7,32506.456227530914
calendar_44,calendar,3,3.317853134864281,0.6897244651357192,7,32977.42679502574
calendar_48,calendar,1,3.198137493632366,0.8094401063676346,7,13894.4124808971
calendar_49,calendar,1,3.256138204770203,0.7514393952297992,7,14068.414614310608
calendar_50,calendar,1,3.241566693544011,0.7660109064559874,7,14024.700080632032
calendar_51,calendar,1,3.2618188947167495,0.7457587052832498,7,14085.45668415025
calendar_48,calendar,2,3.232547071778303,0.7750305282216969,7,22892.05369623201
calendar_49,calendar,2,3.34483866427981,0.662738935720188,7,23402.93060715004
calendar_50,calendar,2,3.2988391989507493,0.7087384010492503,7,23221.21767748428
calendar_51,calendar,2,3.311365688214488,0.6962119117855136,7,23319.55374879371
calendar_48,calendar,3,3.2622527663298158,0.745324833670185,7,31978.81199522146
calendar_49,calendar,3,3.279685421685178,0.7278921783148219,7,32541.986872205576
calendar_50,calendar,3,3.254897592799188,0.7526800072008127,7,32285.910455881844
calendar_51,calendar,3,3.4107961050636773,0.5967814949363218,7,32851.942063984745
calendar_53,calendar,1,3.3195344251049477,0.6880431748950518,7,14258.603275314843
calendar_54,calendar,1,3.340799266922619,0.6667783330773819,7,14322.397800767858
calendar_55,calendar,1,3.222189141290972,0.7853884587090271,7,13966.567423872915
calendar_52,calendar,1,3.3224335481592613,0.6851440518407382,7,14267.300644477784
calendar_53,calendar,2,3.2811372958532297,0.726440304146769,7,23402.01516287453
calendar_54,calendar,2,3.278954095174338,0.728623504825662,7,23459.260086290873
calendar_55,calendar,2,3.2604731507832954,0.747104449216704,7,23047.9868762228
calendar_52,calendar,2,3.3260382626308984,0.6815393373691007,7,23545.41543237048
calendar_53,calendar,3,3.2589166899271023,0.7486609100728978,7,32478.76523265584
calendar_54,calendar,3,3.2259241582984433,0.7816534417015566,7,32437.032561186203
calendar_55,calendar,3,3.289156919655969,0.7184206803440308,7,32215.45763519071
calendar_52,calendar,3,3.3061214775974612,0.701456122402539,7,32763.779865162862
calendar_57,calendar,1,3.2912090092300623,0.7163685907699373,7,14173.627027690187
calendar_58,calendar,1,3.318941940343373,0.6886356596566262,7,14256.82582103012
calendar_59,calendar,1,3.316828194742699,0.6907494052573006,7,14250.484584228097
calendar_56,calendar,1,3.3347558263735273,0.672821773626474,7,14304.267479120583
calendar_57,calendar,2,3.2875041760316464,0.7200734239683558,7,23336.13955578513
calendar_58,calendar,2,3.371822101284581,0.6357554987154191,7,23672.29212488386
calendar_59,calendar,2,3.2632885350862204,0.7442890649137796,7,23340.35018948676
calendar_56,calendar,2,3.269904086645511,0.7376735133544888,7,23413.97973905712
calendar_57,calendar,3,3.2880739703092874,0.7195036296907135,7,32500.36146671299
calendar_58,calendar,3,3.3920692581458605,0.6155083418541397,7,33148.49989932144
calendar_59,calendar,3,3.34639424937412,0.6611833506258792,7,32679.532937609118
calendar_56,calendar,3,3.3615530935736326,0.6460245064263692,7,32798.63901977801
calendar_61,calendar,1,3.253761823357742,0.7538157766422589,7,14061.285470073226
calendar_62,calendar,1,3.3011927001164407,0.7063848998835601,7,14203.578100349323
calendar_63,calendar,1,3.311208316353498,0.6963692836465016,7,14233.624949060495
calendar_60,calendar,1,3.3343942249375487,0.6731833750624504,7,14303.182674812646
calendar_61,calendar,2,3.270794715624149,0.7367828843758515,7,23173.66961694567
calendar_62,calendar,2,3.316057959388931,0.6915196406110704,7,23451.751978516117
calendar_63,calendar,2,3.352357854331235,0.655219745668763,7,23590.6985120542
calendar_60,calendar,2,3.3562863636901987,0.6512912363098039,7,23672.041765883245
calendar_61,calendar,3,3.301286266841996,0.7062913331580047,7,32377.528417471658
calendar_62,calendar,3,3.3164852749537825,0.6910923250462174,7,32701.207803377467
calendar_63,calendar,3,3.2307337998879513,0.7768438001120497,7,32582.899911718057
calendar_60,calendar,3,3.3193241414337953,0.688253458566205,7,32930.01419018463
calendar_64,calendar,1,3.3271988832328483,0.680378716767152,7,14281.596649698546
calendar_65,calendar,1,3.342692539361038,0.664885060638962,7,14328.077618083114
calendar_66,calendar,1,3.3583582038521507,0.6492193961478487,7,14375.074611556453
calendar_67,calendar,1,3.3311245031361434,0.676453096863857,7,14293.37350940843
calendar_64,calendar,2,3.311256722739362,0.6963208772606373,7,23515.36681791663
calendar_65,calendar,2,3.3356617800546515,0.6719158199453498,7,23635.06295824707
calendar_66,calendar,2,3.225919030770401,0.7816585692295998,7,23352.831703867654
calendar_67,calendar,2,3.3252051672888108,0.6823724327111904,7,23568.98901127486
calendar_64,calendar,3,3.3370652147873825,0.6705123852126176,7,32826.56246227878
calendar_65,calendar,3,3.2989477757871852,0.7086298242128147,7,32831.906285608624
calendar_66,calendar,3,3.3354334834451427,0.672144116554859,7,32659.132154203082
calendar_67,calendar,3,3.328490796941778,0.6790868030582212,7,32854.46140210019
calendar_69,calendar,1,3.341974944765459,0.6656026552345411,7,14325.924834296378
calendar_70,calendar,1,3.3177170235832434,0.689860576416757,7,14253.151070749731
calendar_71,calendar,1,3.2148297241744097,0.7927478758255915,7,13944.489172523228
calendar_68,calendar,1,3.4071093051617285,0.6004682948382729,7,14521.327915485186
calendar_69,calendar,2,3.272827465379138,0.7347501346208629,7,23444.40723043379
calendar_70,calendar,2,3.27354141082566,0.7340361891743399,7,23373.77530322671
calendar_71,calendar,2,3.2872990630139745,0.720278536986027,7,23106.38636156515
calendar_68,calendar,2,3.302537273075977,0.7050403269240243,7,23728.939734713116
calendar_69,calendar,3,3.27922504091023,0.7283525590897685,7,32582.08235316448
calendar_70,calendar,3,3.327264361003081,0.680313238996919,7,32655.56838623595
calendar_71,calendar,3,3.2616533474855522,0.7459242525144478,7,32191.346404021806
calendar_68,calendar,3,3.395887601255034,0.6116899987449667,7,33216.60253847822
calendar_73,calendar,1,3.2896333751847475,0.7179442248152538,7,14168.900125554243
calendar_74,calendar,1,3.2441868384695614,0.7633907615304394,7,14032.560515408684
calendar_75,calendar,1,3.351840598354508,0.6557370016454926,7,14355.521795063523
calendar_72,calendar,1,3.3404435897033737,0.6671340102966253,7,14321.330769110122
calendar_73,calendar,2,3.3361002467775838,0.6714773532224168,7,23477.200865886996
calendar_74,calendar,2,3.26941743255046,0.7381601674495402,7,23140.812813060067
calendar_75,calendar,2,3.2952897032261017,0.7122878967738973,7,23541.390904741827
calendar_72,calendar,2,3.294256945191731,0.7133206548082709,7,23504.101604685315
calendar_73,calendar,3,3.363810713242805,0.6437668867571945,7,32868.63300561541
calendar_74,calendar,3,3.2688137865063354,0.7387638134936639,7,32247.254172579072
calendar_75,calendar,3,3.3349027549403627,0.6726748450596379,7,32846.09916956292
calendar_72,calendar,3,3.312494354262015,0.6950832457379841,7,32741.58466747136
calendar_77,calendar,1,3.344632000939985,0.6629455990600153,7,14333.896002819954
calendar_78,calendar,1,3.2616763130971016,0.7459012869028986,7,14085.028939291306
calendar_79,calendar,1,3.387975354357022,0.6196022456429785,7,14463.926063071065
calendar_76,calendar,1,3.2458307191305886,0.7617468808694104,7,14037.492157391765
calendar_77,calendar,2,3.262733404254731,0.7448441957452688,7,23422.096215584148
calendar_78,calendar,2,3.341421626016305,0.6661559739836943,7,23409.29381734022
calendar_79,calendar,2,3.327994518490923,0.679583081509077,7,23747.909618543832
calendar_76,calendar,2,3.3331559433371765,0.6744216566628228,7,23336.959987403294
calendar_77,calendar,3,3.328088909860661,0.6794886901393394,7,32706.362945166133
calendar_78,calendar,3,3.32727331444063,0.6803042855593695,7,32691.113760662112
calendar_79,calendar,3,3.2537603755093576,0.7538172244906428,7,32809.1907450719
calendar_76,calendar,3,3.3043079230832895,0.7032696769167116,7,32549.883756653162
calendar_80,calendar,1,2.9464015724008554,1.0611760275991455,5,13339.204717202567
calendar_81,calendar,1,3.1041088751321735,0.9034687248678269,5,13812.326625396521
calendar_82,calendar,1,3.1351827470614246,0.8723948529385761,5,13905.548241184273
calendar_83,calendar,1,3.112185427674524,0.8953921723254753,5,13836.556283023572
calendar_80,calendar,2,2.894625922874725,1.112951677125275,5,21523.082485826744
calendar_81,calendar,2,3.0067750437734553,1.0008025562265443,5,22332.651756716885
calendar_82,calendar,2,3.1655253035108997,0.8420522964890997,5,22902.124151716973
calendar_83,calendar,2,3.0546209712590198,0.9529566287409809,5,22500.41919680063
calendar_80,calendar,3,3.003772923229808,1.0038046767701918,5,30034.401255516168
calendar_81,calendar,3,3.1003103372699634,0.9072672627300378,5,31133.582768526776
calendar_82,calendar,3,3.0715116661473503,0.9360659338526486,5,31616.659150159023
calendar_83,calendar,3,2.91840716315833,1.0891704368416706,5,30755.64068627562
calendar_85,calendar,1,3.033090775802762,0.9744868241972384,5,13599.272327408285
calendar_86,calendar,1,3.1035813135501678,0.9039962864498311,5,13810.743940650504
calendar_87,calendar,1,3.0972140524881433,0.9103635475118561,5,13791.64215746443
calendar_84,calendar,1,3.010078969321541,0.9974986306784587,5,13530.236907964623
calendar_85,calendar,2,3.0899159941955054,0.9176616058044946,5,22369.0203099948
calendar_86,calendar,2,2.9795201868555417,1.0280574131444582,5,22249.304501217128
calendar_87,calendar,2,2.901377687042707,1.106199912957293,5,21995.77521859255
calendar_84,calendar,2,2.9655365079975495,1.0420410920024517,5,21926.846431957274
calendar_85,calendar,3,2.9412886349645975,1.0662889650354024,5,30692.886214888593
calendar_86,calendar,3,3.0701900114354714,0.9373875885645283,5,30959.874535523544
calendar_87,calendar,3,2.9420172251968175,1.0655603748031817,5,30321.826894183003
calendar_84,calendar,3,3.197914200284422,0.8096633997155783,5,31020.589032810538
calendar_89,calendar,1,3.0708069253126506,0.9367706746873493,5,13712.420775937951
calendar_90,calendar,1,2.98805271347897,1.0195248865210307,5,13464.15814043691
calendar_91,calendar,1,3.013189500711286,0.994388099288714,5,13539.568502133858
calendar_88,calendar,1,3.0637211546758523,0.9438564453241474,5,13691.163464027557
calendar_89,calendar,2,2.9239009258351163,1.083676674164883,5,21984.1235534433
calendar_90,calendar,2,3.0334086890842764,0.9741689109157232,5,22064.38420768974
calendar_91,calendar,2,3.0177416434432773,0.9898359565567232,5,22092.793432463688
calendar_88,calendar,2,3.139427308594526,0.8681502914054737,5,22609.445389811135
calendar_89,calendar,3,3.066529723063762,0.9410478769362394,5,30683.712722634584
calendar_90,calendar,3,2.96650518429069,1.04107241570931,5,30463.899760561813
calendar_91,calendar,3,2.995210295976621,1.01236730402338,5,30578.42432039355
calendar_88,calendar,3,3.1170592034439752,0.890518396556026,5,31460.62300014306
calendar_93,calendar,1,2.9795064625940846,1.0280711374059142,5,13438.519387782253
calendar_94,calendar,1,2.9861957228385285,1.0213818771614707,5,13458.587168515585
calendar_95,calendar,1,2.960141441229449,1.0474361587705499,5,13380.424323688347
calendar_92,calendar,1,3.1024143665575945,0.9051632334424048,5,13807.243099672784
calendar_93,calendar,2,2.896955891377205,1.110621708622796,5,21629.38706191387
calendar_94,calendar,2,3.188673562677595,0.8189040373224059,5,22524.60785654837
calendar_95,calendar,2,3.1219671571146934,0.8856104428853047,5,22246.325795032426
calendar_92,calendar,2,3.12724309295989,0.880334507040109,5,22688.972378552455
calendar_93,calendar,3,2.998022566575425,1.009555033424576,5,30123.454761640143
calendar_94,calendar,3,3.0349179093786813,0.9726596906213183,5,31129.36158468441
calendar_95,calendar,3,3.0193459268311136,0.9882316731688882,5,30804.363575525767
calendar_92,calendar,3,3.0618239648797783,0.9457536351202219,5,31374.444273191788
calendar_96,calendar,1,3.0637486204516247,0.9438289795483749,5,13691.245861354873
calendar_97,calendar,1,3.1928799798983354,0.8146976201016674,5,14078.639939695006
calendar_98,calendar,1,2.954693411989751,1.0528841880102482,5,13364.080235969253
calendar_99,calendar,1,3.1050359423221394,0.9025416576778621,5,13815.107826966418
calendar_96,calendar,2,2.9771751950104903,1.0304024049895102,5,22122.771446386345
calendar_97,calendar,2,3.0360067753495263,0.9715708246504738,5,22686.660265743587
calendar_98,calendar,2,2.953820128192439,1.0537574718075602,5,21725.54062054657
calendar_99,calendar,2,3.096655091895846,0.910922508104154,5,22605.073102653958
calendar_96,calendar,3,2.9753983087428417,1.0321792912571586,5,30548.966372614872
calendar_97,calendar,3,3.2009223338858055,0.8066552661141942,5,31789.427267401003
calendar_98,calendar,3,3.0606524519628553,0.9469251480371452,5,30407.497976435137
calendar_99,calendar,3,2.985009018508001,1.022568581491999,5,31060.100158177964
calendar_101,calendar,1,3.0525663594652075,0.9550112405347914,5,13657.699078395623
calendar_102,calendar,1,2.8376609711988645,1.1699166288011345,5,13012.982913596594
calendar_103,calendar,1,3.0311523715741817,0.9764252284258185,5,13593.457114722545
calendar_100,calendar,1,2.95959910558183,1.0479784944181698,5,13378.79731674549
calendar_101,calendar,2,3.0866430871683845,0.9209345128316152,5,22417.628339900777
calendar_102,calendar,2,2.989829512342745,1.0177480876572553,5,21482.471450624827
calendar_103,calendar,2,2.963240096533661,1.0443375034663385,5,21983.177404323527
calendar_100,calendar,2,2.97448008189857,1.0330975181014304,5,21802.2375624412
calendar_101,calendar,3,2.9989398497114066,1.0086377502885937,5,30914.447889034996
calendar_102,calendar,3,2.9513263451451657,1.0562512548548342,5,29836.450486060327
calendar_103,calendar,3,2.89508273705243,1.112494862947569,5,30168.425615480817
calendar_100,calendar,3,2.9713946598756027,1.0361829401243983,5,30216.421542068012
calendar_105,calendar,1,3.0560764924889487,0.9515011075110518,5,13668.229477466846
calendar_106,calendar,1,3.0396332698420894,0.9679443301579107,5,13618.899809526269
calendar_107,calendar,1,3.011268180611193,0.9963094193888072,5,13533.804541833579
calendar_104,calendar,1,3.0526709449595204,0.9549066550404797,5,13658.012834878562
calendar_105,calendar,2,3.0130105915894383,0.9945670084105623,5,22207.261252235163
calendar_106,calendar,2,2.9398127575453015,1.0677648424546995,5,21938.338082162172
calendar_107,calendar,2,3.0755347870355774,0.9320428129644225,5,22260.40890294031
calendar_104,calendar,2,2.9951531402961242,1.0124244597038783,5,22143.472255766934
calendar_105,calendar,3,3.0739367214258393,0.9336408785741606,5,30929.07141651268
calendar_106,calendar,3,2.9608679413179324,1.0467096586820694,5,30320.94190611597
calendar_107,calendar,3,3.0471947208756154,0.9603828791243852,5,30901.993065567156
calendar_104,calendar,3,2.9446399703336805,1.0629376296663207,5,30477.392166767975
calendar_109,calendar,1,2.9721246887064896,1.0354529112935098,5,13416.37406611947
calendar_110,calendar,1,2.991321048767277,1.0162565512327235,5,13473.96314630183
calendar_111,calendar,1,3.006198530918436,1.0013790690815636,5,13518.595592755308
calendar_108,calendar,1,2.9874963292844052,1.0200812707155955,5,13462.488987853216
calendar_109,calendar,2,3.174103979606856,0.8334736203931442,5,22438.68600494004
calendar_110,calendar,2,3.1138712241321707,0.8937063758678286,5,22315.57681869834
calendar_111,calendar,2,3.0424576920151196,0.9651199079848809,5,22145.968668800666
calendar_108,calendar,2,3.022810183302288,0.9847674166977112,5,22030.919537760077
calendar_109,calendar,3,3.087441919787752,0.9201356802122481,5,31201.011764303294
calendar_110,calendar,3,2.9652875540570482,1.0422900459429527,5,30711.439480869485
calendar_111,calendar,3,2.9589845127159253,1.0485930872840756,5,30522.922206948442
calendar_108,calendar,3,3.0850351127214486,0.9225424872785517,5,30786.02487592442
calendar_112,calendar,1,2.992683822777321,1.0148937772226785,5,13478.051468331963
calendar_113,calendar,1,2.974907942756592,1.0326696572434075,5,13424.723828269776
calendar_114,calendar,1,3.0106633347767935,0.9969142652232073,5,13531.99000433038
calendar_115,calendar,1,3.098939412502266,0.9086381874977354,5,13796.818237506797
calendar_112,calendar,2,2.907622576239027,1.0999550237609725,5,21700.919197049043
calendar_113,calendar,2,2.9927325558259077,1.0148450441740924,5,21902.921495747498
calendar_114,calendar,2,3.1266794183654185,0.8808981816345829,5,22412.028259426635
calendar_115,calendar,2,3.0473398928817876,0.960237707118212,5,22438.83791615216
calendar_112,calendar,3,3.147614790841847,0.8599628091581533,5,30643.763569574585
calendar_113,calendar,3,2.9977028502487726,1.009874749751227,5,30396.030046493815
calendar_114,calendar,3,3.026918756214592,0.9806588437854069,5,30992.784528070413
calendar_115,calendar,3,2.9321930803358907,1.0753845196641105,5,30735.41715715983
calendar_117,calendar,1,2.9814950994696643,1.0260825005303347,5,13444.485298408992
calendar_118,calendar,1,3.175136266834613,0.8324413331653875,5,14025.40880050384
calendar_119,calendar,1,2.9331336372473835,1.0744439627526166,5,13299.40091174215
calendar_116,calendar,1,2.9084600497792397,1.099117550220761,5,13225.38014933772
calendar_117,calendar,2,2.9565263535726842,1.051051246427315,5,21814.064359127045
calendar_118,calendar,2,3.100504061990443,0.907073538009556,5,22826.92098647517
calendar_119,calendar,2,3.1193788895212387,0.8881987104787632,5,22157.537580305867
calendar_116,calendar,2,3.1382681462091337,0.8693094537908672,5,22140.184587965123
calendar_117,calendar,3,3.0581081134679864,0.9494694865320145,5,30488.388699531002
calendar_118,calendar,3,3.0403517375208553,0.9672258624791452,5,31447.976199037734
calendar_119,calendar,3,3.0343221499718194,0.9732554500281811,5,30760.504030221324
calendar_116,calendar,3,3.0138842558617025,0.9936933441382982,5,30681.83735555023
calendar_121,calendar,1,2.5654036114218464,1.4421739885781546,3,12396.21083426554
calendar_122,calendar,1,2.5112971971684623,1.496280402831539,3,12233.891591505388
calendar_123,calendar,1,2.634778621901126,1.3727989780988739,3,12604.335865703379
calendar_120,calendar,1,2.703162152632815,1.304415447367185,3,12809.486457898445
calendar_121,calendar,2,2.736175599885745,1.271402000114256,3,20304.737633922774
calendar_122,calendar,2,2.5590213377298765,1.448556262270125,3,19610.955604695017
calendar_123,calendar,2,2.6104476240478487,1.3971299759521525,3,20135.678737846923
calendar_120,calendar,2,2.6565838535014463,1.3509937464985555,3,20479.238018402786
calendar_121,calendar,3,2.564114484919743,1.4434631150802582,3,27697.081088682004
calendar_122,calendar,3,2.5670975353628664,1.4404800646371354,3,27012.248210783615
calendar_123,calendar,3,2.63864353178012,1.368934068219881,3,27751.609333187283
calendar_120,calendar,3,2.7897572154725885,1.2178203845274116,3,28548.50966482055
calendar_125,calendar,1,2.5781334996348426,1.4294441003651577,3,12434.400498904528
calendar_126,calendar,1,2.6154295293723626,1.3921480706276383,3,12546.288588117088
calendar_127,calendar,1,2.89400671195088,1.1135708880491197,3,13382.020135852641
calendar_124,calendar,1,2.6280699103623086,1.3795076896376919,3,12584.209731086925
calendar_125,calendar,2,2.822297510045072,1.1852800899549278,3,20601.29302903974
calendar_126,calendar,2,2.566381312601909,1.4411962873980912,3,19945.432525922814
calendar_127,calendar,2,2.6188507190030728,1.3887268809969278,3,20938.57229286186
calendar_124,calendar,2,2.5863390319341493,1.4212385680658517,3,20043.226826889375
calendar_125,calendar,3,2.612315685228566,1.3952619147714338,3,28138.24008472544
calendar_126,calendar,3,2.7362068999474114,1.271370700052589,3,27854.05322576505
calendar_127,calendar,3,2.4891587634235286,1.5184188365764728,3,28106.048583132448
calendar_124,calendar,3,2.646494381916906,1.361083218083095,3,27682.709972640092
calendar_128,calendar,1,2.587654278323347,1.4199233216766545,3,12462.962834970042
calendar_129,calendar,1,2.68970029052832,1.3178773094716791,3,12769.10087158496
calendar_130,calendar,1,2.634867392369547,1.3727102076304534,3,12604.602177108642
calendar_131,calendar,1,2.611792691064556,1.3957849089354448,3,12535.378073193668
calendar_128,calendar,2,2.620365642984098,1.3872119570159007,3,20024.059763922334
calendar_129,calendar,2,2.60609959703154,1.401478002968461,3,20287.39966267958
calendar_130,calendar,2,2.521925634099045,1.4856519659009566,3,19870.379079405775
calendar_131,calendar,2,2.672206916173071,1.3353706838269301,3,20251.99882171288
calendar_128,calendar,3,2.5700097429459317,1.4375678570540702,3,27434.08899276013
calendar_129,calendar,3,2.6033410021030905,1.4042365978969105,3,27797.422668988853
calendar_130,calendar,3,2.725553668477202,1.282023931522798,3,27747.040084837383
calendar_131,calendar,3,2.685894933561235,1.3216826664387642,3,28009.683622396587
calendar_133,calendar,1,2.593794416563715,1.4137831834362848,3,12481.383249691145
calendar_134,calendar,1,2.620219602845436,1.3873579971545644,3,12560.658808536307
calendar_135,calendar,1,2.6984874592324313,1.309090140767567,3,12795.462377697295
calendar_132,calendar,1,2.6382730305577753,1.3693045694422257,3,12614.819091673326
calendar_133,calendar,2,2.6068991982680694,1.4006784017319325,3,20002.080844495355
calendar_134,calendar,2,2.6429262969415714,1.3646513030584284,3,20189.43769936102
calendar_135,calendar,2,2.595439983161151,1.4121376168388498,3,20281.782327180747
calendar_132,calendar,2,2.5861336519716676,1.421443948028334,3,20073.22004758833
calendar_133,calendar,3,2.641145309630815,1.3664322903691863,3,27625.5167733878
calendar_134,calendar,3,2.601549463240331,1.4060281367596708,3,27694.08608908201
calendar_135,calendar,3,2.5613880045102064,1.4461895954897952,3,27665.946340711365
calendar_132,calendar,3,2.6085800072329652,1.3989975927670362,3,27598.960069287226
calendar_137,calendar,1,2.7077500591764143,1.299827540823587,3,12823.250177529244
calendar_138,calendar,1,2.683287080179464,1.3242905198205386,3,12749.861240538392
calendar_139,calendar,1,2.506005969260793,1.5015716307392084,3,12218.017907782378
calendar_136,calendar,1,2.5720763348935756,1.435501265106426,3,12416.229004680727
calendar_137,calendar,2,2.599567745110442,1.408009854889559,3,20321.95341286057
calendar_138,calendar,2,2.635942803785758,1.3716347962142437,3,20357.689651895664
calendar_139,calendar,2,2.622668455329761,1.3849091446702388,3,19786.02327377166
calendar_136,calendar,2,2.6426979944772193,1.3648796055227814,3,20044.322988112384
calendar_137,calendar,3,2.7489743824698922,1.258603217530109,3,28268.876560270248
calendar_138,calendar,3,2.629734433871795,1.3778431661282053,3,27946.892953511047
calendar_139,calendar,3,2.7150907698961535,1.292486830103848,3,27631.295583460123
calendar_136,calendar,3,2.5894785170763823,1.4180990829236182,3,27512.758539341532
calendar_141,calendar,1,2.659863430524122,1.3477141694758787,3,12679.590291572367
calendar_142,calendar,1,2.7012457351706103,1.3063318648293902,3,12803.737205511832
calendar_143,calendar,1,2.7063502167945037,1.3012273832054961,3,12819.050650383511
calendar_140,calendar,1,2.870775446992374,1.136802153007627,3,13312.32634097712
calendar_141,calendar,2,2.6872167801803846,1.3203608198196173,3,20441.24063211352
calendar_142,calendar,2,2.529564679457908,1.4780129205420935,3,20092.431243885556
calendar_143,calendar,2,2.606769535966525,1.4008080640334764,3,20339.359258283086
calendar_140,calendar,2,2.5231510326505533,1.4844265673494486,3,20581.77943892878
calendar_141,calendar,3,2.64534581943492,1.362231780565081,3,28077.27809041828
calendar_142,calendar,3,2.714828488952936,1.2927491110470652,3,27936.916710744365
calendar_143,calendar,3,2.5728368914292714,1.43474070857073,3,27757.869932570902
calendar_140,calendar,3,2.6322405924324057,1.3753370075675952,3,28178.501216226
calendar_144,calendar,1,2.482385040959243,1.525192559040758,3,12147.155122877728
calendar_145,calendar,1,2.504067323731449,1.5035102762685528,3,12212.201971194347
calendar_146,calendar,1,2.62475538331336,1.3828222166866393,3,12574.26614994008
calendar_147,calendar,1,2.695868019603688,1.3117095803963126,3,12787.604058811063
calendar_144,calendar,2,2.5828093373782224,1.424768262621777,3,19595.583135012395
calendar_145,calendar,2,2.586079740417217,1.4214978595827845,3,19670.441192446
calendar_146,calendar,2,2.5192970034403444,1.4882805965596566,3,19832.157160261115
calendar_147,calendar,2,2.6126256849517775,1.3949519150482241,3,20325.481113666396
calendar_144,calendar,3,2.7249502381148916,1.282627361885109,3,27470.43384935707
calendar_145,calendar,3,2.5652516210775094,1.442325978922492,3,27066.196055678527
calendar_146,calendar,3,2.6752384591634604,1.3323391408365408,3,27557.872537751497
calendar_147,calendar,3,2.5987167751544042,1.4088608248455967,3,27821.631439129607
calendar_149,calendar,1,2.537264696157399,1.470312903842602,3,12311.794088472197
calendar_150,calendar,1,2.7209305101695302,1.2866470898304692,3,12862.791530508592
calendar_151,calendar,1,2.625330376065353,1.3822472239346477,3,12575.99112819606
calendar_148,calendar,1,2.6398280833351833,1.3677495166648157,3,12619.48425000555
calendar_149,calendar,2,2.5214068472483526,1.4861707527516494,3,19576.014630217254
calendar_150,calendar,2,2.77406150876529,1.23351609123471,3,20884.976056804462
calendar_151,calendar,2,2.620325714908926,1.387251885091074,3,20136.968272922837
calendar_148,calendar,2,2.54897018397418,1.4586074160258216,3,19966.39480192809
calendar_149,calendar,3,2.7377383520838476,1.2698392479161515,3,27489.229686468796
calendar_150,calendar,3,2.817678924841197,1.1898986751588043,3,29038.01283132805
calendar_151,calendar,3,2.612184850636235,1.3953927493637666,3,27673.52282483154
calendar_148,calendar,3,2.5704514337602937,1.4371261662397075,3,27377.74910320897
calendar_153,calendar,1,2.718475973356517,1.2891016266434843,3,12855.427920069551
calendar_154,calendar,1,2.667782520765289,1.3397950792347115,3,12703.347562295867
calendar_155,calendar,1,2.5888409115745135,1.4187366884254875,3,12466.522734723541
calendar_152,calendar,1,2.6831207329514832,1.3244568670485166,3,12749.362198854451
calendar_153,calendar,2,2.487067717355931,1.5205098826440702,3,20016.631072137345
calendar_154,calendar,2,2.8231190821531986,1.1844585178468008,3,20872.704808755465
calendar_155,calendar,2,2.717095264330985,1.2904823356690147,3,20317.808527716497
calendar_152,calendar,2,2.5998201060143153,1.4077574939856856,3,20248.822516897395
calendar_153,calendar,3,2.5372386638769124,1.4703389361230887,3,27328.34706376808
calendar_154,calendar,3,2.563663616788971,1.4439139832110297,3,28263.69565912238
calendar_155,calendar,3,2.6095810048279175,1.3979965951720825,3,27846.55154220025
calendar_152,calendar,3,2.7230993048441268,1.2844782951558733,3,28118.120431429776
calendar_157,calendar,1,2.606346454174714,1.401231145825287,3,12519.039362524141
calendar_158,calendar,1,2.732398110377854,1.2751794896221464,3,12897.194331133562
calendar_159,calendar,1,2.597872631279056,1.4097049687209438,3,12493.617893837167
calendar_156,calendar,1,2.5227948276093817,1.4847827723906193,3,12268.384482828145
calendar_157,calendar,2,2.788910666060786,1.2186669339392144,3,20585.7713607065
calendar_158,calendar,2,2.6815479336249752,1.3260296663750253,3,20641.838132008488
calendar_159,calendar,2,2.597897219392229,1.4096803806077725,3,19987.309552013852
calendar_156,calendar,2,2.519536073092336,1.4880415269076652,3,19526.992702105155
calendar_157,calendar,3,2.5827665987434183,1.4248110012565829,3,28034.071156936756
calendar_158,calendar,3,2.5562640542210433,1.4513135457789583,3,28010.630294671617
calendar_159,calendar,3,2.6051085884680094,1.402469011531992,3,27502.63531741788
calendar_156,calendar,3,2.7080063317257292,1.2995712682742708,3,27351.011697282345
calendar_160,calendar,1,2.4097446435395193,1.5978329564604818,2,12029.233930618557
calendar_161,calendar,1,2.4974506961152803,1.510126903884721,2,12292.35208834584
calendar_162,calendar,1,2.507615631495418,1.4999619685045824,2,12322.846894486254
calendar_163,calendar,1,2.5723428255492324,1.4352347744507676,2,12517.028476647698
calendar_160,calendar,2,2.5183652075486496,1.4892123924513514,2,19384.329553264506
calendar_161,calendar,2,2.4313110369952007,1.5762665630048007,2,19386.285199331443
calendar_162,calendar,2,2.3880896424333606,1.61948795756664,2,19287.115821786334
calendar_163,calendar,2,2.3909088011287554,1.6166687988712463,2,19489.754880033965
calendar_160,calendar,3,2.4157386471725433,1.5918389528274577,2,26431.545494782134
calendar_161,calendar,3,2.4816731743214477,1.525904425678553,2,26631.304722295787
calendar_162,calendar,3,2.3980785307467403,1.6094990692532614,2,26281.351414026554
calendar_163,calendar,3,2.4653156774702474,1.5422619225297534,2,26685.701912444707
calendar_165,calendar,1,2.501628738849321,1.505948861150679,2,12304.886216547962
calendar_166,calendar,1,2.542800627176216,1.4647769728237854,2,12428.401881528647
calendar_167,calendar,1,2.4940051415684157,1.5135724584315844,2,12282.015424705247
calendar_164,calendar,1,2.371176432392019,1.636401167607982,2,11913.529297176057
calendar_165,calendar,2,2.619900433751265,1.3876771662487353,2,19964.58751780176
calendar_166,calendar,2,2.5190811039156493,1.4884964960843519,2,19785.645193275595
calendar_167,calendar,2,2.511747263358664,1.495830336641337,2,19617.25721478124
calendar_164,calendar,2,2.3970693109143695,1.6105082890856315,2,18904.737229919167
calendar_165,calendar,3,2.503723839221398,1.5038537607786029,2,27275.759035465955
calendar_166,calendar,3,2.524466671483057,1.483110928516943,2,27159.04520772477
calendar_167,calendar,3,2.5747169604538303,1.4328606395461707,2,27141.40809614273
calendar_164,calendar,3,2.4373421044525334,1.5702354955474678,2,26016.763543276767
calendar_169,calendar,1,2.4994150554123093,1.5081625445876916,2,12298.245166236928
calendar_170,calendar,1,2.406564031489973,1.6010135685100277,2,12019.69209446992
calendar_171,calendar,1,2.5253197590925303,1.48225784090747,2,12375.95927727759
calendar_168,calendar,1,2.462064812513015,1.545512787486986,2,12186.194437539045
calendar_169,calendar,2,2.399238374343072,1.6083392256569287,2,19295.960289266142
calendar_170,calendar,2,2.4673763159452684,1.5402012840547323,2,19221.821042305724
calendar_171,calendar,2,2.4326166062286463,1.5749609937713545,2,19473.80909596353
calendar_168,calendar,2,2.4351609035131676,1.572416696486834,2,19291.677148078546
calendar_169,calendar,3,2.4629666553848195,1.5446109446151814,2,26484.8602554206
calendar_170,calendar,3,2.3952633492342206,1.6123142507657804,2,26207.611090008388
calendar_171,calendar,3,2.441768036614692,1.565809563385309,2,26599.113205807604
calendar_168,calendar,3,2.4744125300538227,1.5331650699461778,2,26514.914738240015
calendar_173,calendar,1,2.4530666310922693,1.5545109689077319,2,12159.199893276807
calendar_174,calendar,1,2.4187608859927177,1.5888167140072824,2,12056.282657978154
calendar_175,calendar,1,2.457722011242343,1.5498555887576582,2,12173.16603372703
calendar_172,calendar,1,2.430852003892575,1.576725596107425,2,12092.556011677725
calendar_173,calendar,2,2.470571402330966,1.5370061976690352,2,19370.914100269707
calendar_174,calendar,2,2.510297767839251,1.4972798321607497,2,19387.17596149591
calendar_175,calendar,2,2.428019448998233,1.5795581510017684,2,19257.22438072173
calendar_172,calendar,2,2.5399367349747104,1.4676408650252901,2,19512.366216601855
calendar_173,calendar,3,2.4894035023340173,1.5181740976659834,2,26639.12460727176
calendar_174,calendar,3,2.4133159470487118,1.59426165295129,2,26427.123802642043
calendar_175,calendar,3,2.486188330886498,1.5213892691135027,2,26515.789373381223
calendar_172,calendar,3,2.44017413697739,1.5674034630226104,2,26632.888627534026
calendar_176,calendar,1,2.501169139288539,1.5064084607114618,2,12303.507417865618
calendar_177,calendar,1,2.4810177272339358,1.5265598727660654,2,12243.053181701807
calendar_178,calendar,1,2.4971422997588757,1.5104353002411244,2,12291.426899276627
calendar_179,calendar,1,2.448081024297823,1.559496575702178,2,12144.243072893469
calendar_176,calendar,2,2.421587324416367,1.5859902755836337,2,19368.269391114718
calendar_177,calendar,2,2.452748178527174,1.5548294214728264,2,19401.29771728333
calendar_178,calendar,2,2.377469242165296,1.6301083578347046,2,19223.834625772513
calendar_179,calendar,2,2.377902555728245,1.6296750442717562,2,19077.950740078202
calendar_176,calendar,3,2.434070471246118,1.5735071287538827,2,26470.480804853072
calendar_177,calendar,3,2.4863587501788156,1.5212188498211838,2,26660.373967819778
calendar_178,calendar,3,2.524006713352015,1.4835708866479853,2,26595.85476582856
calendar_179,calendar,3,2.481827458063007,1.5257501419369937,2,26323.433114267224
calendar_181,calendar,1,2.466083721678682,1.5414938783213186,2,12198.251165036047
calendar_182,calendar,1,2.5179541295054215,1.4896234704945792,2,12353.862388516263
calendar_183,calendar,1,2.444436938168469,1.563140661831531,2,12133.310814505407
calendar_180,calendar,1,2.4659994623485235,1.5415781376514772,2,12197.99838704557
calendar_181,calendar,2,2.5385375679314386,1.4690400320685624,2,19613.86386883036
calendar_182,calendar,2,2.5137745299030003,1.4938030700969995,2,19695.185978225265
calendar_183,calendar,2,2.4854091597737535,1.522168440226247,2,19389.538293826667
calendar_180,calendar,2,2.40650308608756,1.6010745139124405,2,19217.50764530825
calendar_181,calendar,3,2.4249344844933107,1.58264311550669,2,26688.667322310295
calendar_182,calendar,3,2.4694904525685435,1.5380871474314575,2,26903.657335930897
calendar_183,calendar,3,2.4742845195808774,1.533293080419123,2,26612.3918525693
calendar_180,calendar,3,2.5554031747553996,1.452174425244601,2,26683.71716957445
calendar_185,calendar,1,2.4399092345368736,1.5676683654631274,2,12119.72770361062
calendar_186,calendar,1,2.4408159903577427,1.5667616096422585,2,12122.447971073227
calendar_187,calendar,1,2.4481150856881984,1.5594625143118017,2,12144.345257064595
calendar_184,calendar,1,2.4867814794057357,1.5207961205942655,2,12260.344438217207
calendar_185,calendar,2,2.5252522980005385,1.4823253019994629,2,19495.484597612238
calendar_186,calendar,2,2.456975996220266,1.5506016037797343,2,19293.375959734025
calendar_187,calendar,2,2.5257518409248156,1.4818257590751847,2,19521.600779839042
calendar_184,calendar,2,2.4034007205864225,1.6041768794135782,2,19270.546599976475
calendar_185,calendar,3,2.449212774288583,1.5583648257114175,2,26643.12292047799
calendar_186,calendar,3,2.4033696540011373,1.6042079459988636,2,26303.484921737436
calendar_187,calendar,3,2.4508760105983995,1.5567015894016012,2,26674.22881163424
calendar_184,calendar,3,2.372245864012313,1.635331735987688,2,26187.284192013416
calendar_189,calendar,1,2.4884801924728923,1.5190974075271084,2,12265.440577418678
calendar_190,calendar,1,2.4649998025209654,1.5425777974790347,2,12194.999407562897
calendar_191,calendar,1,2.433778211015732,1.5737993889842687,2,12101.334633047198
calendar_188,calendar,1,2.526102160843372,1.4814754391566283,2,12378.306482530115
calendar_189,calendar,2,2.411768691729264,1.595808908270737,2,19300.74665260647
calendar_190,calendar,2,2.5377398834984604,1.4698377165015404,2,19608.219058058276
calendar_191,calendar,2,2.5209766533787525,1.4866009466212478,2,19464.264593183456
calendar_188,calendar,2,2.4957535171669227,1.5118240828330778,2,19665.567034030882
calendar_189,calendar,3,2.4013874074795947,1.606190192520406,2,26304.908875045254
calendar_190,calendar,3,2.4723598225663657,1.5352177774336344,2,26825.298525757375
calendar_191,calendar,3,2.401387525512465,1.6061900744875357,2,26468.42716972085
calendar_188,calendar,3,2.490255340478813,1.517322259521188,2,26936.333055467323
calendar_192,calendar,1,2.446390458721705,1.5611871412782947,2,12139.171376165115
calendar_193,calendar,1,2.488802315058747,1.518775284941254,2,12266.40694517624
calendar_194,calendar,1,2.385509942425417,1.6220676575745843,2,11956.529827276252
calendar_195,calendar,1,2.441802873711221,1.5657747262887796,2,12125.408621133663
calendar_192,calendar,2,2.4396083391579144,1.5679692608420863,2,19257.99639363886
calendar_193,calendar,2,2.413092883306761,1.5944847166932399,2,19305.685595096526
calendar_194,calendar,2,2.435462577119822,1.5721150228801788,2,19062.917558635716
calendar_195,calendar,2,2.4546524839039487,1.5529251160960527,2,19289.36607284551
calendar_192,calendar,3,2.4652886980478708,1.5422889019521306,2,26453.86248778247
calendar_193,calendar,3,2.438149805407484,1.5694277945925168,2,26420.135011318976
calendar_194,calendar,3,2.471889780315995,1.5356878196840054,2,26278.5868995837
calendar_195,calendar,3,2.46842267053357,1.5391549294664302,2,26494.63408444622
calendar_197,calendar,1,2.4926142752478193,1.5149633247521817,2,12277.842825743457
calendar_198,calendar,1,2.5133612992525305,1.4942163007474702,2,12340.083897757591
calendar_199,calendar,1,2.527204976605739,1.4803726233942613,2,12381.614929817217
calendar_196,calendar,1,2.432102526997839,1.5754750730021614,2,12096.307580993518
calendar_197,calendar,2,2.456804444817871,1.5507731551821298,2,19448.25616019707
calendar_198,calendar,2,2.429338826728922,1.5782387732710785,2,19428.100377944356
calendar_199,calendar,2,2.4287654124946365,1.5788121875053645,2,19467.91116730113
calendar_196,calendar,2,2.4242862548818835,1.5832913451181176,2,19169.16634563917
calendar_197,calendar,3,2.5003818814605885,1.5071957185394123,2,26749.401804578836
calendar_198,calendar,3,2.43213474216591,1.5754428578340913,2,26524.50460444209
calendar_199,calendar,3,2.468656805636424,1.538920794363577,2,26673.8815842104
calendar_196,calendar,3,2.4259352612930702,1.58164233870693,2,26246.97212951838
calendar_0,calendar,1,3.531221037546544,0.4763565624534554,10,14593.663112639631
calendar_1,calendar,1,3.4927356252915365,0.5148419747084637,10,14478.20687587461
calendar_2,calendar,1,3.607273468580705,0.4003041314192962,10,14821.820405742115
calendar_3,calendar,1,3.532942658669466,0.47463494133053524,10,14598.827976008397
calendar_0,calendar,2,3.467420031419313,0.5401575685806865,10,23995.92320689757
calendar_1,calendar,2,3.5056424098185217,0.5019351901814794,10,23995.134105330173
calendar_2,calendar,2,3.540786656183209,0.46679094381679276,10,24444.18037429174
calendar_3,calendar,2,3.5487788524017447,0.458798747598254,10,24245.164533213632
calendar_0,calendar,3,3.5434120796161315,0.464165520383869,10,33626.159445745965
calendar_1,calendar,3,3.531935682174802,0.47564191782519905,10,33590.94115185458
calendar_2,calendar,3,3.4857688643176243,0.5218087356823756,10,33901.486967244615
calendar_3,calendar,3,3.552564401067087,0.4550131989329121,10,33902.857736414895
calendar_4,calendar,1,3.550907036278896,0.45667056372110454,10,14652.721108836688
calendar_5,calendar,1,3.554592510373108,0.45298508962689177,10,14663.777531119325
calendar_6,calendar,1,3.535066942814054,0.4725106571859441,10,14605.200828442163
calendar_7,calendar,1,3.4536479574266883,0.5539296425733121,10,14360.943872280064
calendar_4,calendar,2,3.5620781956423024,0.4454994043576976,10,24338.955695763594
calendar_5,calendar,2,3.5465322221875732,0.4610453778124265,10,24303.374197682046
calendar_6,calendar,2,3.546578577882737,0.4609990221172611,10,24244.936562090374
calendar_7,calendar,2,3.529999385195322,0.47757821480467966,10,23950.942027866033
calendar_4,calendar,3,3.5514347292389115,0.456142870761088,10,33993.25988348033
calendar_5,calendar,3,3.5403295518489206,0.46724804815108106,10,33924.362853228806
calendar_6,calendar,3,3.5051748704189976,0.5024027295810037,10,33760.461173347365
calendar_7,calendar,3,3.55930142996905,0.44827617003094966,10,33628.84631777318
calendar_8,calendar,1,3.5027701647913267,0.5048074352086735,10,14508.31049437398
calendar_9,calendar,1,3.502198405095191,0.5053791949048086,10,14506.595215285573
calendar_10,calendar,1,3.5452774284068953,0.4623001715931055,10,14635.832285220686
calendar_11,calendar,1,3.545778120621863,0.4617994793781369,10,14637.334361865589
calendar_8,calendar,2,3.4995576104819013,0.5080199895180991,10,24006.98332581968
calendar_9,calendar,2,3.4725135648711642,0.5350640351288359,10,23924.135909899065
calendar_10,calendar,2,3.571689278852465,0.43588832114753323,10,24350.900121778082
calendar_11,calendar,2,3.482688288903077,0.5248893110969239,10,24085.39922857482
calendar_8,calendar,3,3.414019433747989,0.5935581662520112,10,33249.04162706365
calendar_9,calendar,3,3.562620162322383,0.4449574376776177,10,33611.99639686621
calendar_10,calendar,3,3.4925338601126796,0.5150437398873207,10,33828.50170211612
calendar_11,calendar,3,3.5179921725945866,0.4895854274054146,10,33639.37574635858
calendar_12,calendar,1,3.5338885491249843,0.473689050875017,10,14601.665647374954
calendar_13,calendar,1,3.490171741274249,0.5174058587257512,10,14470.515223822746
calendar_14,calendar,1,3.4685103288281325,0.5390672711718685,10,14405.530986484397
calendar_15,calendar,1,3.59391026113029,0.4136673388697096,10,14781.73078339087
calendar_12,calendar,2,3.517332322085873,0.49024527791412703,10,24153.662613632572
calendar_13,calendar,2,3.4461091076137365,0.5614684923862648,10,23808.842546663953
calendar_14,calendar,2,3.573486755253997,0.4340908447460023,10,24125.991252246386
calendar_15,calendar,2,3.4876618155715824,0.5199157844284169,10,24244.716230105616
calendar_12,calendar,3,3.515856321624065,0.49172127837593727,10,33701.23157850477
calendar_13,calendar,3,3.5175329886204016,0.4900446113795984,10,33361.441512525154
calendar_14,calendar,3,3.5209843095078557,0.4865932904921455,10,33688.944180769955
calendar_15,calendar,3,3.5521996510046767,0.4553779489953233,10,33901.315183119645
calendar_16,calendar,1,3.561715479526522,0.44586212047347795,10,14685.146438579566
calendar_17,calendar,1,3.54268295667351,0.46489464332649055,10,14628.04887002053
calendar_18,calendar,1,3.543683119242572,0.46389448075742673,10,14631.049357727716
calendar_19,calendar,1,3.523096169983255,0.4844814300167454,10,14569.288509949765
calendar_16,calendar,2,3.5282901117950463,0.4792874882049534,10,24270.016773964704
calendar_17,calendar,2,3.495777352837145,0.5118002471628541,10,24115.380928531966
calendar_18,calendar,2,3.5510739439895396,0.456503656010462,10,24284.271189696334
calendar_19,calendar,2,3.568499715625578,0.43907788437442113,10,24274.7876568265
calendar_16,calendar,3,3.481616203612142,0.5259613963878578,10,33714.86538480113
calendar_17,calendar,3,3.516847003863562,0.4907305961364397,10,33665.92194012265
calendar_18,calendar,3,3.5500712943936543,0.45750630560634636,10,33934.485072877294
calendar_19,calendar,3,3.5090414572567727,0.4985361427432276,10,33801.91202859682
calendar_20,calendar,1,3.5230916948424587,0.48448590515754114,10,14569.275084527377
calendar_21,calendar,1,3.4959078347260015,0.511669765273999,10,14487.723504178004
calendar_22,calendar,1,3.5080333008177376,0.4995442991822618,10,14524.099902453212
calendar_23,calendar,1,3.4828823905240522,0.5246952094759473,10,14448.647171572156
calendar_20,calendar,2,3.4909340841613266,0.5166435158386736,10,24042.077337011357
calendar_21,calendar,2,3.5527306571028157,0.4548469428971842,10,24145.91547548645
calendar_22,calendar,2,3.5215091626913404,0.486068437308659,10,24088.627390527232
calendar_23,calendar,2,3.5011219923804493,0.5064556076195503,10,23952.013148713504
calendar_20,calendar,3,3.5146006960041327,0.4929769039958681,10,33585.879425023755
calendar_21,calendar,3,3.485873928170729,0.5217036718292709,10,33603.53725999864
calendar_22,calendar,3,3.4837766375775177,0.5238009624224832,10,33539.957303259784
calendar_23,calendar,3,3.5601435510578567,0.44743404894214417,10,33632.44380188707
calendar_24,calendar,1,3.5379639462525456,0.4696136537474531,10,14613.891838757638
calendar_25,calendar,1,3.4761461315170408,0.5314314684829604,10,14428.438394551122
calendar_26,calendar,1,3.517219390696119,0.49035820930388113,10,14551.658172088357
calendar_27,calendar,1,3.4733488654078606,0.5342287345921382,10,14420.046596223581
calendar_24,calendar,2,3.5116849365449965,0.4958926634550024,10,24148.94664839263
calendar_25,calendar,2,3.5137885457297586,0.4937890542702422,10,23969.804031740397
calendar_26,calendar,2,3.5329305069937,0.4746470930063019,10,24150.44969306946
calendar_27,calendar,2,3.5142985173122625,0.4932790826877374,10,23962.94214816037
calendar_24,calendar,3,3.4727824312586377,0.5347951687413623,10,33567.293942168544
calendar_25,calendar,3,3.5234569123728057,0.4841206876271945,10,33540.174768858815
calendar_26,calendar,3,3.534451456487846,0.47312614351215515,10,33753.804062532996
calendar_27,calendar,3,3.541868691508341,0.46570890849165864,10,33588.54822268539
calendar_28,calendar,1,3.522095639578631,0.4854819604213681,10,14566.286918735894
calendar_29,calendar,1,3.482817414827291,0.5247601851727091,10,14448.452244481872
calendar_30,calendar,1,3.535223535055039,0.47235406494496124,10,14605.670605165118
calendar_31,calendar,1,3.471807851928715,0.5357697480712866,10,14415.423555786145
calendar_28,calendar,2,3.482198434509188,0.525379165490813,10,24012.882222263455
calendar_29,calendar,2,3.5342872403309826,0.4732903596690186,10,24051.31396547482
calendar_30,calendar,2,3.5427347764665997,0.46484282353340145,10,24233.87493456492
calendar_31,calendar,2,3.5767010588749497,0.4308765411250496,10,24145.526732410995
calendar_28,calendar,3,3.4858556527030617,0.52172194729694,10,33470.44918037264
calendar_29,calendar,3,3.4864955903732175,0.5210820096267813,10,33510.80073659447
calendar_30,calendar,3,3.5631200250574366,0.4444575749425645,10,33923.235009737225
calendar_31,calendar,3,3.485809964903808,0.5217676350961923,10,33602.95662712242
calendar_32,calendar,1,3.5117236779649246,0.4958539220350766,10,14535.171033894774
calendar_33,calendar,1,3.5195546663222537,0.4880229336777487,10,14558.66399896676
calendar_34,calendar,1,3.5016705363507397,0.5059070636492585,10,14505.011609052219
calendar_35,calendar,1,3.517002243412888,0.4905753565871133,10,14551.006730238663
calendar_32,calendar,2,3.5068297161127044,0.5007478838872962,10,24055.66018223289
calendar_33,calendar,2,3.517589592768598,0.4899880072314008,10,24111.432777272552
calendar_34,calendar,2,3.4699863126294073,0.5375912873705923,10,23914.97054694044
calendar_35,calendar,2,3.5139672493784135,0.4936103506215869,10,24092.9084783739
calendar_32,calendar,3,3.523560649407967,0.4840169505920342,10,33626.34213045679
calendar_33,calendar,3,3.518633961155676,0.4889436388443237,10,33667.33466073958
calendar_34,calendar,3,3.5033664744925654,0.5042111255074356,10,33425.06997041814
calendar_35,calendar,3,3.5456987209668966,0.46187887903310443,10,33730.004641274594
calendar_36,calendar,1,3.5489631073233956,0.4586144926766056,10,14646.889321970188
calendar_37,calendar,1,3.5138143756777325,0.4937632243222674,10,14541.443127033197
calendar_38,calendar,1,3.5671608503773995,0.4404167496226002,10,14701.482551132198
calendar_39,calendar,1,3.501707837075324,0.5058697629246768,10,14505.123511225971
calendar_36,calendar,2,3.5057025961871684,0.5018750038128311,10,24163.997110531694
calendar_37,calendar,2,3.5088745010435503,0.49870309895645065,10,24068.06663016385
calendar_38,calendar,2,3.536210603951914,0.4713669960480862,10,24310.114362987937
calendar_39,calendar,2,3.5665059216680306,0.44107167833196836,10,24204.64127623006
calendar_36,calendar,3,3.5202354222194225,0.487342177780578,10,33724.70337718996
calendar_37,calendar,3,3.5740743022167583,0.4335032977832425,10,33790.289536814125
calendar_38,calendar,3,3.592468874268826,0.41510872573117386,10,34087.520985794414
calendar_39,calendar,3,3.536261671249471,0.47131592875052797,10,33813.42628997847
calendar_40,calendar,1,3.2557008342372873,0.751876765762714,7,14067.102502711861
calendar_41,calendar,1,3.3887360440490126,0.6188415559509873,7,14466.208132147038
calendar_42,calendar,1,3.38585141551648,0.6217261844835187,7,14457.55424654944
calendar_43,calendar,1,3.305899442622479,0.7016781573775217,7,14217.698327867436
calendar_40,calendar,2,3.3354384386312965,0.6721391613687042,7,23373.41781860575
calendar_41,calendar,2,3.3461849495907257,0.6613926504092754,7,23804.762980919215
calendar_42,calendar,2,3.270468364368402,0.7371092356315977,7,23568.959339654648
calendar_43,calendar,2,3.3252930411173276,0.6822845588826735,7,23493.57745121942
calendar_40,calendar,3,3.288601523425608,0.7189760765743906,7,32539.222388882576
calendar_41,calendar,3,3.3404933180290524,0.667084281970947,7,33126.242935006376
calendar_42,calendar,3,3.281091364321782,0.7264862356782168,7,32712.233432619993
calendar_43,calendar,3,3.330200479282494,0.6773771207175068,7,32784.1788890669
calendar_44,calendar,1,3.2990824948712327,0.7084951051287677,7,14197.247484613697
calendar_45,calendar,1,3.2249193045755193,0.7826582954244815,7,13974.757913726558
calendar_46,calendar,1,3.292253285774365,0.7153243142256366,7,14176.759857323095
calendar_47,calendar,1,3.3214623989444583,0.6861152010555408,7,14264.387196833375
calendar_44,calendar,2,3.35561865262626,0.6519589473737405,7,23564.103442492476
calendar_45,calendar,2,3.3462515197861973,0.6613260802138019,7,23313.51247308515
calendar_46,calendar,2,3.360088600274078,0.6474889997259221,7,23557.02565814533
calendar_47,calendar,2,3.337889574167051,0.6696880258329477,7,23578.055919334525
calendar_44,calendar,3,3.32163308584598,0.685944514154021,7,32829.00270003042
calendar_45,calendar,3,3.4053785657943383,0.602199034205661,7,32829.648170468165
calendar_46,calendar,3,3.3663271719429195,0.6412504280570801,7,32956.00717397409
calendar_47,calendar,3,3.3360752597249514,0.6715023402750504,7,32886.28169850938
calendar_48,calendar,1,3.316600121593178,0.6909774784068229,7,14249.800364779534
calendar_49,calendar,1,3.187801268778524,0.819776331221478,7,13863.403806335573
calendar_50,calendar,1,3.345274269983343,0.6623033300166574,7,14335.822809950028
calendar_51,calendar,1,3.3859029035404085,0.6216746964595925,7,14457.708710621226
calendar_48,calendar,2,3.350297821939681,0.6572797780603193,7,23600.693830598575
calendar_49,calendar,2,3.273073965028329,0.7345036349716717,7,22982.625701420562
calendar_50,calendar,2,3.277484327782521,0.7300932722174776,7,23468.27579329759
calendar_51,calendar,2,3.2861961192651337,0.7213814807348679,7,23616.29706841663
calendar_48,calendar,3,3.269166289148229,0.7384113108517723,7,32708.19269804326
calendar_49,calendar,3,3.2282293749586053,0.7793482250413947,7,31967.313826296377
calendar_50,calendar,3,3.367679217333023,0.6398983826669777,7,32871.31344529666
calendar_51,calendar,3,3.314077601607878,0.6934999983921213,7,32858.52987324026
calendar_52,calendar,1,3.349697714380895,0.6578798856191055,7,14349.093143142685
calendar_53,calendar,1,3.351736794447932,0.6558408055520671,7,14355.210383343796
calendar_54,calendar,1,3.28093871492903,0.7266388850709717,7,14142.81614478709
calendar_55,calendar,1,3.3673241749879828,0.6402534250120161,7,14401.972524963949
calendar_52,calendar,2,3.244303640288713,0.7632739597112855,7,23382.004064008826
calendar_53,calendar,2,3.360243457200677,0.6473341427993222,7,23735.940754945826
calendar_54,calendar,2,3.357929600164776,0.6496479998352257,7,23516.60494528142
calendar_55,calendar,2,3.3627050461070738,0.6448725538929265,7,23790.087663285172
calendar_52,calendar,3,3.2068050143485642,0.8007725856514353,7,32302.41910705452
calendar_53,calendar,3,3.3021707345226288,0.7054068654773715,7,32942.45295851371
calendar_54,calendar,3,3.358904888042764,0.6486727119572353,7,32893.31960940971
calendar_55,calendar,3,3.403565785777902,0.6040118142220972,7,33300.785020618874
calendar_56,calendar,1,3.3477382642932416,0.6598393357067589,7,14343.214792879724
calendar_57,calendar,1,3.191457451132375,0.816120148867626,7,13874.372353397124
calendar_58,calendar,1,3.2125319169257676,0.795045683074233,7,13937.595750777302
calendar_59,calendar,1,3.3088117199989457,0.6987658800010543,7,14226.435159996838
calendar_56,calendar,2,3.2770326754782246,0.7305449245217769,7,23474.3128193144
calendar_57,calendar,2,3.336765471399341,0.6708121286006599,7,23184.668767595147
calendar_58,calendar,2,3.3275984491321475,0.6799791508678534,7,23220.391098173743
calendar_59,calendar,2,3.2814220867128343,0.7261555132871665,7,23370.70142013534
calendar_56,calendar,3,3.2465434336360075,0.7610341663639925,7,32513.943120222422
calendar_57,calendar,3,3.2740568750067514,0.7335207249932489,7,32306.839392615402
calendar_58,calendar,3,3.358224220248204,0.6493533797517951,7,32595.063758918353
calendar_59,calendar,3,3.2855417404133944,0.7220358595866059,7,32527.326641375526
calendar_60,calendar,1,3.2893727578665306,0.7182048421334689,7,14168.118273599592
calendar_61,calendar,1,3.3449094084104734,0.6626681915895273,7,14334.72822523142
calendar_62,calendar,1,3.313418487227025,0.6941591127729747,7,14240.255461681074
calendar_63,calendar,1,3.2957085549604392,0.7118690450395616,7,14187.125664881318
calendar_60,calendar,2,3.321402571229145,0.6861750287708547,7,23432.325987287026
calendar_61,calendar,2,3.416847157697322,0.5907304423026786,7,23885.269698323384
calendar_62,calendar,2,3.2639662870813453,0.7436113129186555,7,23332.15432292511
calendar_63,calendar,2,3.2766493536593235,0.730928246340677,7,23317.07372585929
calendar_60,calendar,3,3.2352161057219395,0.7723614942780597,7,32437.974304452844
calendar_61,calendar,3,3.307283945760076,0.7002936542399251,7,33107.12153560361
calendar_62,calendar,3,3.2269072600372186,0.7806703399627806,7,32312.876103036768
calendar_63,calendar,3,3.320199982960272,0.687377617039729,7,32577.673674740105
calendar_64,calendar,1,3.3443339940997565,0.6632436059002427,7,14333.001982299269
calendar_65,calendar,1,3.21790536496103,0.7896722350389708,7,13953.71609488309
calendar_66,calendar,1,3.296810888657333,0.710766711342666,7,14190.432665971999
calendar_67,calendar,1,3.3562536553805833,0.651323944619416,7,14368.76096614175
calendar_64,calendar,2,3.4412606755722828,0.5663169244277155,7,23956.78400901612
calendar_65,calendar,2,3.307212256112793,0.7003653438872072,7,23175.35286322147
calendar_66,calendar,2,3.242176915452633,0.7654006845473685,7,23216.963412329897
calendar_67,calendar,2,3.4144963827251535,0.5930812172748471,7,23912.250114317212
calendar_64,calendar,3,3.288011544831968,0.7195660551680325,7,33120.81864351202
calendar_65,calendar,3,3.335536605866831,0.6720409941331668,7,32481.962680821962
calendar_66,calendar,3,3.3140927251589503,0.6934848748410509,7,32459.241587806748
calendar_67,calendar,3,3.3393044032881902,0.6682731967118093,7,33230.16332418178
calendar_68,calendar,1,3.2959200872251917,0.7116575127748078,7,14187.760261675576
calendar_69,calendar,1,3.3147377008672296,0.6928398991327704,7,14244.213102601689
calendar_70,calendar,1,3.439872391385037,0.5677052086149634,7,14619.617174155112
calendar_71,calendar,1,3.355267064739029,0.652310535260971,7,14365.801194217087
calendar_68,calendar,2,3.28698637948905,0.7205912205109487,7,23348.719400142727
calendar_69,calendar,2,3.277396515111272,0.7301810848887271,7,23376.4026479355
calendar_70,calendar,2,3.357207959333938,0.6503696406660628,7,23991.241052156925
calendar_71,calendar,2,3.3375714071984577,0.6700061928015412,7,23678.51541581246
calendar_68,calendar,3,3.354601903249031,0.6529756967509707,7,32712.52510988982
calendar_69,calendar,3,3.2632446722805817,0.7443329277194191,7,32466.136664777245
calendar_70,calendar,3,3.331103841749203,0.6764737582507975,7,33284.55257740454
calendar_71,calendar,3,3.3444489687630155,0.6631286312369846,7,33011.86232210151
calendar_72,calendar,1,3.291579609472506,0.7159979905274949,7,14174.738828417518
calendar_73,calendar,1,3.3199657426403633,0.6876118573596378,7,14259.89722792109
calendar_74,calendar,1,3.374371701064734,0.633205898935266,7,14423.1151031942
calendar_75,calendar,1,3.369189230448221,0.6383883695517806,7,14407.567691344662
calendar_72,calendar,2,3.2627761949842085,0.7448014050157916,7,23263.067413370143
calendar_73,calendar,2,3.311183290251612,0.6963943097483878,7,23493.447098675926
calendar_74,calendar,2,3.3773786302058073,0.6301989697941925,7,23855.250993811624
calendar_75,calendar,2,3.279485423847488,0.72809217615251,7,23546.023962887128
calendar_72,calendar,3,3.2574538590276445,0.7501237409723547,7,32335.428990453074
calendar_73,calendar,3,3.2614837636317784,0.7460938363682214,7,32577.89838957126
calendar_74,calendar,3,3.326564648994971,0.6810129510050278,7,33134.94494079654
calendar_75,calendar,3,3.351036441756164,0.656541158243836,7,32899.13328815562
calendar_76,calendar,1,3.3467730761807726,0.6608045238192279,7,14340.319228542317
calendar_77,calendar,1,3.3722573536721043,0.6353202463278961,7,14416.772061016312
calendar_78,calendar,1,3.3738354117065406,0.6337421882934605,7,14421.506235119621
calendar_79,calendar,1,3.286790781635624,0.7207868183643747,7,14160.372344906873
calendar_76,calendar,2,3.313532908548599,0.6940446914514008,7,23580.917954188117
calendar_77,calendar,2,3.443560907574892,0.564016692425108,7,24047.45478374099
calendar_78,calendar,2,3.36710383513005,0.6404737648699511,7,23822.817740509774
calendar_79,calendar,2,3.3004715070746444,0.7071060929253554,7,23361.786866130806
calendar_76,calendar,3,3.3068302589513023,0.7007473410486974,7,32801.40873104202
calendar_77,calendar,3,3.2730256188797946,0.7345519811202047,7,33166.53164038037
calendar_78,calendar,3,3.299093201738182,0.7084843982618179,7,33020.09734572432
calendar_79,calendar,3,3.3120278956463878,0.6955497043536125,7,32597.87055306997
calendar_80,calendar,1,3.0439295751585504,0.9636480248414496,5,13631.788725475652
calendar_81,calendar,1,3.073830218590175,0.9337473814098255,5,13721.490655770525
calendar_82,calendar,1,3.084269333163756,0.9233082668362437,5,13752.807999491268
calendar_83,calendar,1,3.1638634805183807,0.8437141194816202,5,13991.590441555141
calendar_80,calendar,2,3.0130755290977853,0.994502070902215,5,22171.015312769006
calendar_81,calendar,2,3.0243737972857194,0.983203802714282,5,22294.612047627685
calendar_82,calendar,2,2.9658877096562186,1.0416898903437823,5,22150.471128459925
calendar_83,calendar,2,3.041940248106436,0.9656373518935643,5,22617.41118587445
calendar_80,calendar,3,3.0305201144601615,0.9770574855398391,5,30762.575656149493
calendar_81,calendar,3,3.039186354356012,0.9683912456439876,5,30912.171110695723
calendar_82,calendar,3,3.079915563381814,0.9276620366181877,5,30890.217818605364
calendar_83,calendar,3,2.9292885097936607,1.0782890902063405,5,30905.276715255433
calendar_84,calendar,1,3.0756871195928217,0.9318904804071778,5,13727.061358778465
calendar_85,calendar,1,3.070971476952499,0.9366061230475018,5,13712.914430857496
calendar_86,calendar,1,2.9438724825391898,1.0637051174608103,5,13331.61744761757
calendar_87,calendar,1,3.142206482037405,0.8653711179625957,5,13926.619446112214
calendar_84,calendar,2,3.0109001704506335,0.9966774295493669,5,22259.761870130365
calendar_85,calendar,2,2.9224592664382265,1.085118333561774,5,21980.292230172177
calendar_86,calendar,2,3.0760145894570434,0.9315630105429565,5,22059.6612159887
calendar_87,calendar,2,2.994823468956468,1.0127541310435324,5,22411.08985298162
calendar_84,calendar,3,2.87475334730842,1.1328242526915804,5,30384.021912055625
calendar_85,calendar,3,2.967922458387,1.0396551416130009,5,30384.059605333176
calendar_86,calendar,3,3.0776290841857765,0.9299485158142236,5,30792.548468546032
calendar_87,calendar,3,3.0087713204351836,0.9988062795648166,5,30937.40381428717
calendar_88,calendar,1,3.0614984972285377,0.946079102771462,5,13684.495491685613
calendar_89,calendar,1,3.0398524353920475,0.9677251646079528,5,13619.557306176142
calendar_90,calendar,1,3.1133214618396394,0.8942561381603621,5,13839.964385518919
calendar_91,calendar,1,3.0889959596687344,0.9185816403312661,5,13766.987879006203
calendar_88,calendar,2,3.0730209220847575,0.9345566779152439,5,22403.558257939883
calendar_89,calendar,2,3.016618616715823,0.9909589832841766,5,22169.41315632361
calendar_90,calendar,2,3.093252930636511,0.9143246693634894,5,22619.723177428452
calendar_91,calendar,2,3.009742378263328,0.9978352217366729,5,22296.215013796187
calendar_88,calendar,3,3.0635431007024185,0.9440344992975805,5,31094.18756004714
calendar_89,calendar,3,3.0779840240526455,0.9295935759473551,5,30903.365228481547
calendar_90,calendar,3,2.959987459412843,1.0475901405871575,5,30999.68555566698
calendar_91,calendar,3,3.0423803905364726,0.9651972094635273,5,30923.356185405602
calendar_92,calendar,1,2.9833835561940663,1.0241940438059345,5,13450.150668582199
calendar_93,calendar,1,3.0839584069527066,0.9236191930472932,5,13751.875220858119
calendar_94,calendar,1,2.9882366198232626,1.0193409801767377,5,13464.709859469787
calendar_95,calendar,1,2.918227674799735,1.0893499252002654,5,13254.683024399204
calendar_92,calendar,2,3.17103670315987,0.8365408968401316,5,22463.26077806181
calendar_93,calendar,2,3.0073556852309538,1.0002219147690448,5,22273.94227655098
calendar_94,calendar,2,3.184905057808099,0.8226725421919021,5,22519.425032894083
calendar_95,calendar,2,3.0173138719371235,0.9902637280628761,5,21806.624640210575
calendar_92,calendar,3,3.021571475377231,0.9860061246227685,5,31027.975204193503
calendar_93,calendar,3,2.9248903293057107,1.08268727069429,5,30548.613264468113
calendar_94,calendar,3,3.0774154610344797,0.9301621389655219,5,31251.671415997524
calendar_95,calendar,3,2.9303572226763976,1.077220377323603,5,30097.69630823977
calendar_96,calendar,1,3.121542476073713,0.8860351239262877,5,13864.62742822114
calendar_97,calendar,1,2.9620030079279616,1.0455745920720372,5,13386.009023783885
calendar_98,calendar,1,2.968079685764877,1.0394979142351237,5,13404.23905729463
calendar_99,calendar,1,2.9770405135642255,1.0305370864357746,5,13431.121540692677
calendar_96,calendar,2,2.9404320551678613,1.0671455448321387,5,22185.92359372472
calendar_97,calendar,2,3.058255788063103,0.9493218119368974,5,22060.776387973194
calendar_98,calendar,2,2.8986429612317943,1.1089346387682057,5,21600.167940990013
calendar_99,calendar,2,3.0379839822091426,0.9695936177908587,5,22045.073487320104
calendar_96,calendar,3,2.951822053287832,1.0557555467121684,5,30541.389753588217
calendar_97,calendar,3,2.957075293409318,1.0505023065906824,5,30432.002268201148
calendar_98,calendar,3,3.0231777377277593,0.9843998622722411,5,30169.701154173294
calendar_99,calendar,3,2.9786959459591458,1.0288816540408552,5,30481.161325197543
calendar_100,calendar,1,2.9580426538667832,1.0495349461332173,5,13374.12796160035
calendar_101,calendar,1,2.9965298833451004,1.0110477166549001,5,13489.589650035301
calendar_102,calendar,1,2.9333747380090114,1.0742028619909902,5,13300.124214027033
calendar_103,calendar,1,3.0980110933389593,0.9095665066610397,5,13794.033280016878
calendar_100,calendar,2,3.2022209438173754,0.8053566561826245,5,22480.790793052474
calendar_101,calendar,2,2.9299186450200354,1.0776589549799653,5,21779.345585095405
calendar_102,calendar,2,3.007571828112808,1.0000057718871929,5,21822.83969836546
calendar_103,calendar,2,3.0215473585038244,0.9860302414961768,5,22358.67535552835
calendar_100,calendar,3,3.042521743614543,0.9650558563854589,5,31108.356023896104
calendar_101,calendar,3,2.9889942400352814,1.0185833599647196,5,30246.32830520125
calendar_102,calendar,3,2.8903065930308496,1.1172710069691503,5,29993.759477458007
calendar_103,calendar,3,2.91225378060601,1.0953238193939898,5,30595.43669734638
calendar_104,calendar,1,2.9891059961441657,1.0184716038558355,5,13467.317988432496
calendar_105,calendar,1,3.0435106858816523,0.9640669141183478,5,13630.532057644958
calendar_106,calendar,1,2.984094859342645,1.0234827406573563,5,13452.284578027935
calendar_107,calendar,1,3.0278493381737186,0.9797282618262816,5,13583.548014521155
calendar_104,calendar,2,3.018077080894412,0.9895005191055881,5,22021.549231115732
calendar_105,calendar,2,3.1000535914751253,0.9075240085248747,5,22430.692832070334
calendar_106,calendar,2,3.0091668507252893,0.9984107492747114,5,21979.785130203803
calendar_107,calendar,2,3.0284250502289742,0.9791525497710253,5,22168.82316520808
calendar_104,calendar,3,3.0214002841406633,0.9861773158593383,5,30585.75008353772
calendar_105,calendar,3,3.0332325970899867,0.9743450029100121,5,31030.390623340296
calendar_106,calendar,3,3.030144736401731,0.9774328635982694,5,30570.219339409
calendar_107,calendar,3,2.959445791393796,1.0481318086062035,5,30547.160539389468
calendar_108,calendar,1,3.0068259451061774,1.0007516548938218,5,13520.477835318532
calendar_109,calendar,1,2.97242761347332,1.0351499865266809,5,13417.282840419959
calendar_110,calendar,1,3.0102797770148007,0.9972978229852004,5,13530.839331044403
calendar_111,calendar,1,2.972113428363027,1.0354641716369724,5,13416.340285089082
calendar_108,calendar,2,3.033069098641889,0.9745085013581098,5,22119.6851312442
calendar_109,calendar,2,3.025168259657807,0.9824093403421923,5,21992.78761939338
calendar_110,calendar,2,3.0074771995584184,1.0001004004415823,5,22053.270929719656
calendar_111,calendar,2,3.0386418204063506,0.9689357795936492,5,22032.265746308134
calendar_108,calendar,3,2.9497134120554005,1.0578641879446,5,30468.825367410405
calendar_109,calendar,3,3.104587236592158,0.9029903634078419,5,30806.549329169855
calendar_110,calendar,3,2.963976296195954,1.0436013038040464,5,30445.19981830752
calendar_111,calendar,3,2.9549860883061694,1.0525915116938311,5,30397.224011226645
calendar_112,calendar,1,2.964439178826408,1.0431384211735923,5,13393.317536479224
calendar_113,calendar,1,2.996796633954026,1.0107809660459741,5,13490.389901862078
calendar_114,calendar,1,3.080324441686962,0.9272531583130367,5,13740.973325060886
calendar_115,calendar,1,3.079609551147395,0.9279680488526065,5,13738.828653442184
calendar_112,calendar,2,3.0735239085835304,0.9340536914164685,5,22113.889262229815
calendar_113,calendar,2,3.152999741953093,0.854577858046906,5,22449.389127721355
calendar_114,calendar,2,3.08770833914836,0.9198692608516394,5,22504.098342505968
calendar_115,calendar,2,2.994620626429216,1.012956973570784,5,22222.69053272983
calendar_112,calendar,3,3.103500392520448,0.9040772074795526,5,30924.39043979116
calendar_113,calendar,3,2.971868217544456,1.0357093824555426,5,30864.993780354722
calendar_114,calendar,3,3.0079674966200787,0.9996101033799198,5,31028.000832366204
calendar_115,calendar,3,2.982466698285959,1.0251109017140416,5,30670.090627587706
calendar_116,calendar,1,3.057318242873962,0.9502593571260373,5,13671.954728621886
calendar_117,calendar,1,3.0759733035139236,0.9316042964860773,5,13727.91991054177
calendar_118,calendar,1,3.0309884774514844,0.9765891225485175,5,13592.965432354453
calendar_119,calendar,1,2.9677701907218204,1.039807409278179,5,13403.310572165461
calendar_116,calendar,2,2.979760438326328,1.0278171616736704,5,22111.236043600868
calendar_117,calendar,2,3.0627963455451734,0.9447812544548267,5,22416.30894717729
calendar_118,calendar,2,3.047321185229381,0.960256414770619,5,22234.928988042593
calendar_119,calendar,2,3.0240945321369983,0.9834830678630023,5,21975.594168576456
calendar_116,calendar,3,2.8836115833836256,1.1239660166163747,5,30262.070793751744
calendar_117,calendar,3,3.019424655155593,0.9881529448444073,5,30974.582912644073
calendar_118,calendar,3,3.099873148326716,0.9077044516732845,5,31034.54843302274
calendar_119,calendar,3,3.0463949469566467,0.9611826530433518,5,30614.779009446396
calendar_120,calendar,1,2.495940122700941,1.5116374772990602,3,12187.820368102823
calendar_121,calendar,1,2.7537135424989128,1.2538640575010875,3,12961.140627496738
calendar_122,calendar,1,2.670280633163691,1.3372969668363097,3,12710.841899491072
calendar_123,calendar,1,2.5286918380259595,1.4788857619740428,3,12286.075514077878
calendar_120,calendar,2,2.585420203001929,1.4221573969980714,3,19644.08097710861
calendar_121,calendar,2,2.637339565503975,1.3702380344960252,3,20573.159324008662
calendar_122,calendar,2,2.708723141793477,1.298854458206523,3,20537.011324871502
calendar_123,calendar,2,2.7544326414802227,1.253144958519778,3,20249.373438518545
calendar_120,calendar,3,2.5764557609190724,1.4311218390809297,3,27073.44825986583
calendar_121,calendar,3,2.563019844634435,1.4445577553655662,3,27962.21885791197
calendar_122,calendar,3,2.617053417688216,1.3905241823117858,3,28088.17157793615
calendar_123,calendar,3,2.585735923464111,1.4218416765358908,3,27706.58120891088
calendar_124,calendar,1,2.565753320579732,1.441824279420269,3,12397.259961739197
calendar_125,calendar,1,2.6155831579638895,1.3919944420361106,3,12546.749473891668
calendar_126,calendar,1,2.6227145937572662,1.384863006242735,3,12568.1437812718
calendar_127,calendar,1,2.561199881932048,1.4463777180679531,3,12383.599645796145
calendar_124,calendar,2,2.749472897565354,1.2581047024346468,3,20345.678654435258
calendar_125,calendar,2,2.692415842963566,1.3151617570364338,3,20323.997002782366
calendar_126,calendar,2,2.6189549630514994,1.3886226369485015,3,20125.008670426298
calendar_127,calendar,2,2.632707722734511,1.3748698772654906,3,19981.722813999677
calendar_124,calendar,3,2.661021194710894,1.3465564052891057,3,28028.74223856794
calendar_125,calendar,3,2.584833044316427,1.4227445556835745,3,27778.496135731646
calendar_126,calendar,3,2.7386063845968436,1.2689712154031576,3,28040.82782421683
calendar_127,calendar,3,2.6089400782575685,1.3986375217424327,3,27508.543048772382
calendar_128,calendar,1,2.868863606454832,1.1387139935451676,3,13306.590819364495
calendar_129,calendar,1,2.6349697147366595,1.3726078852633392,3,12604.909144209978
calendar_130,calendar,1,2.68422656915823,1.3233510308417706,3,12752.67970747469
calendar_131,calendar,1,2.753735355540016,1.2538422444599837,3,12961.206066620049
calendar_128,calendar,2,2.626357063252824,1.3812205367471757,3,20885.662009122967
calendar_129,calendar,2,2.6148541524854174,1.3927234475145844,3,20149.47160166623
calendar_130,calendar,2,2.732503215761615,1.2750743842383852,3,20650.189354759535
calendar_131,calendar,2,2.5612810166323983,1.4462965833676034,3,20345.049116517243
calendar_128,calendar,3,2.585062472505425,1.4225151274945755,3,28340.849426639244
calendar_129,calendar,3,2.538604196604883,1.4689734033951183,3,27465.28419148088
calendar_130,calendar,3,2.665407254770776,1.3421703452292255,3,28346.411119071865
calendar_131,calendar,3,2.6700726504425103,1.3375049495574904,3,28055.267067844772
calendar_132,calendar,1,2.5555395638399667,1.452038036160035,3,12366.6186915199
calendar_133,calendar,1,2.6179554271728325,1.389622172827169,3,12553.866281518498
calendar_134,calendar,1,2.7276449606972215,1.2799326393027792,3,12882.934882091664
calendar_135,calendar,1,2.595949885994821,1.4116277140051796,3,12487.849657984463
calendar_132,calendar,2,2.641966948877597,1.3656106511224033,3,19992.51953815269
calendar_133,calendar,2,2.5704688008904246,1.4371087991095766,3,19965.27268418977
calendar_134,calendar,2,2.55665195570545,1.4509256442945528,3,20252.890749208014
calendar_135,calendar,2,2.667622400556319,1.3399551994436811,3,20190.71685965342
calendar_132,calendar,3,2.7277586426643916,1.2798189573356091,3,27875.795466145864
calendar_133,calendar,3,2.756967953718575,1.2506096462814247,3,27936.176545345497
calendar_134,calendar,3,2.7927261668133916,1.2148514331866072,3,28331.06924964819
calendar_135,calendar,3,2.583826280467918,1.4237513195320823,3,27642.195701057175
calendar_136,calendar,1,2.6658478563459873,1.3417297436540128,3,12697.543569037962
calendar_137,calendar,1,2.586113692928318,1.4214639070716828,3,12458.341078784953
calendar_138,calendar,1,2.721086078918406,1.2864915210815926,3,12863.258236755219
calendar_139,calendar,1,2.5415793445038064,1.4659982554961948,3,12324.73803351142
calendar_136,calendar,2,2.5931146456700414,1.4144629543299596,3,20176.887506048086
calendar_137,calendar,2,2.5236320710637394,1.4839455289362615,3,19729.237291976173
calendar_138,calendar,2,2.633096374258698,1.3744812257413028,3,20462.547359531312
calendar_139,calendar,2,2.835012050358868,1.172565549641132,3,20529.774184588023
calendar_136,calendar,3,2.583381363017776,1.424196236982224,3,27627.031595101413
calendar_137,calendar,3,2.5450216307065925,1.4625559692934085,3,27064.302184095948
calendar_138,calendar,3,2.544858893234733,1.4627187067652678,3,27797.12403923551
calendar_139,calendar,3,2.5977226415136436,1.4098549584863564,3,28022.942109128955
calendar_140,calendar,1,2.616532861611556,1.3910447383884441,3,12549.598584834668
calendar_141,calendar,1,2.625398828774006,1.382178771225995,3,12576.196486322018
calendar_142,calendar,1,2.490426737239489,1.5171508627605121,3,12171.280211718466
calendar_143,calendar,1,2.6142511270784996,1.3933264729215007,3,12542.7533812355
calendar_140,calendar,2,2.6921998906501243,1.3153777093498757,3,20326.198256785043
calendar_141,calendar,2,2.565495510348988,1.4420820896510134,3,19972.68301736898
calendar_142,calendar,2,2.6418925898496974,1.3656850101503029,3,19796.95798126756
calendar_143,calendar,2,2.574628083516282,1.4329495164837198,3,19966.637631784346
calendar_140,calendar,3,2.557861872464385,1.4497157275356156,3,27699.783874178196
calendar_141,calendar,3,2.680504855230994,1.3270727447690058,3,27714.197583061963
calendar_142,calendar,3,2.6169803183164535,1.3905972816835475,3,27347.89893621692
calendar_143,calendar,3,2.515408602779026,1.492168997220976,3,27212.863440121422
calendar_144,calendar,1,2.473955315602298,1.5336222843977028,3,12121.865946806894
calendar_145,calendar,1,2.635553469437344,1.3720241305626584,3,12606.660408312033
calendar_146,calendar,1,2.5770179765462844,1.4305596234537172,3,12431.053929638852
calendar_147,calendar,1,2.6783486854365584,1.3292289145634417,3,12735.046056309675
calendar_144,calendar,2,2.6787767778864344,1.328800822113566,3,19858.196280466196
calendar_145,calendar,2,2.599270675002328,1.4083069249976727,3,20104.472433319017
calendar_146,calendar,2,2.4675850822933745,1.5399925177066272,3,19533.809176518975
calendar_147,calendar,2,2.62461609629599,1.3829615037040126,3,20308.894345197645
calendar_144,calendar,3,2.561137718266954,1.4464398817330477,3,27241.60943526706
calendar_145,calendar,3,2.599770409674093,1.4078071903259084,3,27603.783662341295
calendar_146,calendar,3,2.5786195215438767,1.4289580784561253,3,26969.667741150606
calendar_147,calendar,3,2.5861927928673696,1.4213848071326312,3,27767.472723799754
calendar_148,calendar,1,2.6413221430935843,1.3662554569064171,3,12623.966429280754
calendar_149,calendar,1,2.664756416538714,1.3428211834612864,3,12694.269249616142
calendar_150,calendar,1,2.5607906038262076,1.446786996173792,3,12382.371811478622
calendar_151,calendar,1,2.6623664882667963,1.3452111117332046,3,12687.099464800389
calendar_148,calendar,2,2.5953759873369044,1.4122016126630959,3,20110.094391291466
calendar_149,calendar,2,2.6399596626107895,1.3676179373892114,3,20314.14823744851
calendar_150,calendar,2,2.657534768958474,1.3500428310415273,3,20054.976118354043
calendar_151,calendar,2,2.63792832922546,1.3696492707745416,3,20300.88445247677
calendar_148,calendar,3,2.635770075671429,1.3718075243285717,3,27717.404618305754
calendar_149,calendar,3,2.557196168759061,1.4503814312409409,3,27685.736743725694
calendar_150,calendar,3,2.8501516503475197,1.1574259496524804,3,28305.431069396604
calendar_151,calendar,3,2.6847949524476933,1.3227826475523066,3,28055.26930981985
calendar_152,calendar,1,2.6508591171404157,1.3567184828595853,3,12652.577351421247
calendar_153,calendar,1,2.5499136686808046,1.4576639313191964,3,12349.741006042414
calendar_154,calendar,1,2.6355407559382864,1.3720368440617141,3,12606.622267814859
calendar_155,calendar,1,2.5761659728103514,1.4314116271896495,3,12428.497918431054
calendar_152,calendar,2,2.5835273850367035,1.4240502149632972,3,20103.15950653136
calendar_153,calendar,2,2.7181629788679853,1.2894146211320154,3,20204.22994264637
calendar_154,calendar,2,2.5465121435619684,1.461065456438033,3,19946.158698500763
calendar_155,calendar,2,2.709414507387634,1.2981630926123662,3,20256.741440593956
calendar_152,calendar,3,2.605033877251006,1.4025437227489954,3,27618.26113828438
calendar_153,calendar,3,2.6076998693540596,1.3998777306459411,3,27727.32955070855
calendar_154,calendar,3,2.5622287836353146,1.4453488163646873,3,27332.845049406707
calendar_155,calendar,3,2.5756517573867557,1.4319258426132453,3,27683.696712754223
calendar_156,calendar,1,2.6140415046691436,1.3935360953308575,3,12542.124514007432
calendar_157,calendar,1,2.7510535958947675,1.2565240041052326,3,12953.160787684303
calendar_158,calendar,1,2.485869434654463,1.5217081653455384,3,12157.608303963389
calendar_159,calendar,1,2.5831966748986157,1.4243809251013868,3,12449.590024695848
calendar_156,calendar,2,2.6587141224870603,1.3488634775129407,3,20218.26688146861
calendar_157,calendar,2,2.6960127278281996,1.3115648721718005,3,20741.198971168902
calendar_158,calendar,2,2.596130673818297,1.411446926181703,3,19646.00032541828
calendar_159,calendar,2,2.749413682678162,1.258163917321839,3,20397.831072730332
calendar_156,calendar,3,2.668214376186595,1.3393632238134054,3,27922.910010028398
calendar_157,calendar,3,2.5192331084981374,1.488344491501864,3,27998.898296663312
calendar_158,calendar,3,2.4957663482502186,1.5118112517497821,3,26833.299370168937
calendar_159,calendar,3,2.6199091553729623,1.3876684446270378,3,27957.558538849218
calendar_160,calendar,1,2.5926909228093318,1.414886677190668,2,12578.072768427995
calendar_161,calendar,1,2.4497579728820114,1.55781962711799,2,12149.273918646035
calendar_162,calendar,1,2.4160237417142727,1.5915538582857278,2,12048.07122514282
calendar_163,calendar,1,2.5527000287854236,1.4548775712145774,2,12458.10008635627
calendar_160,calendar,2,2.4668756208950913,1.5407019791049097,2,19778.699631113268
calendar_161,calendar,2,2.3982723537778163,1.609305246222184,2,19144.090979979483
calendar_162,calendar,2,2.443282427998322,1.5642951720016782,2,19177.918509137788
calendar_163,calendar,2,2.392918243478149,1.614659356521852,2,19436.854816790717
calendar_160,calendar,3,2.466490681190877,1.5410869188091239,2,26978.1716746859
calendar_161,calendar,3,2.4201327718332455,1.5874448281667548,2,26204.48929547922
calendar_162,calendar,3,2.5476477857712703,1.4599298142287298,2,26620.8618664516
calendar_163,calendar,3,2.4344638729174055,1.5731137270825946,2,26540.246435542933
calendar_164,calendar,1,2.473638222413037,1.5339393775869639,2,12220.91466723911
calendar_165,calendar,1,2.5410690310896036,1.4665085689103965,2,12423.207093268811
calendar_166,calendar,1,2.5412741560694854,1.4663034439305156,2,12423.822468208456
calendar_167,calendar,1,2.3757767096765527,1.6318008903234487,2,11927.330129029659
calendar_164,calendar,2,2.500126782419738,1.5074508175802626,2,19521.295014498326
calendar_165,calendar,2,2.4446878403457823,1.5628897596542184,2,19557.27061430616
calendar_166,calendar,2,2.502512548215955,1.5050650517840454,2,19731.360112856324
calendar_167,calendar,2,2.382352459149321,1.6252251408506806,2,18874.387506477622
calendar_164,calendar,3,2.471501980487386,1.5360756195126146,2,26735.800955960483
calendar_165,calendar,3,2.450218564398054,1.5573590356019467,2,26707.926307500322
calendar_166,calendar,3,2.559529625192559,1.4480479748074422,2,27209.948988434
calendar_167,calendar,3,2.472512703010146,1.535064896989855,2,26091.92561550806
calendar_168,calendar,1,2.3932631420813872,1.6143144579186135,2,11979.789426244162
calendar_169,calendar,1,2.540729742497573,1.466847857502427,2,12422.18922749272
calendar_170,calendar,1,2.448684153722395,1.558893446277606,2,12146.052461167184
calendar_171,calendar,1,2.4942920107882145,1.5132855892117854,2,12282.876032364644
calendar_168,calendar,2,2.596141314917644,1.4114362850823567,2,19568.213370997095
calendar_169,calendar,2,2.5455406522053194,1.462036947794681,2,19858.81118410868
calendar_170,calendar,2,2.4444214298573095,1.5631561701426913,2,19279.31675073911
calendar_171,calendar,2,2.4310721211088926,1.5765054788911081,2,19376.09239569132
calendar_168,calendar,3,2.477631593234763,1.529946006765238,2,26801.108150701384
calendar_169,calendar,3,2.627165093462513,1.3804125065374881,2,27540.306464496218
calendar_170,calendar,3,2.433698512318425,1.5738790876815762,2,26380.412287694387
calendar_171,calendar,3,2.511297707270568,1.4962798927294327,2,26709.985517503024
calendar_172,calendar,1,2.45912010202024,1.5484574979797603,2,12177.36030606072
calendar_173,calendar,1,2.4325351365655585,1.5750424634344427,2,12097.605409696676
calendar_174,calendar,1,2.3955392542801173,1.6120383457198835,2,11986.617762840353
calendar_175,calendar,1,2.4081631151197387,1.5994144848802625,2,12024.489345359216
calendar_172,calendar,2,2.4657959125574114,1.5417816874425885,2,19374.748043732954
calendar_173,calendar,2,2.435855936786877,1.5717216632131232,2,19205.17322005731
calendar_174,calendar,2,2.348847574379666,1.658730025620335,2,18833.16048597935
calendar_175,calendar,2,2.506439846712179,1.5011377532878212,2,19343.808885495753
calendar_172,calendar,3,2.44475602172219,1.5628215782778097,2,26509.016108899523
calendar_173,calendar,3,2.4506605518570392,1.5569170481429613,2,26357.15487562843
calendar_174,calendar,3,2.421251090196208,1.5863265098037922,2,25896.913756567978
calendar_175,calendar,3,2.543976822938705,1.4636007770612958,2,26775.739354311867
calendar_176,calendar,1,2.4117955088083836,1.5957820911916176,2,12035.38652642515
calendar_177,calendar,1,2.4524576932179643,1.5551199067820367,2,12157.373079653893
calendar_178,calendar,1,2.4611136539262914,1.5464639460737102,2,12183.340961778875
calendar_179,calendar,1,2.45405218688149,1.5535254131185101,2,12162.156560644471
calendar_176,calendar,2,2.5269778837571617,1.4805997162428384,2,19416.320177696638
calendar_177,calendar,2,2.638582775123317,1.3689948248766828,2,19873.121405023845
calendar_178,calendar,2,2.4574211572617153,1.5501564427382855,2,19355.60443356402
calendar_179,calendar,2,2.457110855928126,1.550466744071875,2,19333.48912842885
calendar_176,calendar,3,2.458107228714879,1.5494703712851217,2,26590.641863841276
calendar_177,calendar,3,2.5643177585741985,1.4432598414258018,2,27366.07468074644
calendar_178,calendar,3,2.568219682289365,1.4393579177106353,2,26860.263480432117
calendar_179,calendar,3,2.528315094922952,1.4792625050770492,2,26718.434413197705
calendar_180,calendar,1,2.483058705264485,1.5245188947355157,2,12249.176115793454
calendar_181,calendar,1,2.454625266943777,1.5529523330562243,2,12163.87580083133
calendar_182,calendar,1,2.446193533975125,1.5613840660248752,2,12138.580601925376
calendar_183,calendar,1,2.551528269037737,1.4560493309622629,2,12454.584807113211
calendar_180,calendar,2,2.440669166300928,1.5669084336990724,2,19371.183614696238
calendar_181,calendar,2,2.3950247720353777,1.6125528279646233,2,19148.950116937463
calendar_182,calendar,2,2.4795093608322394,1.5280682391677616,2,19377.108684422095
calendar_183,calendar,2,2.4140194698210284,1.5935581301789716,2,19496.643216576296
calendar_180,calendar,3,2.4775571783007497,1.5300204216992521,2,26603.855149598487
calendar_181,calendar,3,2.435321341823053,1.5722562581769475,2,26254.914142406622
calendar_182,calendar,3,2.407503891852996,1.6000737081470044,2,26399.620359981083
calendar_183,calendar,3,2.4836679889627313,1.5239096110372694,2,26747.64718346449
calendar_184,calendar,1,2.4608551530288976,1.5467224469711034,2,12182.565459086692
calendar_185,calendar,1,2.4107533150909455,1.5968242849090555,2,12032.259945272835
calendar_186,calendar,1,2.539092822828298,1.468484777171703,2,12417.278468484894
calendar_187,calendar,1,2.4674766492379945,1.540100950762007,2,12202.429947713983
calendar_184,calendar,2,2.4204886430366646,1.5870889569633366,2,19244.031388196687
calendar_185,calendar,2,2.6135019523579053,1.394075647642095,2,19672.765802346552
calendar_186,calendar,2,2.479903038115415,1.5276745618845855,2,19656.987582831138
calendar_187,calendar,2,2.5184385583818667,1.489139041618134,2,19557.745622859584
calendar_184,calendar,3,2.4553703629286447,1.5522072370713556,2,26410.14247698262
calendar_185,calendar,3,2.512444224142769,1.4951333758572312,2,27010.09847477486
calendar_186,calendar,3,2.5055247519099653,1.5020528480900353,2,26973.561838561032
calendar_187,calendar,3,2.4596301971301773,1.5479474028698232,2,26736.636214250117
calendar_188,calendar,1,2.416591575229186,1.5909860247708154,2,12049.77472568756
calendar_189,calendar,1,2.4329056286431823,1.574671971356819,2,12098.716885929547
calendar_190,calendar,1,2.4194596608715195,1.5881179391284814,2,12058.378982614558
calendar_191,calendar,1,2.4653554203893226,1.5422221796106783,2,12196.066261167969
calendar_188,calendar,2,2.364293607823566,1.6432839921764346,2,18942.65554915826
calendar_189,calendar,2,2.48784727896607,1.5197303210339297,2,19362.25872282776
calendar_190,calendar,2,2.5324336437588983,1.4751439562411022,2,19455.679913891254
calendar_191,calendar,2,2.4086509167563963,1.5989266832436047,2,19222.019011437158
calendar_188,calendar,3,2.4417331266064006,1.5658444733936006,2,26067.85492897746
calendar_189,calendar,3,2.463459791849242,1.544117808150759,2,26552.638098375486
calendar_190,calendar,3,2.429619782296681,1.5779578177033202,2,26544.539260781297
calendar_191,calendar,3,2.40352913754658,1.604048462453421,2,26232.606424076897
calendar_192,calendar,1,2.62498813189574,1.3825894681042596,2,12674.96439568722
calendar_193,calendar,1,2.5446953827491714,1.4628822172508296,2,12434.086148247514
calendar_194,calendar,1,2.4934243531622333,1.5141532468377668,2,12280.273059486699
calendar_195,calendar,1,2.4685780669825665,1.5389995330174342,2,12205.7342009477
calendar_192,calendar,2,2.4343765404454802,1.5732010595545207,2,19778.09401702366
calendar_193,calendar,2,2.5100369562212825,1.4975406437787178,2,19764.197016911363
calendar_194,calendar,2,2.4798954295547206,1.52768217044528,2,19519.95934815086
calendar_195,calendar,2,2.5186354823866153,1.488942117613386,2,19561.640648107546
calendar_192,calendar,3,2.56049403585606,1.4470835641439401,2,27259.57612459184
calendar_193,calendar,3,2.530566676607238,1.477010923392762,2,27155.897046733076
calendar_194,calendar,3,2.4727594487628393,1.534818151237161,2,26738.237694439376
calendar_195,calendar,3,2.4637789489554147,1.5437986510445856,2,26752.97749497379
calendar_196,calendar,1,2.49028122243213,1.5172963775678716,2,12270.84366729639
calendar_197,calendar,1,2.5320461711536892,1.4755314288463108,2,12396.138513461068
calendar_198,calendar,1,2.4032953917228093,1.6042822082771917,2,12009.886175168427
calendar_199,calendar,1,2.5048952071471704,1.5026823928528306,2,12314.685621441511
calendar_196,calendar,2,2.4666230889753926,1.5409545110246086,2,19470.712934222567
calendar_197,calendar,2,2.5078978730007124,1.4996797269992883,2,19719.832132463205
calendar_198,calendar,2,2.525956310890342,1.4816212891096587,2,19387.755107839454
calendar_199,calendar,2,2.46022955688986,1.547348043110141,2,19495.37429211109
calendar_196,calendar,3,2.408149316162094,1.599428283837907,2,26495.16088270885
calendar_197,calendar,3,2.459802493724968,1.547775106275032,2,26899.239613638107
calendar_198,calendar,3,2.502811594109437,1.5047660058905639,2,26696.189890167763
calendar_199,calendar,3,2.4829814757778834,1.524596124222117,2,26744.31871944474
calendar_2,calendar,1,3.5250472625304745,0.4825303374695252,10,14575.141787591423
calendar_3,calendar,1,3.5204675804660472,0.48711001953395183,10,14561.402741398142
calendar_0,calendar,1,3.5867160148195074,0.4208615851804916,10,14760.148044458523
calendar_1,calendar,1,3.5085679785005968,0.49900962149940564,10,14525.70393550179
calendar_2,calendar,2,3.4888400837712306,0.5187375162287686,10,24041.662038905117
calendar_3,calendar,2,3.524130684071309,0.483446915928691,10,24133.79479361207
calendar_0,calendar,2,3.5102927165257602,0.4972848834742374,10,24291.026194035803
calendar_1,calendar,2,3.5200391676177816,0.4875384323822171,10,24085.821438355135
calendar_2,calendar,3,3.5032342626316764,0.5043433373683243,10,33551.36482680014
calendar_3,calendar,3,3.466478004601457,0.541099595398543,10,33533.22880741644
calendar_0,calendar,3,3.524682807854617,0.4828947921453835,10,33865.074617599654
calendar_1,calendar,3,3.506422731331544,0.5011548686684555,10,33605.089632349765
calendar_6,calendar,1,3.457959776875698,0.5496178231242999,10,14373.879330627095
calendar_7,calendar,1,3.4976294053432366,0.509948194656763,10,14492.88821602971
calendar_4,calendar,1,3.520251693729971,0.4873259062700287,10,14560.755081189913
calendar_5,calendar,1,3.4961799833839935,0.5113976166160081,10,14488.53995015198
calendar_6,calendar,2,3.525081619780536,0.48249598021946327,10,23949.1241899687
calendar_7,calendar,2,3.5457293846127858,0.46184821538721355,10,24130.076369868068
calendar_4,calendar,2,3.5288831733640165,0.4786944266359835,10,24147.40460128196
calendar_5,calendar,2,3.5101959546266404,0.4973816453733608,10,24019.1278140319
calendar_6,calendar,3,3.536122826660584,0.47145477333941543,10,33557.49266995046
calendar_7,calendar,3,3.615343704229503,0.39223389577049733,10,33976.107482556574
calendar_4,calendar,3,3.546458340664492,0.46111925933550885,10,33786.77962327543
calendar_5,calendar,3,3.5677779965245,0.4397996034755011,10,33722.4618036054
calendar_10,calendar,1,3.497102954030966,0.510474645969032,10,14491.3088620929
calendar_11,calendar,1,3.4790956144668406,0.528481985533159,10,14437.286843400521
calendar_8,calendar,1,3.522365233364001,0.4852123666359994,10,14567.095700092004
calendar_9,calendar,1,3.544802260698263,0.4627753393017362,10,14634.40678209479
calendar_10,calendar,2,3.528582538181829,0.4789950618181723,10,24077.056476638387
calendar_11,calendar,2,3.477399537228996,0.5301780627710047,10,23869.48545508751
calendar_8,calendar,2,3.539567298070202,0.46801030192979787,10,24185.79759430261
calendar_9,calendar,2,3.553376426050314,0.454201173949687,10,24294.53606024573
calendar_10,calendar,3,3.487304320554815,0.5202732794451846,10,33538.96943830283
calendar_11,calendar,3,3.5342334077797055,0.4733441922202957,10,33472.18567842663
calendar_8,calendar,3,3.5155802098368536,0.49199739016314636,10,33732.53822381317
calendar_9,calendar,3,3.5158643803578253,0.4917132196421747,10,33842.12920131921
calendar_14,calendar,1,3.560488005634419,0.4470895943655805,10,14681.464016903257
calendar_15,calendar,1,3.56116169625101,0.446415903748989,10,14683.48508875303
calendar_12,calendar,1,3.506700703631213,0.5008768963687865,10,14520.102110893638
calendar_13,calendar,1,3.496104339325248,0.5114732606747503,10,14488.313017975743
calendar_14,calendar,2,3.5684041729931217,0.4391734270068798,10,24386.676535882623
calendar_15,calendar,2,3.583084646134947,0.42449295386505237,10,24432.73902715787
calendar_12,calendar,2,3.4927624182833394,0.5148151817166605,10,23998.389365743657
calendar_13,calendar,2,3.569622449457057,0.4379551505429435,10,24197.180366346915
calendar_14,calendar,3,3.5047994654508847,0.5027781345491146,10,33901.07493223528
calendar_15,calendar,3,3.50499165211396,0.5025859478860405,10,33947.71398349975
calendar_12,calendar,3,3.4860727452540843,0.5215048547459182,10,33456.60760150591
calendar_13,calendar,3,3.5625104129496545,0.4450671870503459,10,33884.71160519588
calendar_18,calendar,1,3.5962737197268773,0.4113038802731235,10,14788.821159180632
calendar_19,calendar,1,3.566217336407517,0.44136026359248376,10,14698.652009222551
calendar_16,calendar,1,3.503111317172158,0.5044662828278423,10,14509.333951516473
calendar_17,calendar,1,3.509822714767448,0.4977548852325501,10,14529.468144302344
calendar_18,calendar,2,3.5491879740606214,0.45838962593937965,10,24436.385081362496
calendar_19,calendar,2,3.472242600976685,0.5353349990233162,10,24115.379812152605
calendar_16,calendar,2,3.495240766286847,0.5123368337131524,10,23995.056250377012
calendar_17,calendar,2,3.498812812330972,0.5087647876690293,10,24025.90658129526
calendar_18,calendar,3,3.534770660199958,0.4728069398000438,10,34040.69706196237
calendar_19,calendar,3,3.5512481027984513,0.4563294972015485,10,33769.12412054796
calendar_16,calendar,3,3.5316832679920123,0.47589433200798825,10,33590.10605435305
calendar_17,calendar,3,3.5464904309076344,0.4610871690923648,10,33665.377874018166
calendar_22,calendar,1,3.5014017838075064,0.5061758161924926,10,14504.205351422519
calendar_23,calendar,1,3.5515375662871667,0.45604003371283486,10,14654.6126988615
calendar_20,calendar,1,3.592106245016311,0.41547135498368987,10,14776.318735048933
calendar_21,calendar,1,3.5219276713827314,0.4856499286172691,10,14565.783014148194
calendar_22,calendar,2,3.6010576274231103,0.4065199725768916,10,24307.378233691852
calendar_23,calendar,2,3.5285264150585416,0.4790511849414589,10,24240.191944037124
calendar_20,calendar,2,3.5205017967613856,0.4870758032386144,10,24337.824125333093
calendar_21,calendar,2,3.5092805361108037,0.4982970638891977,10,24093.624622480605
calendar_22,calendar,3,3.5392219596750283,0.46835564032496857,10,33925.04411271693
calendar_23,calendar,3,3.4513792099810674,0.556198390018933,10,33594.32957398033
calendar_20,calendar,3,3.498946823655968,0.508630776344032,10,33834.664596300994
calendar_21,calendar,3,3.493226199268562,0.5143514007314365,10,33573.303220286296
calendar_26,calendar,1,3.457881036220359,0.5496965637796405,10,14373.643108661077
calendar_27,calendar,1,3.4753443397582515,0.5322332602417464,10,14426.033019274755
calendar_24,calendar,1,3.5505408451839053,0.4570367548160944,10,14651.622535551716
calendar_25,calendar,1,3.543447503562872,0.4641300964371297,10,14630.342510688615
calendar_26,calendar,2,3.473016220176209,0.5345613798237911,10,23792.691769189703
calendar_27,calendar,2,3.516348146232412,0.49122945376758836,10,23975.07745797199
calendar_24,calendar,2,3.5232032983874797,0.48437430161252104,10,24221.232430714153
calendar_25,calendar,2,3.5408607076798617,0.46671689232013974,10,24252.924633728202
calendar_26,calendar,3,3.5153281077093683,0.4922494922906303,10,33338.67609231781
calendar_27,calendar,3,3.6193830457801695,0.388194554219828,10,33833.2265953125
calendar_24,calendar,3,3.5364054334046062,0.47117216659539374,10,33830.44873092797
calendar_25,calendar,3,3.5419859924508006,0.4655916075491996,10,33878.882611080604
calendar_30,calendar,1,3.5359619372250513,0.47161566277494865,10,14607.885811675154
calendar_31,calendar,1,3.5691909122623127,0.4383866877376865,10,14707.572736786939
calendar_28,calendar,1,3.5462655767325355,0.4613120232674638,10,14638.796730197606
calendar_29,calendar,1,3.524576762292483,0.4830008377075164,10,14573.73028687745
calendar_30,calendar,2,3.459548113377942,0.5480294866220585,10,23986.53015180898
calendar_31,calendar,2,3.595882248788905,0.4116953512110942,10,24495.219483153654
calendar_28,calendar,2,3.560335585119355,0.44724201488064685,10,24319.80348555567
calendar_29,calendar,2,3.500404761685706,0.5071728383142923,10,24074.944571934568
calendar_30,calendar,3,3.5470377027746283,0.46053989722537025,10,33627.64326013286
calendar_31,calendar,3,3.5355350900613973,0.4720425099386026,10,34101.824753337845
calendar_28,calendar,3,3.474897803236512,0.5326797967634888,10,33744.496895265205
calendar_29,calendar,3,3.5293074461383633,0.4782701538616369,10,33662.86691034966
calendar_34,calendar,1,3.4902383345118477,0.5173392654881527,10,14470.715003535543
calendar_35,calendar,1,3.4562222459966154,0.5513553540033843,10,14368.666737989846
calendar_32,calendar,1,3.5497434862781674,0.45783411372183247,10,14649.230458834501
calendar_33,calendar,1,3.541261380907013,0.4663162190929871,10,14623.784142721039
calendar_34,calendar,2,3.49735160411475,0.5102259958852499,10,23962.769815879794
calendar_35,calendar,2,3.509478667466853,0.4980989325331473,10,23897.102740390405
calendar_32,calendar,2,3.4879260832547305,0.5196515167452685,10,24113.008708598692
calendar_33,calendar,2,3.5135354378272634,0.49404216217273783,10,24164.39045620283
calendar_34,calendar,3,3.558898864302016,0.4486787356979835,10,33639.46640878584
calendar_35,calendar,3,3.5166787847416567,0.4908988152583434,10,33447.13909461538
calendar_32,calendar,3,3.524433553307682,0.4831440466923163,10,33686.30936852174
calendar_33,calendar,3,3.597591383794697,0.4099862162053019,10,33957.16460758692
calendar_38,calendar,1,3.493287480027412,0.514290119972588,10,14479.862440082235
calendar_39,calendar,1,3.5096432869906256,0.49793431300937635,10,14528.929860971877
calendar_36,calendar,1,3.529110595718991,0.47846700428100725,10,14587.331787156974
calendar_37,calendar,1,3.508394459348413,0.4991831406515874,10,14525.18337804524
calendar_38,calendar,2,3.527883247087467,0.47969435291253126,10,24063.51218134464
calendar_39,calendar,2,3.5163845230901023,0.4911930769098965,10,24078.083430242186
calendar_36,calendar,2,3.559690045067388,0.4478875549326093,10,24266.40192235914
calendar_37,calendar,2,3.5125281232861276,0.49504947671387095,10,24062.76774790362
calendar_38,calendar,3,3.4886132977369027,0.5189643022630973,10,33529.35207455535
calendar_39,calendar,3,3.5418133200378525,0.4657642799621469,10,33703.523390355746
calendar_36,calendar,3,3.5125461286067816,0.4950314713932186,10,33804.04030817948
calendar_37,calendar,3,3.4686775670721377,0.5389000329278608,10,33468.80044912003
calendar_42,calendar,1,3.3820418597317974,0.6255357402682038,7,14446.125579195392
calendar_43,calendar,1,3.2857697239673302,0.7218078760326704,7,14157.30917190199
calendar_40,calendar,1,3.2760644194263957,0.7315131805736047,7,14128.193258279187
calendar_41,calendar,1,3.3398985583836924,0.6676790416163069,7,14319.695675151077
calendar_42,calendar,2,3.3385660494660643,0.6690115505339346,7,23761.823727593583
calendar_43,calendar,2,3.255073383745685,0.7525042162543156,7,23222.529323139046
calendar_40,calendar,2,3.3193607440251016,0.688216855974899,7,23386.275490354492
calendar_41,calendar,2,3.3128809808575843,0.6946966191424153,7,23558.338617723828
calendar_42,calendar,3,3.3467399350155187,0.6608376649844798,7,33102.043532640135
calendar_43,calendar,3,3.31916039451076,0.688417205489241,7,32480.010506671326
calendar_40,calendar,3,3.309790429862499,0.6977871701375021,7,32615.646779941988
calendar_41,calendar,3,3.367887923053708,0.6396896769462926,7,32962.00238688495
calendar_46,calendar,1,3.290239284821704,0.7173383151782968,7,14170.717854465112
calendar_47,calendar,1,3.3482062792721576,0.6593713207278438,7,14344.618837816473
calendar_44,calendar,1,3.403015257688163,0.6045623423118374,7,14509.04577306449
calendar_45,calendar,1,3.3731537231048936,0.634423876895107,7,14419.46116931468
calendar_46,calendar,2,3.326085168288908,0.6814924317110915,7,23448.973359331838
calendar_47,calendar,2,3.407305478262166,0.600272121737834,7,23866.53527260297
calendar_44,calendar,2,3.3811437003054365,0.6264338996945624,7,23952.4768739808
calendar_45,calendar,2,3.34489232346533,0.6626852765346698,7,23754.138139710667
calendar_46,calendar,3,3.3956578701452025,0.6119197298547965,7,32935.94696976744
calendar_47,calendar,3,3.1679430937170507,0.8396345062829487,7,32670.364553754123
calendar_44,calendar,3,3.310583628864293,0.6969939711357083,7,33184.227760573674
calendar_45,calendar,3,3.2675837447054374,0.7399938552945627,7,32856.88937382698
calendar_50,calendar,1,3.2541052492509532,0.7534723507490462,7,14062.31574775286
calendar_51,calendar,1,3.3207408770707376,0.6868367229292633,7,14262.222631212213
calendar_48,calendar,1,3.307422969238394,0.7001546307616071,7,14222.26890771518
calendar_49,calendar,1,3.3356562103318605,0.671921389668139,7,14306.968630995581
calendar_50,calendar,2,3.317823487711797,0.6897541122882033,7,23315.78621088825
calendar_51,calendar,2,3.319830432997722,0.6877471670022773,7,23521.71393020538
calendar_48,calendar,2,3.3051700971449782,0.7024075028550226,7,23437.779199150114
calendar_49,calendar,2,3.3401688373378478,0.6674087626621527,7,23627.475143009127
calendar_50,calendar,3,3.3179233831447847,0.6896542168552147,7,32569.556360322604
calendar_51,calendar,3,3.228368297088957,0.7792093029110418,7,32506.818821472254
calendar_48,calendar,3,3.2761711526410657,0.731406447358934,7,32566.29265707331
calendar_49,calendar,3,3.258221782183339,0.7493558178166619,7,32702.140489559144
calendar_54,calendar,1,3.245955918189125,0.7616216818108734,7,14037.867754567375
calendar_55,calendar,1,3.3044103682201564,0.7031672317798432,7,14213.23110466047
calendar_52,calendar,1,3.3803313723535915,0.6272462276464095,7,14440.994117060774
calendar_53,calendar,1,3.290763520196512,0.7168140798034877,7,14172.290560589536
calendar_54,calendar,2,3.329093664673797,0.6784839353262025,7,23325.148748588766
calendar_55,calendar,2,3.2750719243507036,0.732505675649296,7,23338.44687771258
calendar_52,calendar,2,3.3416659426338042,0.6659116573661946,7,23765.99194496219
calendar_53,calendar,2,3.3223973219529657,0.6851802780470334,7,23439.48252644843
calendar_54,calendar,3,3.409582938862357,0.5979946611376431,7,32853.89756517584
calendar_55,calendar,3,3.256832436001586,0.7507451639984141,7,32408.944185717337
calendar_52,calendar,3,3.4051590005922097,0.6024185994077902,7,33281.468946738816
calendar_53,calendar,3,3.342280566823068,0.6652970331769317,7,32766.324226917633
calendar_58,calendar,1,3.3820854501902664,0.6254921498097337,7,14446.256350570799
calendar_59,calendar,1,3.399831696924374,0.6077459030756261,7,14499.495090773122
calendar_56,calendar,1,3.3438801748259013,0.6636974251740996,7,14331.640524477703
calendar_57,calendar,1,3.2656893014448163,0.7418882985551841,7,14097.067904334448
calendar_58,calendar,2,3.2998263767978897,0.7077512232021116,7,23645.735480964468
calendar_59,calendar,2,3.2794366776881465,0.7281409223118559,7,23637.805123837563
calendar_56,calendar,2,3.3252063547536137,0.6823712452463867,7,23607.259588738547
calendar_57,calendar,2,3.2670913537015567,0.740486246298444,7,23198.34196543912
calendar_58,calendar,3,3.3032408814884024,0.7043367185115972,7,32855.45812542968
calendar_59,calendar,3,3.2570046108804456,0.7505729891195536,7,32708.8189564789
calendar_56,calendar,3,3.3100516386371126,0.697525961362886,7,32837.41450464989
calendar_57,calendar,3,3.2797770103144286,0.7278005896855712,7,32337.672996382404
calendar_62,calendar,1,3.3440782164985388,0.6634993835014603,7,14332.234649495616
calendar_63,calendar,1,3.3836268252085,0.6239507747915011,7,14450.880475625501
calendar_60,calendar,1,3.335420487833801,0.6721571121662,7,14306.261463501403
calendar_61,calendar,1,3.2626938273478228,0.7448837726521771,7,14088.081482043468
calendar_62,calendar,2,3.3616417184432485,0.645935881556754,7,23717.15980482536
calendar_63,calendar,2,3.3212187256650747,0.686358874334925,7,23714.536652620725
calendar_60,calendar,2,3.343277796864203,0.6642998031357971,7,23636.094854094015
calendar_61,calendar,2,3.32345260543196,0.6841249945680404,7,23358.439298339348
calendar_62,calendar,3,3.3260266594423036,0.6815509405576948,7,32995.23978315227
calendar_63,calendar,3,3.3353016888746203,0.6722759111253794,7,33020.44171924458
calendar_60,calendar,3,3.302994134306656,0.704583465693344,7,32845.07725701398
calendar_61,calendar,3,3.2785174979499274,0.7290601020500719,7,32493.991792189132
calendar_66,calendar,1,3.3361788232326375,0.6713987767673614,7,14308.536469697912
calendar_67,calendar,1,3.41013799623019,0.59743960376981,7,14530.41398869057
calendar_64,calendar,1,3.296173252451443,0.7114043475485563,7,14188.519757354328
calendar_65,calendar,1,3.290884654538222,0.7166929454617771,7,14172.653963614666
calendar_66,calendar,2,3.2544635740621524,0.7531140259378469,7,23371.92719188437
calendar_67,calendar,2,3.2614495979596545,0.7461280020403444,7,23614.762782569534
calendar_64,calendar,2,3.322880685597453,0.684696914402548,7,23457.16181414669
calendar_65,calendar,2,3.3942537017034544,0.6133238982965462,7,23655.41506872503
calendar_66,calendar,3,3.4115451431436203,0.5960324568563795,7,32906.56262131523
calendar_67,calendar,3,3.234212212086763,0.773365387913236,7,32617.399418829824
calendar_64,calendar,3,3.298323198921584,0.7092544010784172,7,32652.13141091144
calendar_65,calendar,3,3.2867244700032945,0.7208531299967059,7,32815.58847873491
calendar_70,calendar,1,3.264117352349744,0.7434602476502562,7,14092.352057049233
calendar_71,calendar,1,3.3159995044746764,0.6915780955253225,7,14247.998513424029
calendar_68,calendar,1,3.3000110001591283,0.7075665998408708,7,14200.033000477384
calendar_69,calendar,1,3.3112975535669817,0.6962800464330158,7,14233.892660700945
calendar_70,calendar,2,3.3433303118018984,0.6642472881981015,7,23422.342992454927
calendar_71,calendar,2,3.3522502790596564,0.6553273209403432,7,23604.749350603
calendar_68,calendar,2,3.348549736439548,0.6590278635604518,7,23545.682209796025
calendar_69,calendar,2,3.3816974055330107,0.6258801944669895,7,23678.984877299976
calendar_70,calendar,3,3.293263359757152,0.7143142402428488,7,32602.133071726385
calendar_71,calendar,3,3.275132282441857,0.7324453175581435,7,32730.146197928574
calendar_68,calendar,3,3.3079035805130252,0.699674019486974,7,32769.3929513351
calendar_69,calendar,3,3.291088188009859,0.7164894119901416,7,32852.24944132955
calendar_74,calendar,1,3.2942520694558075,0.7133255305441933,7,14182.756208367422
calendar_75,calendar,1,3.3189582998704488,0.688619300129552,7,14256.874899611346
calendar_72,calendar,1,3.205366899845355,0.8022107001546454,7,13916.100699536064
calendar_73,calendar,1,3.3974352229126925,0.6101423770873081,7,14492.305668738078
calendar_74,calendar,2,3.28881113802094,0.7187664619790607,7,23349.18962243024
calendar_75,calendar,2,3.280769714184207,0.7268078858157938,7,23399.184042163968
calendar_72,calendar,2,3.2869095990366146,0.7206680009633862,7,23076.829496645907
calendar_73,calendar,2,3.332360212516882,0.6752173874831178,7,23789.386306288725
calendar_74,calendar,3,3.302007470194368,0.7055701298056306,7,32555.212033013344
calendar_75,calendar,3,3.3249811671135876,0.682596432886412,7,32674.12754350473
calendar_72,calendar,3,3.3787642666956663,0.6288133333043334,7,32513.12229673291
calendar_73,calendar,3,3.2259184931973546,0.7816591068026463,7,32767.14178588079
calendar_78,calendar,1,3.309621724753005,0.6979558752469935,7,14228.865174259015
calendar_79,calendar,1,3.320623436619543,0.6869541633804574,7,14261.870309858628
calendar_76,calendar,1,3.371874876630301,0.6357027233696977,7,14415.624629890903
calendar_77,calendar,1,3.2912642715484144,0.716313328451585,7,14173.792814645243
calendar_78,calendar,2,3.3178852985174667,0.6896923014825345,7,23482.521069811417
calendar_79,calendar,2,3.3006887174463517,0.70688888255365,7,23463.936462197686
calendar_76,calendar,2,3.318527620459866,0.6890499795401342,7,23671.2074912705
calendar_77,calendar,2,3.3495641499397903,0.65801345006021,7,23522.485264464616
calendar_78,calendar,3,3.3718721550338944,0.6357054449661061,7,32898.1375349131
calendar_79,calendar,3,3.2955302166982325,0.712047383301767,7,32650.527112292384
calendar_76,calendar,3,3.3402868227311746,0.6672907772688238,7,32992.067959464024
calendar_77,calendar,3,3.4333323925071,0.5742452074928989,7,33122.482441985914
calendar_82,calendar,1,2.9776701125920577,1.0299074874079421,5,13433.010337776173
calendar_83,calendar,1,2.9789644511817674,1.028613148818234,5,13436.893353545302
calendar_80,calendar,1,3.0648760677894757,0.9427015322105256,5,13694.628203368427
calendar_81,calendar,1,2.986653819113749,1.0209237808862508,5,13459.961457341247
calendar_82,calendar,2,3.072823738371601,0.9347538616284006,5,22151.481552890975
calendar_83,calendar,2,3.0103428162041297,0.9972347837958709,5,21967.92180215769
calendar_80,calendar,2,2.902262774058775,1.1053148259412244,5,21901.41652554475
calendar_81,calendar,2,2.9488525153019602,1.0587250846980412,5,21806.51900324713
calendar_82,calendar,3,3.0567014603832723,0.950876139616729,5,30821.58593404079
calendar_83,calendar,3,2.985034608687559,1.0225429913124406,5,30423.025628220366
calendar_80,calendar,3,3.093920063497784,0.913657536502215,5,30683.176716038106
calendar_81,calendar,3,3.0605883777412446,0.9469892222587563,5,30488.284136470866
calendar_86,calendar,1,3.033655052452047,0.9739225475479525,5,13600.965157356142
calendar_87,calendar,1,3.0563880415015756,0.9511895584984258,5,13669.164124504727
calendar_84,calendar,1,2.9331610035981583,1.0744165964018408,5,13299.483010794474
calendar_85,calendar,1,2.9525346286676837,1.0550429713323168,5,13357.603886003051
calendar_86,calendar,2,3.1144571268835612,0.8931204731164387,5,22444.336538006828
calendar_87,calendar,2,2.875440424886651,1.1321371751133493,5,21795.48539916468
calendar_84,calendar,2,3.035576874635774,0.972000725364226,5,21906.213634701795
calendar_85,calendar,2,2.994591085727864,1.012986514272136,5,21841.377143186644
calendar_86,calendar,3,2.962522355552924,1.045055244447076,5,30831.9036046656
calendar_87,calendar,3,2.9964718224041946,1.0111057775958054,5,30284.900866377266
calendar_84,calendar,3,2.928693229499533,1.0788843705004671,5,30192.293323200392
calendar_85,calendar,3,3.0195750007081865,0.9880025992918132,5,30400.102145311204
calendar_90,calendar,1,2.847343343771821,1.1602342562281787,5,13042.030031315464
calendar_91,calendar,1,2.9626630494697803,1.0449145505302213,5,13387.98914840934
calendar_88,calendar,1,3.1279523801939666,0.8796252198060333,5,13883.8571405819
calendar_89,calendar,1,3.017351329137117,0.9902262708628835,5,13552.053987411351
calendar_90,calendar,2,2.9161767139938837,1.091400886006116,5,21290.560173297115
calendar_91,calendar,2,3.106380947351509,0.9011966526484915,5,22207.131990463866
calendar_88,calendar,2,3.030646176893306,0.976931423106694,5,22475.795671261818
calendar_89,calendar,2,3.1412236374778786,0.866353962522121,5,22475.724899844987
calendar_90,calendar,3,3.0669969267121333,0.9405806732878667,5,29991.550953433514
calendar_91,calendar,3,2.964261002047582,1.0433165979524182,5,30599.91499660661
calendar_88,calendar,3,3.099371830595915,0.9082057694040847,5,31273.91116304956
calendar_89,calendar,3,2.983124364932883,1.0244532350671167,5,30925.097994643635
calendar_94,calendar,1,3.0746608676794542,0.9329167323205458,5,13723.982603038363
calendar_95,calendar,1,2.897589486718276,1.1099881132817253,5,13192.768460154828
calendar_92,calendar,1,3.099337822020229,0.9082397779797716,5,13798.013466060687
calendar_93,calendar,1,3.083111757253795,0.9244658427462065,5,13749.335271761385
calendar_94,calendar,2,2.889211566128742,1.118366033871258,5,21891.617301424587
calendar_95,calendar,2,3.071318577308297,0.9362590226917026,5,21906.724192079717
calendar_92,calendar,2,2.9922304535161333,1.0153471464838677,5,22274.704826609086
calendar_93,calendar,2,3.204681862036375,0.8028957379636239,5,22863.38085787051
calendar_94,calendar,3,2.994375825466812,1.0132017745331878,5,30374.74477782502
calendar_95,calendar,3,3.0436392948020115,0.9639383051979894,5,30537.642076485754
calendar_92,calendar,3,3.0590338102984282,0.9485437897015718,5,30951.806257504373
calendar_93,calendar,3,3.0025259854588326,1.005051614541169,5,31370.95881424701
calendar_98,calendar,1,2.9946192190791554,1.012958380920845,5,13483.857657237466
calendar_99,calendar,1,3.0860122119288618,0.9215653880711401,5,13758.036635786586
calendar_96,calendar,1,3.2177950809055846,0.7897825190944159,5,14153.385242716753
calendar_97,calendar,1,3.00925122328075,0.9983263767192518,5,13527.75366984225
calendar_98,calendar,2,2.9883557080477234,1.0192218919522753,5,21948.924781380636
calendar_99,calendar,2,3.0951729309421756,0.9124046690578227,5,22543.555428613116
calendar_96,calendar,2,2.9885770722876983,1.0190005277123029,5,22619.116459579847
calendar_97,calendar,2,2.963768784037287,1.0438088159627135,5,21919.060021954112
calendar_98,calendar,3,3.0812805870376723,0.9262970129623281,5,30692.766542493653
calendar_99,calendar,3,2.9417656281249864,1.0658119718750132,5,30868.852312988074
calendar_96,calendar,3,3.072775813200298,0.9348017867997018,5,31337.44389918074
calendar_97,calendar,3,2.9442126017129095,1.0633649982870892,5,30251.69782709284
calendar_102,calendar,1,2.971947294121005,1.035630305878996,5,13415.841882363015
calendar_103,calendar,1,3.0123658205886135,0.9952117794113845,5,13537.097461765841
calendar_100,calendar,1,3.0577175044174183,0.9498600955825813,5,13673.152513252255
calendar_101,calendar,1,2.977671661626819,1.0299059383731801,5,13433.014984880458
calendar_102,calendar,2,3.0062226727540025,1.0013549272459972,5,21934.509900625024
calendar_103,calendar,2,3.026535837860611,0.981041762139389,5,22116.704975347675
calendar_100,calendar,2,2.936075315180673,1.0715022848193265,5,21981.378458794272
calendar_101,calendar,2,3.0577422433887382,0.9498353566112607,5,22106.24171504667
calendar_102,calendar,3,3.045257667308165,0.9623199326918347,5,30570.28290254952
calendar_103,calendar,3,3.0168760291212924,0.9907015708787075,5,30667.33306271155
calendar_100,calendar,3,2.9889639132897403,1.0186136867102604,5,30448.270198663493
calendar_101,calendar,3,3.0722827450322145,0.9352948549677865,5,30823.089950143316
calendar_106,calendar,1,2.9922140767404914,1.0153635232595075,5,13476.642230221474
calendar_107,calendar,1,2.95290137006127,1.0546762299387298,5,13358.70411018381
calendar_104,calendar,1,3.1171587337959727,0.8904188662040273,5,13851.476201387919
calendar_105,calendar,1,2.961960581046501,1.0456170189534981,5,13385.881743139504
calendar_106,calendar,2,2.9947321303040666,1.0128454696959341,5,21960.838621133676
calendar_107,calendar,2,2.9174030539340436,1.0901745460659564,5,21610.91327198594
calendar_104,calendar,2,2.8975635782545455,1.1100140217454533,5,22044.166936151556
calendar_105,calendar,2,2.9224283355324103,1.0851492644675893,5,21653.166749736734
calendar_106,calendar,3,3.0686203191400496,0.9389572808599508,5,30666.699578553824
calendar_107,calendar,3,3.0661057288289797,0.94147187117102,5,30309.230458472877
calendar_104,calendar,3,2.9329048861496956,1.0746727138503027,5,30342.881594600643
calendar_105,calendar,3,3.115003267870969,0.8925743321290308,5,30498.176553349644
calendar_110,calendar,1,2.8975230582094262,1.1100545417905732,5,13192.56917462828
calendar_111,calendar,1,3.0103985945204856,0.9971790054795144,5,13531.195783561458
calendar_108,calendar,1,2.9675014310221433,1.0400761689778575,5,13402.50429306643
calendar_109,calendar,1,3.0122571828487508,0.9953204171512486,5,13536.771548546252
calendar_110,calendar,2,2.906887479329647,1.1006901206703525,5,21413.23161261722
calendar_111,calendar,2,3.0139575046581206,0.9936200953418799,5,22073.06829753582
calendar_108,calendar,2,2.9550262829893716,1.0525513170106298,5,21767.583142034542
calendar_109,calendar,2,3.1286034081734218,0.8789741918265781,5,22422.581773066515
calendar_110,calendar,3,3.083530585396555,0.9240470146034458,5,30163.823368806883
calendar_111,calendar,3,3.057399071517164,0.9501785284828348,5,30745.265512087313
calendar_108,calendar,3,2.98812439209586,1.0194532079041405,5,30231.95631832212
calendar_109,calendar,3,3.126711919626576,0.8808656803734242,5,31302.71753194624
calendar_114,calendar,1,2.974004986303461,1.0335726136965397,5,13422.014958910382
calendar_115,calendar,1,3.0024681496317345,1.005109450368265,5,13507.404448895204
calendar_112,calendar,1,2.9683048372786414,1.0392727627213578,5,13404.914511835925
calendar_113,calendar,1,3.058044271644638,0.9495333283553622,5,13674.132814933915
calendar_114,calendar,2,2.9148345202137063,1.0927430797862927,5,21666.5185195515
calendar_115,calendar,2,3.07217617568219,0.9354014243178108,5,22223.932975941774
calendar_112,calendar,2,3.0275713386889764,0.9800062613110229,5,21987.628527902853
calendar_113,calendar,2,3.17326046986126,0.8343171301387379,5,22693.914224517695
calendar_114,calendar,3,3.1042157670585153,0.9033618329414849,5,30479.165820727045
calendar_115,calendar,3,3.018558067305976,0.9890195326940244,5,30779.607177859703
calendar_112,calendar,3,3.1084333852388197,0.8991442147611798,5,30812.928683619313
calendar_113,calendar,3,3.08979445657364,0.9177831434263604,5,31463.29759423862
calendar_118,calendar,1,3.095703737092934,0.9118738629070666,5,13787.111211278803
calendar_119,calendar,1,2.880679940709413,1.126897659290586,5,13142.039822128238
calendar_116,calendar,1,2.970969129121987,1.036608470878014,5,13412.907387365962
calendar_117,calendar,1,2.959477556669064,1.0481000433309366,5,13378.432670007192
calendar_118,calendar,2,2.927623333534259,1.0799542664657407,5,22069.981211881583
calendar_119,calendar,2,2.9527508160772427,1.054826783922758,5,21500.292270359965
calendar_116,calendar,2,3.008759288847042,0.9988183111529583,5,21939.18525390709
calendar_117,calendar,2,2.9418414051928607,1.0657361948071387,5,21703.956885585772
calendar_118,calendar,3,3.028287358676028,0.9792902413239728,5,30654.843287909665
calendar_119,calendar,3,3.030683651240386,0.9768939487596144,5,30092.343224081123
calendar_116,calendar,3,3.024840081581879,0.9827375184181213,5,30513.705498652726
calendar_117,calendar,3,3.028906218107049,0.9786713818929518,5,30290.67553990692
calendar_122,calendar,1,2.6252564191660386,1.3823211808339624,3,12575.769257498116
calendar_123,calendar,1,2.707718182386978,1.299859417613023,3,12823.154547160933
calendar_120,calendar,1,2.5969343909252265,1.4106432090747751,3,12490.803172775679
calendar_121,calendar,1,2.577837243927642,1.4297403560723592,3,12433.511731782924
calendar_122,calendar,2,2.601761647254987,1.405815952745014,3,20081.054199263075
calendar_123,calendar,2,2.8590220110320956,1.1485555889679036,3,21100.22058025722
calendar_120,calendar,2,2.592821316958507,1.414756283041493,3,19969.2671236512
calendar_121,calendar,2,2.712298429505754,1.295279170494246,3,20270.407020300187
calendar_122,calendar,3,2.564212656770043,1.4433649432299585,3,27473.692169573205
calendar_123,calendar,3,2.6049476128043567,1.4026299871956445,3,28615.063418670292
calendar_120,calendar,3,2.645269522420758,1.3623080775792429,3,27605.075690913472
calendar_121,calendar,3,2.7093277127092312,1.2982498872907686,3,28098.39015842788
calendar_126,calendar,1,2.5307037322452035,1.4768738677547983,3,12292.111196735612
calendar_127,calendar,1,2.6352332435711805,1.3723443564288207,3,12605.699730713543
calendar_124,calendar,1,2.5798570374722796,1.427720562527721,3,12439.571112416837
calendar_125,calendar,1,2.6538216922225133,1.3537559077774872,3,12661.46507666754
calendar_126,calendar,2,2.685530218321446,1.3220473816785552,3,20048.70185169995
calendar_127,calendar,2,2.5731528045193786,1.4344247954806204,3,20025.158144271678
calendar_124,calendar,2,2.753313101779359,1.2542644982206423,3,20399.510417754915
calendar_125,calendar,2,2.561655002884284,1.4459225971157164,3,20046.430085320393
calendar_126,calendar,3,2.6107004217445304,1.3968771782554712,3,27580.80311693354
calendar_127,calendar,3,2.679975451753075,1.3276021482469254,3,27765.0844995309
calendar_124,calendar,3,2.4749849665385337,1.532592633461468,3,27524.465317370516
calendar_125,calendar,3,2.657607533887859,1.3499700661121419,3,27719.25268698397
calendar_130,calendar,1,2.631741783806891,1.3758358161931095,3,12595.225351420671
calendar_131,calendar,1,2.7399292425989556,1.2676483574010449,3,12919.787727796867
calendar_128,calendar,1,2.5778953332411247,1.4296822667588762,3,12433.685999723373
calendar_129,calendar,1,2.675974279977534,1.3316033200224673,3,12727.922839932602
calendar_130,calendar,2,2.6736110359641434,1.3339665640358565,3,20316.058459313103
calendar_131,calendar,2,2.5654705581480473,1.4421070418519546,3,20316.199402241007
calendar_128,calendar,2,2.570624353569658,1.436953246430343,3,19845.559060432348
calendar_129,calendar,2,2.557251264953651,1.4503263350463507,3,20099.676634793555
calendar_130,calendar,3,2.704740517391816,1.3028370826081843,3,28130.28001148855
calendar_131,calendar,3,2.6074414111710724,1.4001361888289285,3,27838.523635754224
calendar_128,calendar,3,2.6401575442346563,1.3674200557653442,3,27466.031693136316
calendar_129,calendar,3,2.7475691205419253,1.2600084794580757,3,28042.383996419332
calendar_134,calendar,1,2.58863812082527,1.4189394791747314,3,12465.914362475809
calendar_135,calendar,1,2.558114448088524,1.4494631519114771,3,12374.343344265571
calendar_132,calendar,1,2.7049992138639967,1.302578386136003,3,12814.99764159199
calendar_133,calendar,1,2.52391351629263,1.4836640837073716,3,12271.74054887789
calendar_134,calendar,2,2.6836620675071026,1.3239155324928988,3,20216.900564997115
calendar_135,calendar,2,2.5602823738480787,1.4472952261519225,3,19755.190465809806
calendar_132,calendar,2,2.6615525294878046,1.3460250705121957,3,20499.655230055403
calendar_133,calendar,2,2.7699155868967034,1.2376620131032978,3,20281.487309568
calendar_134,calendar,3,2.6286068610228743,1.3789707389771266,3,27802.72114806574
calendar_135,calendar,3,2.568129507053848,1.4394480929461526,3,27159.57898697135
calendar_132,calendar,3,2.614103142814318,1.3934744571856834,3,28041.964658498357
calendar_133,calendar,3,2.585272816303828,1.4223047836961735,3,27737.305758479484
calendar_138,calendar,1,2.5721137095839244,1.4354638904160777,3,12416.341128751774
calendar_139,calendar,1,2.546673772419705,1.4609038275802955,3,12340.021317259114
calendar_136,calendar,1,2.535721743817062,1.4718558561829391,3,12307.165231451185
calendar_137,calendar,1,2.689216637538657,1.3183609624613442,3,12767.649912615972
calendar_138,calendar,2,2.5495278408133673,1.4580497591866348,3,19764.924651191875
calendar_139,calendar,2,2.5927729116303966,1.414804688369605,3,19818.340052150303
calendar_136,calendar,2,2.621155671387985,1.3864219286120156,3,19870.63224561514
calendar_137,calendar,2,2.6830243505656473,1.3245532494343528,3,20516.722964312914
calendar_138,calendar,3,2.61181632212123,1.3957612778787707,3,27300.373617555564
calendar_139,calendar,3,2.6517300491440894,1.3558475508559116,3,27473.530199582572
calendar_136,calendar,3,2.557887899950447,1.4496897000495552,3,27244.29594546648
calendar_137,calendar,3,2.632404573050832,1.3751730269491704,3,28113.93668346541
calendar_142,calendar,1,2.6642096711189582,1.3433679288810414,3,12692.629013356875
calendar_143,calendar,1,2.6165708573427566,1.3910067426572439,3,12549.712572028271
calendar_140,calendar,1,2.547895898239159,1.459681701760842,3,12343.687694717477
calendar_141,calendar,1,2.770134036740008,1.2374435632599923,3,13010.402110220024
calendar_142,calendar,2,2.7662683341994,1.2413092658005993,3,20691.434015955074
calendar_143,calendar,2,2.5831205423294565,1.4244570576705449,3,19999.074199016643
calendar_140,calendar,2,2.565364606993857,1.4422129930061427,3,19739.781515699047
calendar_141,calendar,2,2.725184616673725,1.2823929833262773,3,20885.955960241197
calendar_142,calendar,3,2.6232276152587617,1.3843499847412386,3,28261.11686173136
calendar_143,calendar,3,2.5700630490861602,1.437514550913841,3,27409.263346275122
calendar_140,calendar,3,2.5859912519703045,1.421586348029697,3,27197.75527160996
calendar_141,calendar,3,2.6370834433616146,1.3704941566383857,3,28497.20629032604
calendar_146,calendar,1,2.7744028409656165,1.2331747590343827,3,13023.20852289685
calendar_147,calendar,1,2.6399974497449454,1.367580150255056,3,12619.992349234835
calendar_144,calendar,1,2.6431157584332943,1.3644618415667071,3,12629.347275299882
calendar_145,calendar,1,2.518185825723053,1.489391774276949,3,12254.557477169159
calendar_146,calendar,2,2.6744395374515246,1.333138062548475,3,20746.527135251425
calendar_147,calendar,2,2.5523282492960853,1.4552493507039168,3,19976.97709712309
calendar_144,calendar,2,2.64576908037561,1.3618085196243912,3,20266.65451642671
calendar_145,calendar,2,2.6167452401183757,1.3908323598816257,3,19804.793197524286
calendar_146,calendar,3,2.642820645622025,1.3647569543779765,3,28374.9890721175
calendar_147,calendar,3,2.672743477028672,1.3348341229713285,3,27695.207528209106
calendar_144,calendar,3,2.594964941502547,1.4126126584974537,3,27751.549340934354
calendar_145,calendar,3,2.6482584141915657,1.359319185808435,3,27449.568440098985
calendar_150,calendar,1,2.5211430691655092,1.4864345308344915,3,12263.429207496527
calendar_151,calendar,1,2.600726532481305,1.4068510675186954,3,12502.179597443916
calendar_148,calendar,1,2.6972748672018505,1.3103027327981496,3,12791.824601605553
calendar_149,calendar,1,2.7274910696818275,1.280086530318173,3,12882.473209045482
calendar_150,calendar,2,2.880231616633161,1.12734598336684,3,20604.12405739601
calendar_151,calendar,2,2.597323925552881,1.4102536744471197,3,19994.15137410256
calendar_148,calendar,2,2.637695687137258,1.369881912862743,3,20404.911663017327
calendar_149,calendar,2,2.787247699637399,1.2203299003626018,3,20944.21630795768
calendar_150,calendar,3,2.5858907693001294,1.421686830699872,3,28061.796365296395
calendar_151,calendar,3,2.6423306333762513,1.3652469666237483,3,27621.14327423131
calendar_148,calendar,3,2.6178544853292496,1.3897231146707514,3,27958.475119005074
calendar_149,calendar,3,2.6513977135762463,1.356179886423755,3,28598.40944868642
calendar_154,calendar,1,2.699226858454517,1.3083507415454845,3,12797.680575363553
calendar_155,calendar,1,2.594650078199651,1.4129275218003494,3,12483.950234598953
calendar_152,calendar,1,2.558103391277681,1.4494742087223202,3,12374.310173833042
calendar_153,calendar,1,2.6179405320339364,1.3896370679660637,3,12553.82159610181
calendar_154,calendar,2,2.659551504847608,1.3480260951523932,3,20476.335089906377
calendar_155,calendar,2,2.615632403818582,1.3919451961814198,3,20030.8474460547
calendar_152,calendar,2,2.6416022787420816,1.365975321257919,3,19999.117010059286
calendar_153,calendar,2,2.6185263114631225,1.3890512885368784,3,20109.400530491177
calendar_154,calendar,3,2.5724790072328982,1.4350985927671018,3,27893.77211160507
calendar_155,calendar,3,2.7566481499451583,1.2509294500548422,3,28000.791895890176
calendar_152,calendar,3,2.5866580856757695,1.4209195143242312,3,27459.091267086595
calendar_153,calendar,3,2.6685267349797086,1.339050865020292,3,27814.980735430305
calendar_158,calendar,1,2.5814437829473516,1.4261338170526494,3,12444.331348842054
calendar_159,calendar,1,2.558207588217149,1.4493700117828525,3,12374.622764651447
calendar_156,calendar,1,2.65763406487883,1.349943535121171,3,12672.90219463649
calendar_157,calendar,1,2.8311859496787095,1.1763916503212914,3,13193.557849036128
calendar_158,calendar,2,2.6539254669138574,1.3536521330861442,3,20106.107749583625
calendar_159,calendar,2,2.5954150830497382,1.412162516950263,3,19860.86801380066
calendar_156,calendar,2,2.5882516227035914,1.4193259772964089,3,20137.657062747265
calendar_157,calendar,2,2.5029442690153187,1.5046333309846827,3,20402.390656082083
calendar_158,calendar,3,2.7620311783764375,1.245546421623562,3,28092.201284712937
calendar_159,calendar,3,2.6102334797687807,1.3973441202312202,3,27391.568453107004
calendar_156,calendar,3,2.6622196938146248,1.3453579061853764,3,27824.31614419114
calendar_157,calendar,3,2.502659712126976,1.5049178878730252,3,27610.36979246301
calendar_162,calendar,1,2.5243778713835296,1.4831997286164713,2,12373.133614150589
calendar_163,calendar,1,2.4834440101239545,1.5241335898760466,2,12250.332030371865
calendar_160,calendar,1,2.5268895171331804,1.4806880828668205,2,12380.668551399542
calendar_161,calendar,1,2.4815395354221197,1.5260380645778806,2,12244.618606266358
calendar_162,calendar,2,2.488646044016864,1.518931555983137,2,19639.07174620118
calendar_163,calendar,2,2.425073761118268,1.582503838881733,2,19325.55331372667
calendar_160,calendar,2,2.4781915052679797,1.5293860947320204,2,19615.243067203482
calendar_161,calendar,2,2.454486328487986,1.5530912715120146,2,19408.077591730318
calendar_162,calendar,3,2.4547914111031086,1.5527861888968921,2,26803.445979510507
calendar_163,calendar,3,2.53758122648068,1.469996373519321,2,26738.296993168708
calendar_160,calendar,3,2.4746130540738513,1.5329645459261494,2,26839.082229425036
calendar_161,calendar,3,2.533509490607028,1.474068109392972,2,26808.6060635514
calendar_166,calendar,1,2.5526748515652113,1.4549027484347898,2,12458.024554695634
calendar_167,calendar,1,2.605331207140302,1.4022463928596987,2,12615.993621420905
calendar_164,calendar,1,2.4761073117533243,1.5314702882466764,2,12228.321935259974
calendar_165,calendar,1,2.4441245484430882,1.5634530515569132,2,12132.373645329266
calendar_166,calendar,2,2.5175599869887333,1.490017613011268,2,19810.704515661833
calendar_167,calendar,2,2.467145562893151,1.5404320371068503,2,19817.430310100357
calendar_164,calendar,2,2.4144974232254484,1.5930801767745524,2,19271.81420493632
calendar_165,calendar,2,2.5283890929862833,1.4791885070137176,2,19517.540924288114
calendar_166,calendar,3,2.4139411229099244,1.5936364770900764,2,26852.527884391606
calendar_167,calendar,3,2.533326943017645,1.4742506569823552,2,27217.411139153293
calendar_164,calendar,3,2.4786450940649436,1.5289325059350578,2,26507.74948713115
calendar_165,calendar,3,2.4328263345858945,1.5747512654141063,2,26616.019928045796
calendar_170,calendar,1,2.456832880058236,1.5507447199417648,2,12170.498640174708
calendar_171,calendar,1,2.380449453221046,1.6271281467789545,2,11941.348359663138
calendar_168,calendar,1,2.4475459209432606,1.5600316790567397,2,12142.637762829781
calendar_169,calendar,1,2.453046805870983,1.5545307941290176,2,12159.140417612949
calendar_170,calendar,2,2.4780981729641227,1.5294794270358782,2,19404.793159067078
calendar_171,calendar,2,2.4677998300024493,1.5397777699975514,2,19144.747849670486
calendar_168,calendar,2,2.431823078575529,1.5757545214244717,2,19238.106998556366
calendar_169,calendar,2,2.461877517462522,1.5457000825374783,2,19344.772970000515
calendar_170,calendar,3,2.4672796627916433,1.5402979372083574,2,26606.632147442007
calendar_171,calendar,3,2.42243085319239,1.5851467468076113,2,26212.040409247656
calendar_168,calendar,3,2.4416841618559486,1.5658934381440526,2,26363.15948412421
calendar_169,calendar,3,2.5443961300256537,1.463181469974347,2,26777.961360077476
calendar_174,calendar,1,2.4031402747745396,1.6044373252254613,2,12009.420824323619
calendar_175,calendar,1,2.4699994067993876,1.5375781932006132,2,12209.998220398164
calendar_172,calendar,1,2.421185655689758,1.5863919443102439,2,12063.556967069275
calendar_173,calendar,1,2.4292757445429625,1.5783018554570385,2,12087.827233628886
calendar_174,calendar,2,2.473951839827376,1.5336257601726249,2,19231.27634380575
calendar_175,calendar,2,2.4359201817246223,1.5716574182753786,2,19317.75876557203
calendar_172,calendar,2,2.5397747198297855,1.4678028801702154,2,19482.881126558634
calendar_173,calendar,2,2.425060563155911,1.582517036844089,2,19163.00892309662
calendar_174,calendar,3,2.4228753314092266,1.5847022685907743,2,26299.90233803343
calendar_175,calendar,3,2.584939969418636,1.4226376305813642,2,26872.57867382794
calendar_172,calendar,3,2.447006418815614,1.560571181184387,2,26623.900383005475
calendar_173,calendar,3,2.49142584619876,1.5161517538012406,2,26437.2864616929
calendar_178,calendar,1,2.47293888095311,1.5346387190468906,2,12218.81664285933
calendar_179,calendar,1,2.452138304640419,1.5554392953595817,2,12156.414913921257
calendar_176,calendar,1,2.5165950175102627,1.4909825824897374,2,12349.785052530788
calendar_177,calendar,1,2.441487637825122,1.5660899621748792,2,12124.462913475367
calendar_178,calendar,2,2.4565695070300766,1.5510080929699246,2,19388.525163949562
calendar_179,calendar,2,2.480229362181086,1.5273482378189152,2,19397.103000464514
calendar_176,calendar,2,2.417470823134831,1.5901067768651698,2,19402.197521935283
calendar_177,calendar,2,2.3868694560623323,1.6207081439376685,2,19085.071281662364
calendar_178,calendar,3,2.382288558422639,1.6252890415773613,2,26335.390839217478
calendar_179,calendar,3,2.47125119596216,1.5363264040378415,2,26610.856588350995
calendar_176,calendar,3,2.4101107645548874,1.5974668354451138,2,26432.529815599944
calendar_177,calendar,3,2.453437773635741,1.5541398263642598,2,26245.384602569586
calendar_182,calendar,1,2.4779433865987226,1.5296342134012781,2,12233.830159796169
calendar_183,calendar,1,2.535617038601372,1.4719605613986286,2,12406.851115804116
calendar_180,calendar,1,2.3807686926053795,1.6268089073946206,2,11942.306077816138
calendar_181,calendar,1,2.467931104822394,1.539646495177607,2,12203.79331446718
calendar_182,calendar,2,2.4879907506357215,1.5195868493642795,2,19497.802411703335
calendar_183,calendar,2,2.462321280901434,1.5452563190985664,2,19593.814958508417
calendar_180,calendar,2,2.4772268565290667,1.530350743470934,2,19173.986647403337
calendar_181,calendar,2,2.449441486353572,1.5581361136464293,2,19352.117773527898
calendar_182,calendar,3,2.443778431671749,1.5637991683282517,2,26629.137706718582
calendar_183,calendar,3,2.5492177683159705,1.4583598316840303,2,27041.46826345633
calendar_180,calendar,3,2.567265860636141,1.4403117393638596,2,26675.78422931176
calendar_181,calendar,3,2.4328695929219535,1.5747080070780473,2,26450.72655229376
calendar_186,calendar,1,2.499765236754452,1.5078123632455487,2,12299.295710263355
calendar_187,calendar,1,2.4428829206272584,1.5646946793727423,2,12128.648761881775
calendar_184,calendar,1,2.4812696581413443,1.526307941858657,2,12243.808974424031
calendar_185,calendar,1,2.5604298965633716,1.4471477034366291,2,12481.289689690115
calendar_186,calendar,2,2.477357356425581,1.5302202435744199,2,19531.367779540098
calendar_187,calendar,2,2.5306552964506768,1.4769223035493237,2,19520.614651233805
calendar_184,calendar,2,2.4266304844721542,1.5809471155278465,2,19323.700427840493
calendar_185,calendar,2,2.489520120906429,1.5180574790935715,2,19749.8500524094
calendar_186,calendar,3,2.4472914060161326,1.560286193983868,2,26673.241997588495
calendar_187,calendar,3,2.53305739287243,1.4745202071275707,2,26919.786829851095
calendar_184,calendar,3,2.4288804003193043,1.5786971996806958,2,26410.341628798407
calendar_185,calendar,3,2.4553223719361954,1.552255228063805,2,26915.81716821799
calendar_190,calendar,1,2.455286278369619,1.5522913216303815,2,12165.858835108858
calendar_191,calendar,1,2.498507627778683,1.509069972221318,2,12295.522883336049
calendar_188,calendar,1,2.5106301382291893,1.4969474617708107,2,12331.890414687568
calendar_189,calendar,1,2.4743206068124137,1.5332569931875868,2,12222.961820437242
calendar_190,calendar,2,2.5583138069962064,1.4492637930037944,2,19640.80025609748
calendar_191,calendar,2,2.505608583171957,1.5019690168280448,2,19612.34863285192
calendar_188,calendar,2,2.412577496963221,1.5950001030367795,2,19369.62290557723
calendar_189,calendar,2,2.4873778161951585,1.5201997838048424,2,19485.095269022717
calendar_190,calendar,3,2.457267031223015,1.5503105687769856,2,26812.601349766523
calendar_191,calendar,3,2.4720439984645504,1.5355336015354504,2,26828.480628245572
calendar_188,calendar,3,2.440914614407163,1.5666629855928376,2,26492.36674879872
calendar_189,calendar,3,2.4403439161661984,1.5672336838338026,2,26606.127017521314
calendar_194,calendar,1,2.451797632896149,1.5557799671038521,2,12155.392898688446
calendar_195,calendar,1,2.4385894213042327,1.5689881786957673,2,12115.768263912698
calendar_192,calendar,1,2.5296976998091494,1.4778799001908514,2,12389.09309942745
calendar_193,calendar,1,2.43267105133186,1.5749065486681408,2,12098.01315399558
calendar_194,calendar,2,2.3951634425216652,1.612414157478336,2,19140.88322625344
calendar_195,calendar,2,2.571351699158621,1.4362259008413794,2,19629.82336138856
calendar_192,calendar,2,2.42868329571911,1.578894304280891,2,19475.14298658478
calendar_193,calendar,2,2.486980972172148,1.520596627827853,2,19358.956070512024
calendar_194,calendar,3,2.4108955952088875,1.5966820047911134,2,26173.570011880103
calendar_195,calendar,3,2.4947888565386562,1.5127887434613445,2,26914.18993100453
calendar_192,calendar,3,2.437623571989248,1.5699540280107536,2,26588.013702552522
calendar_193,calendar,3,2.4777956661790554,1.5297819338209453,2,26592.34306904919
calendar_198,calendar,1,2.506157742522806,1.5014198574771949,2,12318.473227568418
calendar_199,calendar,1,2.46017168070525,1.5474059192947507,2,12180.515042115749
calendar_196,calendar,1,2.4837065071260365,1.5238710928739643,2,12251.11952137811
calendar_197,calendar,1,2.515730933010062,1.4918466669899388,2,12347.192799030187
calendar_198,calendar,2,2.44063777773998,1.5669398222600208,2,19440.38656078836
calendar_199,calendar,2,2.481278872521154,1.5262987274788467,2,19424.35165967921
calendar_196,calendar,2,2.4680695941434663,1.539508005856535,2,19455.32830380851
calendar_197,calendar,2,2.426406515538597,1.5811710844614033,2,19426.41234564598
calendar_198,calendar,3,2.4271248966133885,1.5804527033866123,2,26521.761250628526
calendar_199,calendar,3,2.5006277800121106,1.5069498199878906,2,26726.234999715543
calendar_196,calendar,3,2.5043368877523737,1.5032407122476266,2,26768.338967065632
calendar_197,calendar,3,2.513499786306445,1.4940778136935553,2,26766.911704565315
threshold_1,threshold,1,3.55225217251691,0.4553254274830906,10,14656.75651755073
threshold_0,threshold,1,3.535587522822013,0.4719900771779907,10,14606.762568466038
threshold_3,threshold,1,3.5717416892470557,0.4358359107529453,10,14715.225067741167
threshold_2,threshold,1,3.5680272887464275,0.439550311253573,10,14704.081866239283
threshold_1,threshold,2,3.5375909244098205,0.46998667559018,10,24269.529290780192
threshold_0,threshold,2,3.532967866335766,0.47460973366423376,10,24205.666167473333
threshold_3,threshold,2,3.5518496699373374,0.45572793006266366,10,24370.77407755318
threshold_2,threshold,2,3.513415116017776,0.4941624839822239,10,24244.32721429261
threshold_1,threshold,3,3.588426100179205,0.4191514998207957,10,34034.8075913178
threshold_0,threshold,3,3.456360460038805,0.5512171399611948,10,33574.74754758975
threshold_3,threshold,3,3.48910842587398,0.5184691741260213,10,33838.099355175116
threshold_2,threshold,3,3.5510500355222976,0.45652756447770265,10,33897.4773208595
threshold_5,threshold,1,3.4807778572627313,0.5267997427372688,10,14442.333571788195
threshold_4,threshold,1,3.495143598427361,0.5124340015726384,10,14485.430795282084
threshold_7,threshold,1,3.563228601544371,0.44434899845562925,10,14689.685804633113
threshold_6,threshold,1,3.5313516977167416,0.4762259022832588,10,14594.055093150226
threshold_5,threshold,2,3.521273115752695,0.48630448424730455,10,24006.15291904628
threshold_4,threshold,2,3.4696485805359356,0.5379290194640646,10,23894.37653688989
threshold_7,threshold,2,3.482256361626168,0.5253212383738329,10,24136.454889511617
threshold_6,threshold,2,3.495235232722718,0.5123423672772823,10,24079.760791318382
threshold_5,threshold,3,3.552226540618559,0.45535105938144066,10,33662.83254090196
threshold_4,threshold,3,3.562528637475698,0.4450489625243025,10,33581.96244931698
threshold_7,threshold,3,3.5224810361650776,0.48509656383492256,10,33703.89799800685
threshold_6,threshold,3,3.5437083842456185,0.4638692157543812,10,33710.88594405523
threshold_9,threshold,1,3.4579271524974535,0.5496504475025465,10,14373.781457492361
threshold_8,threshold,1,3.5525437397655595,0.4550338602344427,10,14657.631219296678
threshold_11,threshold,1,3.507794656629145,0.49978294337085566,10,14523.383969887434
threshold_10,threshold,1,3.483481773137948,0.5240958268620526,10,14450.445319413844
threshold_9,threshold,2,3.536496505372993,0.47108109462700726,10,23983.27097361134
threshold_8,threshold,2,3.5502125475637554,0.45736505243624487,10,24308.268861987945
threshold_11,threshold,2,3.4859304830421487,0.5216471169578523,10,23981.17541901388
threshold_10,threshold,2,3.4808243203690497,0.52675327963095,10,23892.918280520993
threshold_9,threshold,3,3.542032269116313,0.4655453308836899,10,33609.36778096028
threshold_8,threshold,3,3.502723795548242,0.504853804451758,10,33816.44024863267
threshold_11,threshold,3,3.570233972002427,0.4373436279975719,10,33691.87733502116
threshold_10,threshold,3,3.512480728145769,0.49509687185423096,10,33430.3604649583
threshold_13,threshold,1,3.524898409562792,0.4826791904372083,10,14574.695228688375
threshold_12,threshold,1,3.5148985403299666,0.4926790596700324,10,14544.6956209899
threshold_15,threshold,1,3.500713002199763,0.5068645978002386,10,14502.13900659929
threshold_14,threshold,1,3.5049923529676015,0.5025852470323978,10,14514.977058902805
threshold_13,threshold,2,3.530779103226466,0.47679849677353503,10,24167.032538367774
threshold_12,threshold,2,3.5351223070321476,0.4724552929678547,10,24150.062542086343
threshold_15,threshold,2,3.482142992691853,0.5254346073081476,10,23948.567984674846
threshold_14,threshold,2,3.4591154103041295,0.5484621896958719,10,23892.32328981519
threshold_13,threshold,3,3.5331899141581036,0.47438768584189717,10,33766.60228084208
threshold_12,threshold,3,3.5684644073239005,0.4391131926760987,10,33855.455764058046
threshold_15,threshold,3,3.5384298961318392,0.469147703868159,10,33563.857673070364
threshold_14,threshold,3,3.5289891236477247,0.47858847635227264,10,33479.290660758365
threshold_17,threshold,1,3.575534043122047,0.43204355687795437,10,14726.602129366142
threshold_16,threshold,1,3.558067491027432,0.4495101089725687,10,14674.202473082296
threshold_19,threshold,1,3.4868108139672636,0.5207667860327374,10,14460.43244190179
threshold_18,threshold,1,3.5426131535601755,0.4649644464398269,10,14627.839460680527
threshold_17,threshold,2,3.546123421529783,0.4614541784702154,10,24364.97239395549
threshold_16,threshold,2,3.56927323671718,0.43830436328281863,10,24382.022183233836
threshold_19,threshold,2,3.4806285935061214,0.5269490064938782,10,23902.318222420152
threshold_18,threshold,2,3.5181569549940015,0.48942064500599897,10,24182.310325662533
threshold_17,threshold,3,3.5201504254230445,0.48742717457695556,10,33925.42367022463
threshold_16,threshold,3,3.466061773350268,0.5415158266497339,10,33780.20750328464
threshold_19,threshold,3,3.461977306399948,0.5456002936000522,10,33288.250141619996
threshold_18,threshold,3,3.5486111322606435,0.45896646773935473,10,33828.14372244447
threshold_21,threshold,1,3.4997402583449726,0.5078373416550277,10,14499.220775034917
threshold_20,threshold,1,3.5832548145007888,0.4243227854992101,10,14749.764443502367
threshold_23,threshold,1,3.4840258372444963,0.5235517627555033,10,14452.077511733489
threshold_22,threshold,1,3.5015005582986953,0.5060770417013053,10,14504.501674896086
threshold_21,threshold,2,3.5595094313803854,0.44806816861961357,10,24177.749069176076
threshold_20,threshold,2,3.532010530528627,0.4755670694713742,10,24345.79603508825
threshold_23,threshold,2,3.4633092690681275,0.5442683309318723,10,23842.00531893787
threshold_22,threshold,2,3.5138628530262963,0.4937147469737043,10,24046.090233974974
threshold_21,threshold,3,3.501138192152948,0.5064394078470515,10,33681.16364563492
threshold_20,threshold,3,3.578361181871333,0.4292164181286674,10,34080.87958070225
threshold_23,threshold,3,3.537551120717403,0.47002647928259683,10,33454.65868109008
threshold_22,threshold,3,3.5081851682658116,0.49939243173418923,10,33570.64573877241
threshold_25,threshold,1,3.547424463092702,0.4601531369072969,10,14642.273389278105
threshold_24,threshold,1,3.524377978800056,0.48319962119994453,10,14573.133936400169
threshold_27,threshold,1,3.481524689904386,0.5260529100956134,10,14444.574069713157
threshold_26,threshold,1,3.512952791905093,0.4946248080949067,10,14538.85837571528
threshold_25,threshold,2,3.5772961244119945,0.4302814755880054,10,24374.161762514086
threshold_24,threshold,2,3.5486057921264478,0.45897180787355174,10,24218.951312779514
threshold_27,threshold,2,3.514330250210422,0.493247349789579,10,23987.56482034442
threshold_26,threshold,2,3.6194043057462895,0.3881732942537102,10,24397.071292954148
threshold_25,threshold,3,3.4970515865236833,0.5105260134763173,10,33865.31652208514
threshold_24,threshold,3,3.495401925676386,0.5121756743236119,10,33705.15708980867
threshold_27,threshold,3,3.545254318410186,0.46232328158981456,10,33623.32777557498
threshold_26,threshold,3,3.4964188218467487,0.5111587781532516,10,33886.32775849439
threshold_29,threshold,1,3.4789062956900487,0.5286713043099512,10,14436.718887070147
threshold_28,threshold,1,3.486359489680838,0.5212181103191635,10,14459.078469042513
threshold_31,threshold,1,3.4533727438762605,0.5542048561237397,10,14360.118231628781
threshold_30,threshold,1,3.487750340035343,0.5198272599646563,10,14463.251020106029
threshold_29,threshold,2,3.5199113951756056,0.487666204824395,10,23996.453072596963
threshold_28,threshold,2,3.5422190705115355,0.4653585294884646,10,24085.73568057712
threshold_31,threshold,2,3.481392010269337,0.5261855897306641,10,23804.294262436793
threshold_30,threshold,2,3.5323544135486706,0.47522318645132927,10,24060.314260752042
threshold_29,threshold,3,3.5143408340760733,0.4932367659239268,10,33539.475574825185
threshold_28,threshold,3,3.546910239993137,0.4606673600068629,10,33726.46640055653
threshold_31,threshold,3,3.5012971254880374,0.5062804745119636,10,33308.185638900904
threshold_30,threshold,3,3.5505470351342767,0.45703056486572374,10,33711.95536615487
threshold_33,threshold,1,3.5312712083143136,0.476306391685687,10,14593.81362494294
threshold_32,threshold,1,3.472946200950314,0.5346313990496857,10,14418.838602850941
threshold_35,threshold,1,3.517538046207783,0.49003955379221864,10,14552.614138623348
threshold_34,threshold,1,3.5229365205711587,0.48464107942884194,10,14568.809561713477
threshold_33,threshold,2,3.534656411763138,0.4729211882368613,10,24197.782860232353
threshold_32,threshold,2,3.545312531418343,0.4622650685816568,10,24054.77619710597
threshold_35,threshold,2,3.5243158465349382,0.48326175346506306,10,24125.561678228165
threshold_34,threshold,2,3.5477750718216137,0.45980252817838557,10,24212.13477717832
threshold_33,threshold,3,3.5122586476040034,0.4953189523959956,10,33734.55880304436
threshold_32,threshold,3,3.5081643226500723,0.4994132773499276,10,33579.26916505619
threshold_35,threshold,3,3.5391960910022653,0.46838150899773456,10,33743.14995123496
threshold_34,threshold,3,3.5196879761112423,0.48788962388875723,10,33771.19870551205
threshold_37,threshold,1,3.5541226686778953,0.45345493132210507,10,14662.368006033686
threshold_36,threshold,1,3.492539427486359,0.5150381725136416,10,14477.618282459078
threshold_39,threshold,1,3.4954767861864484,0.5121008138135524,10,14486.430358559346
threshold_38,threshold,1,3.506083635716576,0.501493964283424,10,14518.250907149728
threshold_37,threshold,2,3.485941630772566,0.5216359692274337,10,24120.192898351386
threshold_36,threshold,2,3.5428882295937547,0.4646893704062463,10,24106.28297124034
threshold_39,threshold,2,3.4893034138145125,0.5182741861854877,10,23954.340600002884
threshold_38,threshold,2,3.5230621608087906,0.4845154391912086,10,24087.437389576102
threshold_37,threshold,3,3.493209302179431,0.5143682978205693,10,33599.82080488968
threshold_36,threshold,3,3.524782176139638,0.4827954238603624,10,33680.629499659255
threshold_39,threshold,3,3.5414112577838006,0.46616634221619857,10,33578.574373354284
threshold_38,threshold,3,3.487734567425501,0.5198430325744995,10,33550.64109185261
threshold_41,threshold,1,3.448201153047055,0.559376446952946,10,14344.603459141164
threshold_40,threshold,1,3.5503645271923023,0.45721307280769713,9,14751.093581576906
threshold_43,threshold,1,3.4875762587791628,0.520001341220837,10,14462.728776337488
threshold_42,threshold,1,3.513057068383488,0.4945205316165115,10,14539.171205150464
threshold_41,threshold,2,3.4984580309782247,0.5091195690217769,10,23839.97755207584
threshold_40,threshold,2,3.4811419077916113,0.5264356922083906,10,24194.51930495174
threshold_43,threshold,2,3.521906125671054,0.48567147432894653,10,24028.44715335065
threshold_42,threshold,2,3.513416216878996,0.4941613831210035,10,24079.41985578745
threshold_41,threshold,3,3.501618435531609,0.5059591644683903,10,33344.83285867067
threshold_40,threshold,3,3.474383067992795,0.5331945320072056,10,33617.668508930125
threshold_43,threshold,3,3.4660398693627434,0.5415377306372565,10,33426.56676143888
threshold_42,threshold,3,3.5370321671365055,0.4705454328634939,9,33790.51635719697
threshold_45,threshold,1,3.546718959098907,0.4608586409010932,9,14740.156877296722
threshold_44,threshold,1,3.4989484383414124,0.508629161658587,10,14496.845315024237
threshold_47,threshold,1,3.512703031816473,0.4948745681835262,9,14638.10909544942
threshold_46,threshold,1,3.4715395065464896,0.5360380934535102,10,14414.618519639469
threshold_45,threshold,2,3.529366982651646,0.4782106173483549,10,24328.25782525166
threshold_44,threshold,2,3.5165059319556593,0.49107166804434005,10,24046.363110891216
threshold_47,threshold,2,3.498368199121296,0.5092094008787047,10,24133.213692813308
threshold_46,threshold,2,3.5380325890283655,0.46954501097163426,10,24028.716286724564
threshold_45,threshold,3,3.519959977112319,0.48761762288768096,9,33988.13775658862
threshold_44,threshold,3,3.484966172216313,0.5226114277836881,10,33501.26162754015
threshold_47,threshold,3,3.5200329083525426,0.4875446916474595,10,33693.31241787093
threshold_46,threshold,3,3.5190820461824464,0.4884955538175524,10,33585.96242527191
threshold_49,threshold,1,3.4508976961886857,0.5566799038113132,10,14352.693088566057
threshold_48,threshold,1,3.5006607656031736,0.5069168343968277,10,14501.982296809521
threshold_51,threshold,1,3.5106564455130416,0.4969211544869572,10,14531.969336539125
threshold_50,threshold,1,3.5106970005027067,0.49688059949729385,10,14532.09100150812
threshold_49,threshold,2,3.4452798102510287,0.5622977897489724,10,23688.532519319142
threshold_48,threshold,2,3.484495543980527,0.5230820560194737,10,23955.468928751103
threshold_51,threshold,2,3.5286795115110317,0.4788980884889671,10,24118.00787107222
threshold_50,threshold,2,3.5104919791494305,0.4970856208505682,10,24063.566938956414
threshold_49,threshold,3,3.530245764378557,0.47733183562144105,9,33379.26981245481
threshold_48,threshold,3,3.4890474341684166,0.5185301658315848,10,33422.61123125635
threshold_51,threshold,3,3.4211635011911596,0.586414098808841,10,33381.4983746457
threshold_50,threshold,3,3.5436685250926714,0.4639090749073288,10,33694.57251423443
threshold_53,threshold,1,3.439814906952892,0.5677626930471077,10,14319.444720858675
threshold_52,threshold,1,3.4330968815973355,0.5744807184026641,10,14299.290644792007
threshold_55,threshold,1,3.4731043672017274,0.5344732327982723,10,14419.313101605183
threshold_54,threshold,1,3.460370319465003,0.5472072805349951,10,14381.11095839501
threshold_53,threshold,2,3.465472325164297,0.5421052748357029,10,23715.861696351567
threshold_52,threshold,2,3.436377602894723,0.5711999971052777,10,23608.423453476174
threshold_55,threshold,2,3.564527591538072,0.4430500084619295,9,24212.895876219398
threshold_54,threshold,2,3.4883641107369563,0.5192134892630459,10,23846.203290605878
threshold_53,threshold,3,3.484926146608797,0.5226514533912042,10,33170.64013617796
threshold_52,threshold,3,3.501274617053585,0.5063029829464136,9,33212.24730463693
threshold_55,threshold,3,3.5016195084848274,0.5059580915151729,10,33717.75440167388
threshold_54,threshold,3,3.526441871283324,0.4811357287166772,10,33425.528904455845
threshold_57,threshold,1,3.5178404996626518,0.489737100337349,9,14653.521498987955
threshold_56,threshold,1,3.5139677240122866,0.49360987598771494,10,14541.90317203686
threshold_59,threshold,1,3.5292414154361773,0.4783361845638226,10,14587.724246308531
threshold_58,threshold,1,3.5008060529214795,0.5067715470785218,10,14502.418158764438
threshold_57,threshold,2,3.5213551697667174,0.48622243023328254,10,24217.58700828811
threshold_56,threshold,2,3.4885581657132816,0.5190194342867188,10,24007.577669176702
threshold_59,threshold,2,3.4612709763164453,0.5463066236835553,10,23971.537175257865
threshold_58,threshold,2,3.4656003634652075,0.5419772365347928,10,23899.219249160058
threshold_57,threshold,3,3.5447805654649334,0.4627970345350657,9,33951.92870468291
threshold_56,threshold,3,3.449321572055244,0.5582560279447567,10,33355.542385342436
threshold_59,threshold,3,3.499729985473903,0.5078476145260972,10,33470.727131679574
threshold_58,threshold,3,3.4761694802338754,0.5314081197661249,10,33327.727689861684
threshold_61,threshold,1,3.5327108520126616,0.4748667479873382,10,14598.132556037985
threshold_60,threshold,1,3.464489579081528,0.5430880209184724,10,14393.468737244584
threshold_63,threshold,1,3.533608595102355,0.47396900489764476,10,14600.825785307065
threshold_62,threshold,1,3.5409326209543757,0.4666449790456237,9,14722.797862863126
threshold_61,threshold,2,3.529374976917108,0.47820262308289346,10,24186.25748678931
threshold_60,threshold,2,3.4972758031036015,0.510301796896398,10,23885.29614655539
threshold_63,threshold,2,3.472685656982778,0.5348919430172214,10,24018.8827562554
threshold_62,threshold,2,3.4976048321325095,0.5099727678674896,10,24215.612359260653
threshold_61,threshold,3,3.4887833260517835,0.5187942739482153,10,33652.60746494466
threshold_60,threshold,3,3.46062532588469,0.5469522741153091,10,33267.17212420946
threshold_63,threshold,3,3.5068708298602576,0.5007067701397429,10,33539.49524583617
threshold_62,threshold,3,3.485156454342796,0.5224211456572045,10,33671.08172228904
threshold_65,threshold,1,3.502455081159772,0.5051225188402299,10,14507.365243479317
threshold_64,threshold,1,3.524225883549381,0.48335171645061814,9,14672.677650648144
threshold_67,threshold,1,3.4901308091263887,0.5174467908736121,10,14470.392427379165
threshold_66,threshold,1,3.522125933046263,0.485451666953737,10,14566.377799138789
threshold_65,threshold,2,3.507752850033562,0.4998247499664386,9,24130.62379358
threshold_64,threshold,2,3.4629114428829766,0.5446661571170246,10,24061.411979297074
threshold_67,threshold,2,3.5041127246075274,0.5034648753924725,9,24082.730601201747
threshold_66,threshold,2,3.511330669093812,0.49624693090618893,9,24200.369806420225
threshold_65,threshold,3,3.5110143906934135,0.49656320930658726,9,33763.666965660246
threshold_64,threshold,3,3.491483974000191,0.5160936259998101,9,33635.86390129765
threshold_67,threshold,3,3.4922519647345167,0.5153256352654847,10,33559.4864954053
threshold_66,threshold,3,3.527460509879012,0.48011709012098847,10,33782.75133605726
threshold_69,threshold,1,3.5537904325521312,0.45378716744786896,9,14761.371297656393
threshold_68,threshold,1,3.4805759704057175,0.5270016295942825,9,14541.727911217153
threshold_71,threshold,1,3.4901875280634074,0.5173900719365938,10,14470.562584190222
threshold_70,threshold,1,3.548232400592618,0.4593451994073822,9,14744.697201777853
threshold_69,threshold,2,3.4505675343471918,0.5570100656528086,10,24113.073900697967
threshold_68,threshold,2,3.4488257186671682,0.5587518813328319,10,23888.20506721866
threshold_71,threshold,2,3.5225705670384735,0.4850070329615279,9,24138.27428530564
threshold_70,threshold,2,3.501369445995022,0.5062081540049783,10,24248.80553976292
threshold_69,threshold,3,3.532357497034265,0.4752201029657343,9,33810.146391800765
threshold_68,threshold,3,3.5417412036474496,0.4658363963525522,9,33613.428678161006
threshold_71,threshold,3,3.57355844067051,0.43401915932949114,9,33958.94960731717
threshold_70,threshold,3,3.5147449772051393,0.49283262279485984,10,33793.040471378335
threshold_73,threshold,1,3.5070169962072635,0.5005606037927356,10,14521.05098862179
threshold_72,threshold,1,3.500989611106586,0.5065879888934152,10,14502.968833319757
threshold_75,threshold,1,3.505280778458864,0.5022968215411373,10,14515.842335376592
threshold_74,threshold,1,3.5144688427445154,0.49310875725548386,10,14543.406528233547
threshold_73,threshold,2,3.5011891252084166,0.5063884747915832,10,24024.61836424704
threshold_72,threshold,2,3.519122145543323,0.4884554544566772,10,24060.335269949726
threshold_75,threshold,2,3.5084457141788983,0.499131885821102,10,24041.179477913287
threshold_74,threshold,2,3.5402630222807425,0.46731457771925755,10,24164.195595075777
threshold_73,threshold,3,3.4847483969880217,0.5228292030119804,10,33478.86355521111
threshold_72,threshold,3,3.4732354366369003,0.5343421633631007,10,33480.04157986042
threshold_75,threshold,3,3.5092722164824153,0.4983053835175858,10,33568.99612736053
threshold_74,threshold,3,3.4370066824638577,0.5705709175361421,10,33475.21564246735
threshold_77,threshold,1,3.5359442508025287,0.4716333491974728,10,14607.832752407587
threshold_76,threshold,1,3.4828471727864865,0.5247304272135138,10,14448.54151835946
threshold_79,threshold,1,3.489787136019689,0.5177904639803111,9,14569.361408059067
threshold_78,threshold,1,3.473849580301227,0.5337280196987731,10,14421.548740903681
threshold_77,threshold,2,3.5063037315450187,0.5012738684549801,9,24226.743947042643
threshold_76,threshold,2,3.5475601811842536,0.4600174188157473,10,24091.22206191222
threshold_79,threshold,2,3.490660322021165,0.5169172779788359,10,24041.342374122563
threshold_78,threshold,2,3.4927263001816398,0.5148512998183609,10,23899.7276414486
threshold_77,threshold,3,3.4846958985982175,0.5228817014017835,10,33680.83164283729
threshold_76,threshold,3,3.501364636322843,0.5062129636771591,10,33595.31597088075
threshold_79,threshold,3,3.482911610774613,0.5246659892253855,10,33490.0772064464
threshold_78,threshold,3,3.4777180314894687,0.5298595685105322,10,33332.881735917006
threshold_81,threshold,1,3.418607480721342,0.5889701192786582,7,14555.822442164026
threshold_80,threshold,1,3.3993128060087066,0.608264793991294,8,14397.93841802612
threshold_83,threshold,1,3.3958257525245474,0.6117518474754541,7,14487.477257573642
threshold_82,threshold,1,3.379695502114239,0.6278820978857614,8,14339.086506342717
threshold_81,threshold,2,3.404743324110642,0.6028342758893578,9,23870.052414495953
threshold_80,threshold,2,3.406100851026983,0.6014767489730177,8,23816.24097110707
threshold_83,threshold,2,3.402276447161542,0.6053011528384602,8,23894.30659905827
threshold_82,threshold,2,3.387875089950717,0.6197025100492837,8,23702.71177619487
threshold_81,threshold,3,3.4046938475319433,0.6028837524680569,7,33384.133957091784
threshold_80,threshold,3,3.4139284660322677,0.5936491339677324,7,33358.02636920387
threshold_83,threshold,3,3.3816500779518406,0.6259275220481605,8,33239.25683291379
threshold_82,threshold,3,3.3877197580499363,0.6198578419500652,8,33065.87105034468
threshold_85,threshold,1,3.3848924105464455,0.6226851894535553,8,14354.677231639336
threshold_84,threshold,1,3.3658117179505633,0.6417658820494382,9,14197.43515385169
threshold_87,threshold,1,3.4036454329751122,0.6039321670248897,8,14410.936298925337
threshold_86,threshold,1,3.410207175827456,0.5973704241725454,7,14530.621527482368
threshold_85,threshold,2,3.422033663003538,0.5855439369964617,7,23920.77822064995
threshold_84,threshold,2,3.391887894868489,0.6156897051315122,8,23573.098838457157
threshold_87,threshold,2,3.3903106954985747,0.6172669045014265,8,23781.86838542106
threshold_86,threshold,2,3.392108561021829,0.6154690389781722,8,23906.947210547856
threshold_85,threshold,3,3.3837921892143523,0.6237854107856482,8,33272.15478829301
threshold_84,threshold,3,3.3984321765873875,0.6091454234126135,8,32968.395368219324
threshold_87,threshold,3,3.4013120123913314,0.6062655876086691,7,33285.80442259506
threshold_86,threshold,3,3.401891292932104,0.605686307067896,9,33212.62108934417
threshold_89,threshold,1,3.384677065607831,0.6229005343921696,8,14354.031196823493
threshold_88,threshold,1,3.3658991878799256,0.6416784121200756,8,14297.697563639776
threshold_91,threshold,1,3.3822858625698013,0.6252917374302006,8,14346.857587709404
threshold_90,threshold,1,3.3820596574251574,0.6255179425748442,8,14346.178972275473
threshold_89,threshold,2,3.3862117848032343,0.6213658151967661,7,23812.666551233197
threshold_88,threshold,2,3.3752607065604567,0.6323168934395446,8,23623.479683321148
threshold_91,threshold,2,3.437586407461556,0.5699911925384431,7,23959.61681009407
threshold_90,threshold,2,3.4073673314426642,0.6002102685573365,8,23768.280966603466
threshold_89,threshold,3,3.397206595411437,0.6103710045885624,7,33304.28633746751
threshold_88,threshold,3,3.37777567754657,0.629801922453431,8,32956.80671596086
threshold_91,threshold,3,3.3816260139012337,0.6259515860987677,8,33304.494851797775
threshold_90,threshold,3,3.3754501945785886,0.6321274054214117,9,32994.63155033923
threshold_93,threshold,1,3.4210031109579,0.5865744890421002,7,14563.0093328737
threshold_92,threshold,1,3.4075738275664333,0.6000037724335685,8,14422.7214826993
threshold_95,threshold,1,3.3771715771382462,0.6304060228617553,8,14331.514731414738
threshold_94,threshold,1,3.391813229046594,0.6157643709534075,8,14375.439687139782
threshold_93,threshold,2,3.372794465210039,0.6347831347899618,8,23881.392728503815
threshold_92,threshold,2,3.4024405444310566,0.6051370555689451,8,23830.04311599247
threshold_95,threshold,2,3.381353654197347,0.6262239458026533,8,23675.57569400678
threshold_94,threshold,2,3.3845446706926623,0.6230329293073389,8,23729.07369921777
threshold_93,threshold,3,3.3925143591624085,0.6150632408375923,8,33258.935805991045
threshold_92,threshold,3,3.403218855000107,0.604358744999894,8,33239.699680992795
threshold_95,threshold,3,3.3907515526319116,0.6168260473680894,8,33047.830351902514
threshold_94,threshold,3,3.4258075895962423,0.5817700104037578,7,33306.496468006495
threshold_97,threshold,1,3.3729349252434306,0.6346426747565698,8,14318.804775730292
threshold_96,threshold,1,3.400884615260763,0.6066929847392379,8,14402.653845782288
threshold_99,threshold,1,3.400812494900203,0.6067651050997982,8,14402.43748470061
threshold_98,threshold,1,3.3961959700394666,0.6113816299605338,8,14388.5879101184
threshold_97,threshold,2,3.3868609772969585,0.6207166227030425,8,23679.387707621165
threshold_96,threshold,2,3.36927945386878,0.6382981461312199,8,23710.492207388626
threshold_99,threshold,2,3.4111094259167873,0.5964681740832128,7,23935.765762450974
threshold_98,threshold,2,3.397213516421406,0.6103640835785948,8,23780.22845938262
threshold_97,threshold,3,3.374112380765758,0.6334652192342426,8,33001.724849918435
threshold_96,threshold,3,3.4297779000262865,0.5777996999737129,7,33299.825907467486
threshold_99,threshold,3,3.3952903218442647,0.6122872781557361,7,33421.63672798377
threshold_98,threshold,3,3.3828439477456445,0.6247336522543564,8,33128.76030261955
threshold_101,threshold,1,3.3865106210231386,0.6210669789768624,8,14359.531863069416
threshold_100,threshold,1,3.4129596470473516,0.5946179529526499,8,14438.878941142055
threshold_103,threshold,1,3.379255243257353,0.6283223567426476,7,14437.76572977206
threshold_102,threshold,1,3.391363151994463,0.6162144480055365,8,14374.089455983389
threshold_101,threshold,2,3.4279428084900547,0.5796347915099469,8,23843.36028853958
threshold_100,threshold,2,3.3950513630271217,0.6125262369728802,8,23824.03303022342
threshold_103,threshold,2,3.3685791087215335,0.6389984912784671,8,23743.50305593666
threshold_102,threshold,2,3.4156041587858716,0.5919734412141285,8,23820.901932341003
threshold_101,threshold,3,3.381189455010207,0.6263881449897956,8,33186.9286535702
threshold_100,threshold,3,3.3821813808125434,0.6253962191874571,7,33270.577172661055
threshold_103,threshold,3,3.3765022053796545,0.6310753946203453,8,33073.00967207563
threshold_102,threshold,3,3.3896539046494714,0.617923695350529,8,33189.86364628942
threshold_105,threshold,1,3.360113622135123,0.6474639778648765,9,14180.34086640537
threshold_104,threshold,1,3.416116505131202,0.591461094868798,8,14448.349515393606
threshold_107,threshold,1,3.412491929469893,0.5950856705301073,7,14537.47578840968
threshold_106,threshold,1,3.374921601036762,0.6326559989632389,8,14324.764803110287
threshold_105,threshold,2,3.394225910822827,0.6133516891771739,8,23563.018598873852
threshold_104,threshold,2,3.420089571551551,0.5874880284484488,7,24008.618230048258
threshold_107,threshold,2,3.3963346005454214,0.6112429994545796,8,23926.479590045943
threshold_106,threshold,2,3.385229012987918,0.6223485870120827,9,23580.451842074042
threshold_105,threshold,3,3.383171339947869,0.6244062600521323,7,33012.53261871746
threshold_104,threshold,3,3.388879273341396,0.6186983266586066,8,33375.25605007244
threshold_107,threshold,3,3.3751512820883,0.632426317911701,8,33251.93343631084
threshold_106,threshold,3,3.388368818814673,0.619208781185329,8,32945.55829851806
threshold_109,threshold,1,3.3883939691396776,0.6191836308603239,8,14365.181907419033
threshold_108,threshold,1,3.3863560042854597,0.6212215957145409,8,14359.06801285638
threshold_111,threshold,1,3.3667066980849842,0.6408709019150162,9,14200.120094254953
threshold_110,threshold,1,3.3753956344605114,0.6321819655394897,8,14326.186903381535
threshold_109,threshold,2,3.4016265351849357,0.6059510648150653,7,23870.06151297384
threshold_108,threshold,2,3.3813188703770454,0.6262587296229551,8,23703.024623987516
threshold_111,threshold,2,3.40016476708235,0.6074128329176516,8,23600.614395502
threshold_110,threshold,2,3.3721284908619498,0.6354491091380509,8,23642.572375967386
threshold_109,threshold,3,3.4005564046719408,0.6070211953280609,7,33371.73072698966
threshold_108,threshold,3,3.38672635181354,0.6208512481864608,8,33063.20367942814
threshold_111,threshold,3,3.3945791290477985,0.6129984709522028,8,32984.3517826454
threshold_110,threshold,3,3.3839474912824885,0.6236301087175127,8,32994.41484981485
threshold_113,threshold,1,3.41803043902171,0.5895471609782916,8,14454.09131706513
threshold_112,threshold,1,3.385919178405527,0.6216584215944743,8,14357.757535216582
threshold_115,threshold,1,3.3983512862375944,0.6092263137624075,8,14395.053858712783
threshold_114,threshold,1,3.413211636776022,0.5943659632239776,8,14439.634910328066
threshold_113,threshold,2,3.3593632509149467,0.6482143490850537,9,23632.18106980997
threshold_112,threshold,2,3.378558649630869,0.6290189503691314,9,23593.43348410919
threshold_115,threshold,2,3.4104014797072804,0.5971761202927198,8,23826.258297834625
threshold_114,threshold,2,3.383574918443983,0.6240026815560183,8,23790.359665660013
threshold_113,threshold,3,3.3893916770011305,0.6181859229988704,9,32900.35610081336
threshold_112,threshold,3,3.3941324818227883,0.6134451181772129,8,32975.830929577554
threshold_115,threshold,3,3.384315150326362,0.6232624496736394,8,33179.203748813714
threshold_114,threshold,3,3.379429676124859,0.6281479238751416,9,33028.64869403459
threshold_117,threshold,1,3.371701896053633,0.6358757039463683,8,14315.105688160898
threshold_116,threshold,1,3.3831097884981634,0.6244678115018377,8,14349.32936549449
threshold_119,threshold,1,3.3840492187914273,0.6235283812085735,8,14352.147656374282
threshold_118,threshold,1,3.37556727637298,0.6320103236270211,8,14326.70182911894
threshold_117,threshold,2,3.3548022921680736,0.6527753078319266,8,23579.51256466512
threshold_116,threshold,2,3.404265997012372,0.6033116029876284,7,23862.127356531608
threshold_119,threshold,2,3.426525322940619,0.5810522770593823,8,23831.723625196137
threshold_118,threshold,2,3.3970776053616296,0.6104999946383715,7,23817.93464520383
threshold_117,threshold,3,3.3963097641728552,0.6112678358271451,8,32968.44185718369
threshold_116,threshold,3,3.3733080414281904,0.6342695585718116,8,33182.05148081618
threshold_119,threshold,3,3.392915035459373,0.6146625645406274,7,33310.468731574256
threshold_118,threshold,3,3.3822575768770653,0.6253200231229361,8,33164.70737583502
threshold_121,threshold,1,3.1923654837760513,0.8152121162239496,6,13977.096451328154
threshold_120,threshold,1,3.1870450687788634,0.8205325312211375,6,13961.13520633659
threshold_123,threshold,1,3.2032987941442594,0.8042788058557419,6,14009.896382432778
threshold_122,threshold,1,3.180487657554583,0.8270899424454184,6,13941.462972663749
threshold_121,threshold,2,3.2054830040306275,0.8020945959693728,6,22993.545463420036
threshold_120,threshold,2,3.1951767824622666,0.812400817537735,6,22946.66555372339
threshold_123,threshold,2,3.1776495696895326,0.829928030310468,6,22942.845091501375
threshold_122,threshold,2,3.2110404586130326,0.7965371413869688,6,22974.584348502845
threshold_121,threshold,3,3.198404665254073,0.8091729347459271,6,31988.759459182256
threshold_120,threshold,3,3.184482553277433,0.8230950467225691,6,31900.113213555687
threshold_123,threshold,3,3.189665128895769,0.8179124711042332,6,31911.840478188682
threshold_122,threshold,3,3.173375758326175,0.8342018416738246,6,31894.71162348137
threshold_125,threshold,1,3.2264025313214217,0.7811750686785784,6,14079.207593964265
threshold_124,threshold,1,3.1778985809573466,0.8296790190426543,6,13933.69574287204
threshold_127,threshold,1,3.153905822711012,0.8536717772889887,7,13761.717468133036
threshold_126,threshold,1,3.220740618667946,0.7868369813320536,6,14062.221856003838
threshold_125,threshold,2,3.2093088222231887,0.7982687777768116,5,23207.13406063383
threshold_124,threshold,2,3.2018981678772325,0.8056794321227677,6,22939.39024650374
threshold_127,threshold,2,3.1774846296148893,0.8300929703851114,7,22594.171356977706
threshold_126,threshold,2,3.2004097461387544,0.8071678538612457,6,23063.451094420103
threshold_125,threshold,3,3.1925335232315057,0.8150440767684949,6,32184.73463032835
threshold_124,threshold,3,3.1945442815893834,0.8130333184106177,6,31923.02309127189
threshold_127,threshold,3,3.1870283662526426,0.8205492337473586,6,31555.256455735635
threshold_126,threshold,3,3.2035977327926126,0.8039798672073865,5,32174.244292797943
threshold_129,threshold,1,3.2239187093286614,0.7836588906713392,6,14071.756127985984
threshold_128,threshold,1,3.2114639628003325,0.7961136371996673,6,14034.391888400998
threshold_131,threshold,1,3.1648267630855647,0.8427508369144371,6,13894.480289256693
threshold_130,threshold,1,3.15215902056041,0.8554185794395912,6,13856.47706168123
threshold_129,threshold,2,3.1806775368086995,0.826900063191302,6,23013.788738412084
threshold_128,threshold,2,3.2350672183882017,0.7725103816117992,6,23139.593543565603
threshold_131,threshold,2,3.18769687720486,0.8198807227951409,6,22857.570920871272
threshold_130,threshold,2,3.20666586725046,0.8009117327495414,6,22876.474663432607
threshold_129,threshold,3,3.173454230119067,0.8341233698809325,5,32034.151428769284
threshold_128,threshold,3,3.2062268294662055,0.8013507705337952,6,32158.274031964218
threshold_131,threshold,3,3.209904333757665,0.7976732662423348,6,31887.283922144266
threshold_130,threshold,3,3.201054027434304,0.8065235725656956,5,31979.63674573552
threshold_133,threshold,1,3.2062132983314426,0.8013643016685562,5,14118.639894994329
threshold_132,threshold,1,3.179884728221215,0.8276928717787854,7,13839.654184663645
threshold_135,threshold,1,3.154647921427334,0.8529296785726668,6,13863.943764282003
threshold_134,threshold,1,3.1623043615831192,0.8452732384168811,5,13986.913084749358
threshold_133,threshold,2,3.1671585334332524,0.840419066566749,6,23020.115495294085
threshold_132,threshold,2,3.1856335082422387,0.8219440917577621,6,22796.55470939036
threshold_135,threshold,2,3.2063182167671385,0.8012593832328626,6,22882.89841458342
threshold_134,threshold,2,3.2292358105990586,0.7783417894009409,6,23074.620516546536
threshold_133,threshold,3,3.192592361956514,0.8149852380434871,6,31997.89258116363
threshold_132,threshold,3,3.125999533815969,0.881578066184031,6,31574.553310838266
threshold_135,threshold,3,3.179342657201484,0.8282349427985146,5,31920.92638618787
threshold_134,threshold,3,3.2262427200169546,0.7813348799830453,6,32153.3486765974
threshold_137,threshold,1,3.2016431802162733,0.8059344197837285,6,14004.92954064882
threshold_136,threshold,1,3.2067928439292737,0.8007847560707275,6,14020.378531787821
threshold_139,threshold,1,3.2091977237701785,0.7983798762298219,5,14127.593171310536
threshold_138,threshold,1,3.156214863320708,0.8513627366792933,6,13868.644589962125
threshold_137,threshold,2,3.1904134996610414,0.8171641003389596,6,22976.170039631943
threshold_136,threshold,2,3.2099667513735057,0.7976108486264947,6,23050.27878590834
threshold_139,threshold,2,3.1588627536578207,0.848714846342181,6,23004.181432284
threshold_138,threshold,2,3.183960341967155,0.8236172580328457,6,22820.52561586359
threshold_137,threshold,3,3.184078179957168,0.8234994200428328,5,32028.404579503447
threshold_136,threshold,3,3.2183501734734445,0.7892274265265563,6,32105.329306328673
threshold_139,threshold,3,3.223556388991109,0.7840212110088917,6,32074.850599257326
threshold_138,threshold,3,3.22212276025235,0.7854548397476501,5,31986.89389662064
threshold_141,threshold,1,3.2000861286816282,0.8074914713183717,6,14000.258386044885
threshold_140,threshold,1,3.1960221666150326,0.8115554333849686,6,13988.066499845097
threshold_143,threshold,1,3.194179274268194,0.8133983257318069,6,13982.537822804583
threshold_142,threshold,1,3.1680940398558897,0.839483560144111,6,13904.28211956767
threshold_141,threshold,2,3.1971526443396403,0.8104249556603599,6,22991.716319063806
threshold_140,threshold,2,3.182950693635861,0.8246269063641383,6,22936.91858075268
threshold_143,threshold,2,3.190071706666302,0.8175058933336977,5,23052.75294280349
threshold_142,threshold,2,3.192029957261508,0.8155476427384918,6,22880.371991352193
threshold_141,threshold,3,3.1905993136540083,0.8169782863459928,6,31963.514260025833
threshold_140,threshold,3,3.1819813999666384,0.8255962000333623,6,31882.8627806526
threshold_143,threshold,3,3.199323005609106,0.8082545943908959,6,32050.72195963081
threshold_142,threshold,3,3.239410920116875,0.7681666798831245,5,32098.60475170282
threshold_145,threshold,1,3.1793497686378855,0.8282278313621152,6,13938.049305913657
threshold_144,threshold,1,3.2123360149828164,0.7952415850171829,6,14037.008044948449
threshold_147,threshold,1,3.157239293542176,0.8503383064578255,6,13871.717880626527
threshold_146,threshold,1,3.1950356156918778,0.812541984308123,6,13985.106847075633
threshold_145,threshold,2,3.1856771957787444,0.8219004042212567,6,22895.08089324989
threshold_144,threshold,2,3.158598450781283,0.8489791492187162,6,22912.803397292297
threshold_147,threshold,2,3.1884451440883277,0.8191324559116728,6,22837.053312891512
threshold_146,threshold,2,3.1833216140458407,0.8242559859541604,6,22935.071689213153
threshold_145,threshold,3,3.1707346332866546,0.8368429667133458,6,31807.284793109855
threshold_144,threshold,3,3.2108116686911465,0.7967659313088532,6,31945.238403365736
threshold_147,threshold,3,3.2308981973226962,0.7766794026773032,5,32029.7479048596
threshold_146,threshold,3,3.189566461222803,0.8180111387771983,6,31903.771072881562
threshold_149,threshold,1,3.176882536612079,0.8306950633879201,5,14030.647609836238
threshold_148,threshold,1,3.2028625928141885,0.8047150071858132,6,14008.587778442565
threshold_151,threshold,1,3.208127347240432,0.7994502527595685,5,14124.382041721296
threshold_150,threshold,1,3.1736813273495845,0.8338962726504167,6,13921.043982048754
threshold_149,threshold,2,3.1732700450152196,0.8343075549847809,6,22950.457744881896
threshold_148,threshold,2,3.208028473429264,0.7995491265707356,5,23132.673198730357
threshold_151,threshold,2,3.2116841547032524,0.7958934452967491,6,23159.434505831054
threshold_150,threshold,2,3.2019838277941415,0.805593772205859,6,22926.99546543118
threshold_149,threshold,3,3.172872941875373,0.8347046581246269,7,31769.076570508016
threshold_148,threshold,3,3.1881715568509925,0.8194060431490061,5,32197.187869283334
threshold_151,threshold,3,3.1883000566002493,0.8192775433997515,7,32024.334675631802
threshold_150,threshold,3,3.1630401674285493,0.844537432571452,6,31816.11596771683
threshold_153,threshold,1,3.181779983766901,0.8257976162330999,6,13945.339951300703
threshold_152,threshold,1,3.1725837668015133,0.8349938331984852,5,14017.75130040454
threshold_155,threshold,1,3.212580578628868,0.7949970213711328,6,14037.741735886604
threshold_154,threshold,1,3.1669788789245894,0.8405987210754117,6,13900.936636773768
threshold_153,threshold,2,3.1852454780945467,0.8223321219054541,6,22901.076385584343
threshold_152,threshold,2,3.1862476447575325,0.8213299552424678,6,22976.494234677135
threshold_155,threshold,2,3.211906573624014,0.7956710263759865,6,23073.461456758647
threshold_154,threshold,2,3.167538429420749,0.8400391705792511,6,22803.551925036016
threshold_153,threshold,3,3.192682317700704,0.8148952822992972,6,31879.123338686455
threshold_152,threshold,3,3.1943013341004365,0.8132762658995634,5,32059.398236978443
threshold_155,threshold,3,3.185665933090539,0.821911666909462,6,32030.459256030263
threshold_154,threshold,3,3.1699161476917452,0.8376614523082551,6,31713.300368111253
threshold_157,threshold,1,3.124319065970708,0.883258534029292,5,13872.957197912123
threshold_156,threshold,1,3.19434219160744,0.8132354083925616,6,13983.02657482232
threshold_159,threshold,1,3.201267459963361,0.8063101400366403,6,14003.802379890083
threshold_158,threshold,1,3.2044115300305958,0.8031660699694051,6,14013.234590091788
threshold_157,threshold,2,3.185590426264286,0.8219871737357152,6,22829.72847670498
threshold_156,threshold,2,3.1842163169833295,0.8233612830166703,6,22935.675525772305
threshold_159,threshold,2,3.206548511084837,0.801029088915163,5,23123.44791314459
threshold_158,threshold,2,3.16291316994514,0.844664430054861,6,22901.974099927207
threshold_157,threshold,3,3.162730089276389,0.8448475107236104,6,31717.918744534145
threshold_156,threshold,3,3.1898343141222916,0.81774328587771,6,31905.17846813918
threshold_159,threshold,3,3.2077680812830285,0.799809518716973,6,32146.752156993676
threshold_158,threshold,3,3.2421073921537626,0.7654702078462371,5,32128.296276388493
threshold_161,threshold,1,3.0006036038637807,1.0069739961362196,5,13501.810811591342
threshold_160,threshold,1,3.0210403285662837,0.9865372714337166,4,13663.120985698852
threshold_163,threshold,1,3.000878740461485,1.0066988595385136,5,13502.636221384455
threshold_162,threshold,1,3.0132913699297323,0.9942862300702665,5,13539.874109789196
threshold_161,threshold,2,3.001098647930776,1.0064789520692239,5,22005.10675538367
threshold_160,threshold,2,2.9790705310825394,1.0285070689174602,4,22200.332578946472
threshold_163,threshold,2,3.0380614548287337,0.9695161451712665,5,22116.820585870657
threshold_162,threshold,2,3.007451524968827,1.000126075031172,5,22062.228684695678
threshold_161,threshold,3,2.993660734175533,1.0139168658244677,5,30486.088957910266
threshold_160,threshold,3,3.0008929553235393,1.0066846446764612,5,30703.01144491709
threshold_163,threshold,3,3.0058887966115755,1.001688803388424,5,30634.486975705382
threshold_162,threshold,3,2.9894418462634054,1.0181357537365938,5,30530.554223485895
threshold_165,threshold,1,3.0248407965713886,0.9827368034286115,5,13574.522389714166
threshold_164,threshold,1,2.9964740217475794,1.0111035782524207,5,13489.422065242738
threshold_167,threshold,1,2.9963370344626714,1.0112405655373282,5,13489.011103388015
threshold_166,threshold,1,2.9771788052153294,1.030398794784671,5,13431.53641564599
threshold_165,threshold,2,2.987502388682654,1.0200752113173452,5,22037.02955576213
threshold_164,threshold,2,3.0126948270300646,0.9948827729699362,4,22127.50654633293
threshold_167,threshold,2,2.9757524073058494,1.0318251926941497,5,21916.268325305566
threshold_166,threshold,2,3.0127974997644014,0.9947801002355979,5,21969.92891493919
threshold_165,threshold,3,3.0330572698327174,0.9745203301672826,5,30636.20136526028
threshold_164,threshold,3,3.0149449913579454,0.9926326086420548,5,30672.341520406764
threshold_167,threshold,3,3.0159752738381918,0.9916023261618088,5,30464.19414682014
threshold_166,threshold,3,3.025676704215542,0.9819008957844583,4,30646.959027585817
threshold_169,threshold,1,2.986335141300941,1.0212424586990596,5,13459.005423902823
threshold_168,threshold,1,3.006395074464911,1.0011825255350886,5,13519.185223394734
threshold_171,threshold,1,3.0081109045552457,0.9994666954447543,5,13524.332713665737
threshold_170,threshold,1,2.9875379464407605,1.0200396535592382,5,13462.613839322281
threshold_169,threshold,2,2.9818176654952944,1.0257599345047064,5,21904.458420388706
threshold_168,threshold,2,2.991994587958869,1.0155830120411298,5,21995.16898727134
threshold_171,threshold,2,2.989187553771295,1.0183900462287043,5,21991.89537497962
threshold_170,threshold,2,3.0051766655237278,1.0024009344762723,5,21978.143835893465
threshold_169,threshold,3,3.000477978397956,1.0070996216020434,5,30405.892355582575
threshold_168,threshold,3,3.0112799991299433,0.9962976008700567,4,30629.00898466117
threshold_171,threshold,3,2.99597913858778,1.0115984614122193,5,30479.832790742963
threshold_170,threshold,3,2.9901066190561636,1.0174709809438351,5,30448.463693061956
threshold_173,threshold,1,3.000585024375032,1.006992575624968,5,13501.755073125096
threshold_172,threshold,1,2.980164509022243,1.0274130909777555,5,13440.493527066728
threshold_175,threshold,1,3.024508021074235,0.983069578925766,4,13673.524063222705
threshold_174,threshold,1,3.0134366218618958,0.9941409781381038,5,13540.309865585687
threshold_173,threshold,2,2.9925435709890276,1.015034029010972,5,21979.385786092178
threshold_172,threshold,2,3.0122759290714645,0.9953016709285339,4,22077.321314281122
threshold_175,threshold,2,3.0250328720242545,0.982544727975747,4,22348.62267929547
threshold_174,threshold,2,2.970839587266433,1.0367380127335655,4,22052.828627384988
threshold_173,threshold,3,2.998377858185741,1.0091997418142584,5,30474.5193606494
threshold_172,threshold,3,2.940479936628675,1.0670976633713243,5,30398.761124167147
threshold_175,threshold,3,2.972110183099166,1.0354674169008329,5,30764.953228592967
threshold_174,threshold,3,3.020075909726754,0.9875016902732449,4,30713.05635656525
threshold_177,threshold,1,3.0009613241890447,1.0066162758109547,4,13602.883972567133
threshold_176,threshold,1,2.9827743631657713,1.0248032368342286,4,13548.323089497313
threshold_179,threshold,1,3.0060952587335805,1.0014823412664189,5,13518.28577620074
threshold_178,threshold,1,2.9922367944890595,1.01534080551094,5,13476.710383467178
threshold_177,threshold,2,3.002769427139834,1.0048081728601654,4,22211.192253986635
threshold_176,threshold,2,2.9580582786383536,1.0495193213616458,5,21922.497925412375
threshold_179,threshold,2,2.978334572248749,1.02924302775125,5,21953.289492946988
threshold_178,threshold,2,2.962675379856217,1.044902220143783,5,21864.73652303583
threshold_177,threshold,3,2.9826281450094534,1.0249494549905462,4,30759.076689014997
threshold_176,threshold,3,2.98052772822244,1.02704987177756,5,30364.081110079696
threshold_179,threshold,3,3.00264032957723,1.0049372704227704,5,30461.210481678678
threshold_178,threshold,3,2.9883439401172662,1.0192336598827332,5,30329.76834338763
threshold_181,threshold,1,2.9987590244738316,1.008818575526169,5,13496.277073421496
threshold_180,threshold,1,3.01104731103186,0.9965302889681398,4,13633.14193309558
threshold_183,threshold,1,2.95297513712164,1.0546024628783601,5,13358.92541136492
threshold_182,threshold,1,2.977355576571858,1.0302220234281407,5,13432.066729715574
threshold_181,threshold,2,2.981902914122272,1.0256746858777275,5,21941.985815788314
threshold_180,threshold,2,2.9725957346448584,1.0349818653551421,5,22050.929137030154
threshold_183,threshold,2,2.9738300773323694,1.03374752266763,5,21780.41564336203
threshold_182,threshold,2,2.990695358085308,1.0168822419146917,5,21904.152803971498
threshold_181,threshold,3,3.0134554508761857,0.9941221491238141,5,30482.35216841687
threshold_180,threshold,3,3.010389554817044,0.9971880451829551,4,30682.097801481286
threshold_183,threshold,3,3.0019965468018577,1.0055810531981424,5,30286.405283767603
threshold_182,threshold,3,2.9846738600811427,1.0229037399188572,5,30358.174384214926
threshold_185,threshold,1,3.0248046415930414,0.9827729584069589,5,13574.413924779124
threshold_184,threshold,1,2.987598535567276,1.0199790644327236,5,13462.795606701828
threshold_187,threshold,1,3.0087890509465747,0.9987885490534253,5,13526.367152839724
threshold_186,threshold,1,3.0695068931162877,0.9380707068837117,4,13808.520679348863
threshold_185,threshold,2,3.0056495169807587,1.0019280830192414,5,22091.3624757214
threshold_184,threshold,2,2.9731011061026225,1.034476493897377,5,21882.098925009697
threshold_187,threshold,2,3.002597989028721,1.0049796109712785,5,22034.161119925888
threshold_186,threshold,2,3.0071907344819437,1.0003868655180557,5,22330.092882794692
threshold_185,threshold,3,2.9766095895054026,1.0309680104945969,5,30521.191244237605
threshold_184,threshold,3,3.0152068052601138,0.9923707947398868,5,30427.719340790038
threshold_187,threshold,3,3.034352910328626,0.9732246896713741,4,30737.219850911766
threshold_186,threshold,3,2.9777693483195633,1.0298082516804368,4,30863.400927753384
threshold_189,threshold,1,2.9740747774460186,1.0335028225539804,5,13422.224332338055
threshold_188,threshold,1,2.963990157618379,1.0435874423816198,5,13391.970472855137
threshold_191,threshold,1,3.0261141838464245,0.9814634161535755,5,13578.342551539274
threshold_190,threshold,1,3.0107745559416017,0.9968030440583987,4,13632.323667824805
threshold_189,threshold,2,3.0127430329994707,0.9948345670005294,4,22060.453431336467
threshold_188,threshold,2,2.989632657737666,1.0179449422623337,5,21860.868446068132
threshold_191,threshold,2,3.0139547064213916,0.9936228935786082,4,22220.206670803447
threshold_190,threshold,2,2.9729186542334185,1.0346589457665818,5,22051.079630525062
threshold_189,threshold,3,3.0083130804504923,0.9992645195495062,5,30585.392672687944
threshold_188,threshold,3,3.023323335861953,0.9842542641380463,5,30430.83845365399
threshold_191,threshold,3,3.019826641297549,0.9877509587024512,5,30779.686594696093
threshold_190,threshold,3,2.989414455512101,1.0181631444878994,4,30619.322997061365
threshold_193,threshold,1,2.9851193164838725,1.0224582835161264,5,13455.357949451618
threshold_192,threshold,1,2.9962004206764106,1.0113771793235897,5,13488.601262029231
threshold_195,threshold,1,2.994936267194759,1.0126413328052415,5,13484.808801584277
threshold_194,threshold,1,3.038645015382418,0.9689325846175814,4,13715.935046147253
threshold_193,threshold,2,3.029860610077967,0.9777169899220327,5,22044.93977968552
threshold_192,threshold,2,2.9885655541920397,1.0190120458079592,5,21954.29792460535
threshold_195,threshold,2,2.9804698117745008,1.0271077882254989,5,21926.21823690778
threshold_194,threshold,2,2.9891159025674128,1.0184616974325869,4,22283.28275384949
threshold_193,threshold,3,2.981853465173761,1.025724134826238,5,30490.500175206802
threshold_192,threshold,3,3.033509021779214,0.9740685782207865,4,30654.824989942994
threshold_195,threshold,3,3.0533377759303586,0.9542398240696409,4,30686.231564698854
threshold_194,threshold,3,2.980094975587294,1.0274826244127055,4,30823.56768061137
threshold_197,threshold,1,2.9506247228999736,1.0569528771000258,5,13351.87416869992
threshold_196,threshold,1,3.00598028470721,1.0015973152927913,4,13617.940854121629
threshold_199,threshold,1,3.0208980245896515,0.9866795754103475,5,13562.694073768955
threshold_198,threshold,1,2.9888272228822523,1.0187503771177464,5,13466.481668646757
threshold_197,threshold,2,2.949982434320858,1.0575951656791418,5,21701.821471662493
threshold_196,threshold,2,2.942712838005732,1.0648647619942682,4,22046.079368138824
threshold_199,threshold,2,3.000942624887242,1.0066349751127568,5,22065.52194843068
threshold_198,threshold,2,3.0086816738586304,0.998895926141369,4,22092.52669022265
threshold_197,threshold,3,3.0503876788370015,0.9571899211629993,4,30452.984508173497
threshold_196,threshold,3,2.9824505561458396,1.0251270438541595,5,30493.431036576345
threshold_199,threshold,3,2.9948533116032823,1.012724288396718,5,30550.081883240528
threshold_198,threshold,3,2.981132840329653,1.0264447596703463,5,30535.92521121161
