run_id,strategy,season,plot_x,plot_y,grain_tha,pest_loss_tha,spray_count,resistant_fraction
none_2,none,1,0,0,2.2598601771513596,1.7477174228486407,0,0.0
none_2,none,1,1,0,2.1780158016019975,1.829561798398004,0,0.0
none_2,none,1,2,0,2.1955023058456806,1.8120752941543206,0,0.0
none_2,none,1,3,0,2.2227580390892774,1.7848195609107236,0,0.0
none_2,none,1,4,0,2.212620870248439,1.7949567297515623,0,0.0
none_2,none,1,5,0,2.232418504693744,1.7751590953062564,0,0.0
none_2,none,1,6,0,2.222681068622301,1.7848965313777,0,0.0
none_2,none,1,7,0,2.219955313126477,1.7876222868735239,0,0.0
none_2,none,1,8,0,2.1919859864619275,1.8155916135380736,0,0.0
none_2,none,1,9,0,2.267927421433322,1.739650178566679,0,0.0
none_2,none,1,0,1,2.2114735735471216,1.7961040264528791,0,0.0
none_2,none,1,1,1,2.1569584999701976,1.8506191000298038,0,0.0
none_2,none,1,2,1,2.1787847858855485,1.8287928141144532,0,0.0
none_2,none,1,3,1,2.174228343946899,1.8333492560531028,0,0.0
none_2,none,1,4,1,2.1953218410371096,1.8122557589628918,0,0.0
none_2,none,1,5,1,2.1836306642504164,1.8239469357495848,0,0.0
none_2,none,1,6,1,2.177671442076011,1.8299061579239904,0,0.0
none_2,none,1,7,1,2.1863949180016973,1.8211826819983037,0,0.0
none_2,none,1,8,1,2.167892593866347,1.8396850061336545,0,0.0
none_2,none,1,9,1,2.1919596487229227,1.815617951277079,0,0.0
none_2,none,1,0,2,2.237859816969281,1.76971778303072,0,0.0
none_2,none,1,1,2,2.1650936788504604,1.8424839211495405,0,0.0
none_2,none,1,2,2,2.1860706746841765,1.821506925315825,0,0.0
none_2,none,1,3,2,2.2100592129138117,1.7975183870861893,0,0.0
none_2,none,1,4,2,2.2290876652133584,1.7784899347866423,0,0.0
none_2,none,1,5,2,2.211887970023276,1.795689629976725,0,0.0
none_2,none,1,6,2,2.2054925450202227,1.8020850549797782,0,0.0
none_2,none,1,7,2,2.2181462554850553,1.7894313445149457,0,0.0
none_2,none,1,8,2,2.1813074041485154,1.8262701958514855,0,0.0
none_2,none,1,9,2,2.1888162091752243,1.818761390824777,0,0.0
none_2,none,1,0,3,2.2221540442039904,1.7854235557960103,0,0.0
none_2,none,1,1,3,2.1969860873570246,1.8105915126429764,0,0.0
none_2,none,1,2,3,2.18408903543446,1.8234885645655414,0,0.0
none_2,none,1,3,3,2.1926893331857467,1.8148882668142545,0,0.0
none_2,none,1,4,3,2.2443187031950678,1.763258896804933,0,0.0
none_2,none,1,5,3,2.208719115205073,1.7988584847949285,0,0.0
none_2,none,1,6,3,2.2288257493225614,1.7787518506774391,0,0.0
none_2,none,1,7,3,2.2102635944403866,1.7973140055596144,0,0.0
none_2,none,1,8,3,2.179341541876361,1.8282360581236399,0,0.0
none_2,none,1,9,3,2.236348119845797,1.7712294801542041,0,0.0
none_2,none,1,0,4,2.245474529171992,1.7621030708280085,0,0.0
none_2,none,1,1,4,2.2149880061846723,1.7925895938153285,0,0.0
none_2,none,1,2,4,2.1820567365814716,1.8255208634185291,0,0.0
none_2,none,1,3,4,2.193671075626265,1.8139065243737365,0,0.0
none_2,none,1,4,4,2.2050564491754794,1.8025211508245218,0,0.0
none_2,none,1,5,4,2.199739366418445,1.807838233581556,0,0.0
none_2,none,1,6,4,2.1993361925326194,1.8082414074673818,0,0.0
none_2,none,1,7,4,2.1906957828920928,1.8168818171079084,0,0.0
none_2,none,1,8,4,2.1813083667542648,1.8262692332457366,0,0.0
none_2,none,1,9,4,2.2081336243665084,1.7994439756334928,0,0.0
none_2,none,1,0,5,2.263600510804937,1.743977089195064,0,0.0
none_2,none,1,1,5,2.2030887095045024,1.8044888904954988,0,0.0
none_2,none,1,2,5,2.1786040833170914,1.8289735166829102,0,0.0
none_2,none,1,3,5,2.206872343897464,1.8007052561025372,0,0.0
none_2,none,1,4,5,2.1967485432727503,1.8108290567272507,0,0.0
none_2,none,1,5,5,2.2098837284726973,1.7976938715273034,0,0.0
none_2,none,1,6,5,2.187284015479553,1.820293584520448,0,0.0
none_2,none,1,7,5,2.186364717959619,1.821212882040382,0,0.0
none_2,none,1,8,5,2.19962395564068,1.8079536443593214,0,0.0
none_2,none,1,9,5,2.2276215602168272,1.7799560397831735,0,0.0
none_2,none,1,0,6,2.2364302356540855,1.7711473643459152,0,0.0
none_2,none,1,1,6,2.162138550062257,1.8454390499377444,0,0.0
none_2,none,1,2,6,2.186848876832927,1.8207287231670741,0,0.0
none_2,none,1,3,6,2.1935905167146337,1.813987083285367,0,0.0
none_2,none,1,4,6,2.192662542762311,1.8149150572376902,0,0.0
none_2,none,1,5,6,2.1899944568652163,1.8175831431347846,0,0.0
none_2,none,1,6,6,2.1771789246002085,1.830398675399793,0,0.0
none_2,none,1,7,6,2.183342001000925,1.8242355989990762,0,0.0
none_2,none,1,8,6,2.1685976168425287,1.838979983157473,0,0.0
none_2,none,1,9,6,2.269923214593646,1.7376543854063549,0,0.0
none_2,none,1,0,7,2.228208946329623,1.7793686536703777,0,0.0
none_2,none,1,1,7,2.163865523812661,1.8437120761873402,0,0.0
none_2,none,1,2,7,2.1645669215466965,1.8430106784533047,0,0.0
none_2,none,1,3,7,2.1918415328539576,1.8157360671460436,0,0.0
none_2,none,1,4,7,2.18777794151786,1.8197996584821412,0,0.0
none_2,none,1,5,7,2.1903608773247325,1.8172167226752687,0,0.0
none_2,none,1,6,7,2.208849685910252,1.7987279140897492,0,0.0
none_2,none,1,7,7,2.1955091565271574,1.8120684434728438,0,0.0
none_2,none,1,8,7,2.204602346463445,1.802975253536556,0,0.0
none_2,none,1,9,7,2.247852937352851,1.7597246626471499,0,0.0
none_2,none,1,0,8,2.224126759102154,1.7834508408978471,0,0.0
none_2,none,1,1,8,2.1668096241868815,1.8407679758131201,0,0.0
none_2,none,1,2,8,2.1677723569657905,1.8398052430342111,0,0.0
none_2,none,1,3,8,2.160968705837338,1.8466088941626637,0,0.0
none_2,none,1,4,8,2.1685128305084276,1.8390647694915736,0,0.0
none_2,none,1,5,8,2.213755547616914,1.7938220523830868,0,0.0
none_2,none,1,6,8,2.222650451518324,1.7849271484816769,0,0.0
none_2,none,1,7,8,2.2020390773956096,1.8055385226043916,0,0.0
none_2,none,1,8,8,2.168562251210756,1.8390153487892458,0,0.0
none_2,none,1,9,8,2.202750670014766,1.8048269299852358,0,0.0
none_2,none,1,0,9,2.2941009368522045,1.7134766631477953,0,0.0
none_2,none,1,1,9,2.2118032798253693,1.795774320174632,0,0.0
none_2,none,1,2,9,2.215127546090537,1.792450053909464,0,0.0
none_2,none,1,3,9,2.2257813527631525,1.7817962472368485,0,0.0
none_2,none,1,4,9,2.2277726492129344,1.7798049507870668,0,0.0
none_2,none,1,5,9,2.2706056616570867,1.736971938342914,0,0.0
none_2,none,1,6,9,2.251706956330536,1.7558706436694644,0,0.0
none_2,none,1,7,9,2.2299679907919,1.777609609208101,0,0.0
none_2,none,1,8,9,2.208362724281663,1.799214875718338,0,0.0
none_2,none,1,9,9,2.2628967005690757,1.7446808994309253,0,0.0
none_3,none,1,0,0,2.2743145875383464,1.733263012461654,0,0.0
none_3,none,1,1,0,2.19265618309749,1.8149214169025112,0,0.0
none_3,none,1,2,0,2.234025447541328,1.7735521524586728,0,0.0
none_3,none,1,3,0,2.2266031381242994,1.780974461875702,0,0.0
none_3,none,1,4,0,2.234776366499011,1.77280123350099,0,0.0
none_3,none,1,5,0,2.264729437504908,1.7428481624950924,0,0.0
none_3,none,1,6,0,2.272231688513527,1.7353459114864733,0,0.0
none_3,none,1,7,0,2.2564932060422156,1.7510843939577854,0,0.0
none_3,none,1,8,0,2.1913065546124066,1.8162710453875945,0,0.0
none_3,none,1,9,0,2.250170674574654,1.7574069254253468,0,0.0
none_3,none,1,0,1,2.1982962337892515,1.8092813662107494,0,0.0
none_3,none,1,1,1,2.166861184063511,1.8407164159364902,0,0.0
none_3,none,1,2,1,2.2092056432689122,1.7983719567310887,0,0.0
none_3,none,1,3,1,2.1906669374713172,1.8169106625286833,0,0.0
none_3,none,1,4,1,2.17011078595868,1.8374668140413215,0,0.0
none_3,none,1,5,1,2.220964703919817,1.786612896080184,0,0.0
none_3,none,1,6,1,2.2073853665854792,1.8001922334145217,0,0.0
none_3,none,1,7,1,2.215393109102053,1.792184490897948,0,0.0
none_3,none,1,8,1,2.1810673479973026,1.8265102520026986,0,0.0
none_3,none,1,9,1,2.233248685899044,1.7743289141009575,0,0.0
none_3,none,1,0,2,2.2066377587796517,1.8009398412203492,0,0.0
none_3,none,1,1,2,2.1729352459924813,1.8346423540075198,0,0.0
none_3,none,1,2,2,2.172977672475206,1.834599927524795,0,0.0
none_3,none,1,3,2,2.2090943784277584,1.7984832215722426,0,0.0
none_3,none,1,4,2,2.1921181508350127,1.815459449164989,0,0.0
none_3,none,1,5,2,2.2116421169432225,1.7959354830567786,0,0.0
none_3,none,1,6,2,2.1818748655158675,1.8257027344841337,0,0.0
none_3,none,1,7,2,2.1861798541093114,1.82139774589069,0,0.0
none_3,none,1,8,2,2.1823414639018814,1.82523613609812,0,0.0
none_3,none,1,9,2,2.2439558348416835,1.7636217651583173,0,0.0
none_3,none,1,0,3,2.2188511198564913,1.7887264801435094,0,0.0
none_3,none,1,1,3,2.1739742247441063,1.8336033752558953,0,0.0
none_3,none,1,2,3,2.1761637037913006,1.8314138962087003,0,0.0
none_3,none,1,3,3,2.1979423123197885,1.8096352876802122,0,0.0
none_3,none,1,4,3,2.201169029809684,1.8064085701903168,0,0.0
none_3,none,1,5,3,2.217820182589754,1.7897574174102469,0,0.0
none_3,none,1,6,3,2.1748177167136986,1.832759883286303,0,0.0
none_3,none,1,7,3,2.1855909591348683,1.8219866408651328,0,0.0
none_3,none,1,8,3,2.1738056698618027,1.833771930138199,0,0.0
none_3,none,1,9,3,2.2397059353724216,1.7678716646275792,0,0.0
none_3,none,1,0,4,2.2344124253301567,1.7731651746698447,0,0.0
none_3,none,1,1,4,2.1605964661433044,1.8469811338566968,0,0.0
none_3,none,1,2,4,2.19967181014085,1.8079057898591508,0,0.0
none_3,none,1,3,4,2.181825664154883,1.8257519358451182,0,0.0
none_3,none,1,4,4,2.1904702972962946,1.8171073027037066,0,0.0
none_3,none,1,5,4,2.2003308039843827,1.8072467960156184,0,0.0
none_3,none,1,6,4,2.176363623280924,1.831213976719077,0,0.0
none_3,none,1,7,4,2.177875653169086,1.8297019468309148,0,0.0
none_3,none,1,8,4,2.186875105430581,1.8207024945694203,0,0.0
none_3,none,1,9,4,2.2273596537547364,1.7802179462452647,0,0.0
none_3,none,1,0,5,2.2559300878980078,1.7516475121019932,0,0.0
none_3,none,1,1,5,2.1636685517636964,1.8439090482363047,0,0.0
none_3,none,1,2,5,2.173004986938395,1.8345726130616056,0,0.0
none_3,none,1,3,5,2.200881412482891,1.8066961875171104,0,0.0
none_3,none,1,4,5,2.2136242991105535,1.7939533008894475,0,0.0
none_3,none,1,5,5,2.176206095508843,1.831371504491158,0,0.0
none_3,none,1,6,5,2.197680172857718,1.809897427142283,0,0.0
none_3,none,1,7,5,2.197795671151319,1.8097819288486818,0,0.0
none_3,none,1,8,5,2.1863439519703953,1.8212336480296063,0,0.0
none_3,none,1,9,5,2.254335723559118,1.7532418764408828,0,0.0
none_3,none,1,0,6,2.2462274271537104,1.7613501728462904,0,0.0
none_3,none,1,1,6,2.1657447275616275,1.841832872438374,0,0.0
none_3,none,1,2,6,2.184044402613092,1.8235331973869096,0,0.0
none_3,none,1,3,6,2.1676724790315616,1.8399051209684398,0,0.0
none_3,none,1,4,6,2.1932237724572685,1.8143538275427327,0,0.0
none_3,none,1,5,6,2.2091547633248307,1.7984228366751702,0,0.0
none_3,none,1,6,6,2.2044076672567643,1.803169932743237,0,0.0
none_3,none,1,7,6,2.2197634142685088,1.7878141857314924,0,0.0
none_3,none,1,8,6,2.186702204044514,1.8208753959554873,0,0.0
none_3,none,1,9,6,2.269387821809007,1.7381897781909934,0,0.0
none_3,none,1,0,7,2.2166580542899896,1.790919545710011,0,0.0
none_3,none,1,1,7,2.199820062981191,1.8077575370188104,0,0.0
none_3,none,1,2,7,2.205551314480505,1.8020262855194964,0,0.0
none_3,none,1,3,7,2.1686875836581923,1.8388900163418092,0,0.0
none_3,none,1,4,7,2.1898374534904828,1.8177401465095182,0,0.0
none_3,none,1,5,7,2.2057311509094935,1.8018464490905077,0,0.0
none_3,none,1,6,7,2.2260273771530543,1.7815502228469464,0,0.0
none_3,none,1,7,7,2.186011200700478,1.8215663992995232,0,0.0
none_3,none,1,8,7,2.1691373202927626,1.8384402797072386,0,0.0
none_3,none,1,9,7,2.2255990946254616,1.7819785053745394,0,0.0
none_3,none,1,0,8,2.1939473454688563,1.813630254531145,0,0.0
none_3,none,1,1,8,2.1511165778208685,1.856461022179133,0,0.0
none_3,none,1,2,8,2.1728602809660407,1.8347173190339603,0,0.0
none_3,none,1,3,8,2.211175165835275,1.7964024341647256,0,0.0
none_3,none,1,4,8,2.1625567018548173,1.8450208981451834,0,0.0
none_3,none,1,5,8,2.1912943570372945,1.8162832429627067,0,0.0
none_3,none,1,6,8,2.1764969868315074,1.8310806131684936,0,0.0
none_3,none,1,7,8,2.1809264608128722,1.8266511391871294,0,0.0
none_3,none,1,8,8,2.164882322762254,1.8426952772377476,0,0.0
none_3,none,1,9,8,2.181839328778442,1.8257382712215593,0,0.0
none_3,none,1,0,9,2.291635775676354,1.715941824323646,0,0.0
none_3,none,1,1,9,2.2161287749833813,1.7914488250166194,0,0.0
none_3,none,1,2,9,2.2249638124472284,1.7826137875527728,0,0.0
none_3,none,1,3,9,2.2256824965714914,1.7818951034285098,0,0.0
none_3,none,1,4,9,2.247371996154248,1.7602056038457523,0,0.0
none_3,none,1,5,9,2.2220970414138095,1.7854805585861917,0,0.0
none_3,none,1,6,9,2.253249306347894,1.754328293652107,0,0.0
none_3,none,1,7,9,2.2099554447970617,1.7976221552029392,0,0.0
none_3,none,1,8,9,2.176180456148304,1.8313971438516974,0,0.0
none_3,none,1,9,9,2.2734580978663783,1.7341195021336222,0,0.0
none_0,none,1,0,0,2.32825453194287,1.6793230680571298,0,0.0
none_0,none,1,1,0,2.248451449219125,1.7591261507808755,0,0.0
none_0,none,1,2,0,2.296491689031687,1.7110859109683134,0,0.0
none_0,none,1,3,0,2.2521218945612986,1.755455705438702,0,0.0
none_0,none,1,4,0,2.210177009068902,1.7974005909310993,0,0.0
none_0,none,1,5,0,2.1966958595897803,1.8108817404102204,0,0.0
none_0,none,1,6,0,2.2391255881409573,1.768452011859043,0,0.0
none_0,none,1,7,0,2.246188849641342,1.7613887503586583,0,0.0
none_0,none,1,8,0,2.174130205694684,1.8334473943053178,0,0.0
none_0,none,1,9,0,2.2742645161658253,1.733313083834175,0,0.0
none_0,none,1,0,1,2.234706054235393,1.7728715457646076,0,0.0
none_0,none,1,1,1,2.1965377718191057,1.8110398281808955,0,0.0
none_0,none,1,2,1,2.193562825599555,1.814014774400446,0,0.0
none_0,none,1,3,1,2.173306344749597,1.8342712552504044,0,0.0
none_0,none,1,4,1,2.1808726918471186,1.8267049081528828,0,0.0
none_0,none,1,5,1,2.1733171707282923,1.8342604292717086,0,0.0
none_0,none,1,6,1,2.1660246061386683,1.8415529938613329,0,0.0
none_0,none,1,7,1,2.171223186894092,1.8363544131059095,0,0.0
none_0,none,1,8,1,2.1630932907884137,1.8444843092115877,0,0.0
none_0,none,1,9,1,2.197949979597583,1.8096276204024182,0,0.0
none_0,none,1,0,2,2.200556239737909,1.8070213602620928,0,0.0
none_0,none,1,1,2,2.193778367585214,1.8137992324147865,0,0.0
none_0,none,1,2,2,2.175269656366658,1.8323079436333436,0,0.0
none_0,none,1,3,2,2.200271867652505,1.8073057323474961,0,0.0
none_0,none,1,4,2,2.1869336641175385,1.820643935882463,0,0.0
none_0,none,1,5,2,2.228091458698914,1.7794861413010865,0,0.0
none_0,none,1,6,2,2.1999298620851078,1.807647737914893,0,0.0
none_0,none,1,7,2,2.17151031932131,1.8360672806786915,0,0.0
none_0,none,1,8,2,2.1774716360966817,1.8301059639033193,0,0.0
none_0,none,1,9,2,2.255400263040632,1.7521773369593692,0,0.0
none_0,none,1,0,3,2.2236660501541388,1.7839115498458622,0,0.0
none_0,none,1,1,3,2.2038229797602855,1.803754620239716,0,0.0
none_0,none,1,2,3,2.2431731260443417,1.7644044739556588,0,0.0
none_0,none,1,3,3,2.1997985139499154,1.8077790860500857,0,0.0
none_0,none,1,4,3,2.2101682061252603,1.7974093938747402,0,0.0
none_0,none,1,5,3,2.211784423995313,1.7957931760046884,0,0.0
none_0,none,1,6,3,2.1897262986571815,1.8178513013428197,0,0.0
none_0,none,1,7,3,2.199140368393193,1.8084372316068076,0,0.0
none_0,none,1,8,3,2.203830589843741,1.8037470101562603,0,0.0
none_0,none,1,9,3,2.239839246946933,1.767738353053068,0,0.0
none_0,none,1,0,4,2.2389930194469714,1.7685845805530296,0,0.0
none_0,none,1,1,4,2.2040839899871965,1.8034936100128045,0,0.0
none_0,none,1,2,4,2.2223714668284984,1.7852061331715023,0,0.0
none_0,none,1,3,4,2.211332689707484,1.7962449102925166,0,0.0
none_0,none,1,4,4,2.1997523337494687,1.8078252662505323,0,0.0
none_0,none,1,5,4,2.1863935376583465,1.8211840623416546,0,0.0
none_0,none,1,6,4,2.195557561899978,1.812020038100023,0,0.0
none_0,none,1,7,4,2.1768348243763613,1.8307427756236399,0,0.0
none_0,none,1,8,4,2.199008934349619,1.8085686656503817,0,0.0
none_0,none,1,9,4,2.2367141678837177,1.770863432116283,0,0.0
none_0,none,1,0,5,2.215292993857994,1.7922846061420072,0,0.0
none_0,none,1,1,5,2.1808369520456328,1.8267406479543684,0,0.0
none_0,none,1,2,5,2.2203100569871688,1.7872675430128326,0,0.0
none_0,none,1,3,5,2.2238754671711187,1.7837021328288816,0,0.0
none_0,none,1,4,5,2.191663689755281,1.8159139102447202,0,0.0
none_0,none,1,5,5,2.179500643108686,1.8280769568913153,0,0.0
none_0,none,1,6,5,2.168281691070091,1.8392959089299106,0,0.0
none_0,none,1,7,5,2.186814203308956,1.820763396691045,0,0.0
none_0,none,1,8,5,2.1951238347559823,1.812453765244019,0,0.0
none_0,none,1,9,5,2.261685761332816,1.7458918386671856,0,0.0
none_0,none,1,0,6,2.229103942255464,1.7784736577445366,0,0.0
none_0,none,1,1,6,2.1787822353562327,1.8287953646437687,0,0.0
none_0,none,1,2,6,2.1967047646292204,1.810872835370781,0,0.0
none_0,none,1,3,6,2.1788831388933376,1.828694461106664,0,0.0
none_0,none,1,4,6,2.1718250464056807,1.8357525535943204,0,0.0
none_0,none,1,5,6,2.1867530768988863,1.820824523101115,0,0.0
none_0,none,1,6,6,2.1853070405422277,1.8222705594577735,0,0.0
none_0,none,1,7,6,2.190617673293526,1.8169599267064755,0,0.0
none_0,none,1,8,6,2.171843388421261,1.8357342115787407,0,0.0
none_0,none,1,9,6,2.2692298795189028,1.738347720481098,0,0.0
none_0,none,1,0,7,2.223899126529487,1.7836784734705138,0,0.0
none_0,none,1,1,7,2.167472611686357,1.840104988313644,0,0.0
none_0,none,1,2,7,2.1808682408743247,1.8267093591256762,0,0.0
none_0,none,1,3,7,2.202401695374929,1.805175904625072,0,0.0
none_0,none,1,4,7,2.2057549905332827,1.801822609466718,0,0.0
none_0,none,1,5,7,2.2106174932404494,1.7969601067595513,0,0.0
none_0,none,1,6,7,2.2081030549528142,1.7994745450471865,0,0.0
none_0,none,1,7,7,2.197861679140037,1.8097159208599638,0,0.0
none_0,none,1,8,7,2.1838619789586495,1.8237156210413517,0,0.0
none_0,none,1,9,7,2.241041880817735,1.766535719182266,0,0.0
none_0,none,1,0,8,2.2149354656654077,1.7926421343345933,0,0.0
none_0,none,1,1,8,2.1737372134960418,1.8338403865039596,0,0.0
none_0,none,1,2,8,2.1557571647807188,1.8518204352192829,0,0.0
none_0,none,1,3,8,2.1815856546217693,1.825991945378232,0,0.0
none_0,none,1,4,8,2.1943992675689667,1.8131783324310342,0,0.0
none_0,none,1,5,8,2.1898904520119737,1.8176871479880274,0,0.0
none_0,none,1,6,8,2.1783544247763413,1.82922317522366,0,0.0
none_0,none,1,7,8,2.187501903581801,1.8200756964182,0,0.0
none_0,none,1,8,8,2.1701636929204335,1.8374139070795679,0,0.0
none_0,none,1,9,8,2.178220022780961,1.8293575772190405,0,0.0
none_0,none,1,0,9,2.269161329892555,1.7384162701074457,0,0.0
none_0,none,1,1,9,2.2119423992196654,1.795635200780336,0,0.0
none_0,none,1,2,9,2.2237194326098697,1.7838581673901315,0,0.0
none_0,none,1,3,9,2.2234271996808226,1.7841504003191784,0,0.0
none_0,none,1,4,9,2.199490587763463,1.808087012236538,0,0.0
none_0,none,1,5,9,2.2118803727651817,1.7956972272348197,0,0.0
none_0,none,1,6,9,2.251344105541143,1.7562334944588582,0,0.0
none_0,none,1,7,9,2.2156954333039525,1.7918821666960485,0,0.0
none_0,none,1,8,9,2.211788383379975,1.7957892166200262,0,0.0
none_0,none,1,9,9,2.279561649273444,1.7280159507265562,0,0.0
none_1,none,1,0,0,2.26003461695531,1.7475429830446911,0,0.0
none_1,none,1,1,0,2.225295458693317,1.7822821413066836,0,0.0
none_1,none,1,2,0,2.216171301793183,1.7914062982068182,0,0.0
none_1,none,1,3,0,2.2038362794933604,1.8037413205066406,0,0.0
none_1,none,1,4,0,2.1907269239235387,1.816850676076463,0,0.0
none_1,none,1,5,0,2.20966578361789,1.7979118163821113,0,0.0
none_1,none,1,6,0,2.2286779936804,1.7788996063196012,0,0.0
none_1,none,1,7,0,2.2085337776880984,1.7990438223119032,0,0.0
none_1,none,1,8,0,2.202600664507748,1.8049769354922538,0,0.0
none_1,none,1,9,0,2.2762405863846418,1.7313370136153585,0,0.0
none_1,none,1,0,1,2.2072525907473426,1.8003250092526581,0,0.0
none_1,none,1,1,1,2.1655259573024375,1.8420516426975642,0,0.0
none_1,none,1,2,1,2.1760945555285547,1.8314830444714465,0,0.0
none_1,none,1,3,1,2.1641589865690523,1.8434186134309491,0,0.0
none_1,none,1,4,1,2.17004450134707,1.8375330986529315,0,0.0
none_1,none,1,5,1,2.152100920173598,1.8554766798264035,0,0.0
none_1,none,1,6,1,2.1534810977720564,1.8540965022279448,0,0.0
none_1,none,1,7,1,2.1635790218883777,1.8439985781116235,0,0.0
none_1,none,1,8,1,2.1730956914846775,1.834481908515324,0,0.0
none_1,none,1,9,1,2.225059889135981,1.7825177108640202,0,0.0
none_1,none,1,0,2,2.225942463949894,1.781635136050107,0,0.0
none_1,none,1,1,2,2.172291981601894,1.835285618398107,0,0.0
none_1,none,1,2,2,2.2078296330500597,1.799747966949941,0,0.0
none_1,none,1,3,2,2.2082317261360997,1.7993458738639012,0,0.0
none_1,none,1,4,2,2.1960633005265455,1.8115142994734554,0,0.0
none_1,none,1,5,2,2.190817546173911,1.81676005382609,0,0.0
none_1,none,1,6,2,2.1901948333452737,1.8173827666547275,0,0.0
none_1,none,1,7,2,2.188242416417149,1.819335183582852,0,0.0
none_1,none,1,8,2,2.177962952138834,1.8296146478611675,0,0.0
none_1,none,1,9,2,2.1988385962428687,1.8087390037571325,0,0.0
none_1,none,1,0,3,2.240930129734631,1.7666474702653698,0,0.0
none_1,none,1,1,3,2.1961240975408467,1.8114535024591545,0,0.0
none_1,none,1,2,3,2.1907069877864553,1.8168706122135456,0,0.0
none_1,none,1,3,3,2.2165201783645068,1.791057421635494,0,0.0
none_1,none,1,4,3,2.2282847024635193,1.7792928975364815,0,0.0
none_1,none,1,5,3,2.231905867356229,1.7756717326437719,0,0.0
none_1,none,1,6,3,2.193905303576688,1.813672296423313,0,0.0
none_1,none,1,7,3,2.1973392935662086,1.8102383064337924,0,0.0
none_1,none,1,8,3,2.1928285460133803,1.814749053986621,0,0.0
none_1,none,1,9,3,2.2001271260175774,1.8074504739824235,0,0.0
none_1,none,1,0,4,2.2374040953615997,1.7701735046384017,0,0.0
none_1,none,1,1,4,2.1934903676159245,1.8140872323840764,0,0.0
none_1,none,1,2,4,2.209221104028715,1.7983564959712859,0,0.0
none_1,none,1,3,4,2.1941563403502298,1.813421259649771,0,0.0
none_1,none,1,4,4,2.246663848299519,1.7609137517004818,0,0.0
none_1,none,1,5,4,2.2051975553661447,1.8023800446338558,0,0.0
none_1,none,1,6,4,2.193207326980603,1.814370273019398,0,0.0
none_1,none,1,7,4,2.1729843386704277,1.834593261329574,0,0.0
none_1,none,1,8,4,2.1773022625851195,1.830275337414882,0,0.0
none_1,none,1,9,4,2.2043367149951973,1.8032408850048038,0,0.0
none_1,none,1,0,5,2.2463652028915857,1.7612123971084155,0,0.0
none_1,none,1,1,5,2.1679493172715496,1.839628282728452,0,0.0
none_1,none,1,2,5,2.2241073633711377,1.7834702366288633,0,0.0
none_1,none,1,3,5,2.1867859156618836,1.8207916843381176,0,0.0
none_1,none,1,4,5,2.182794618096354,1.8247829819036472,0,0.0
none_1,none,1,5,5,2.1960255074281108,1.8115520925718904,0,0.0
none_1,none,1,6,5,2.186826866005321,1.8207507339946802,0,0.0
none_1,none,1,7,5,2.17916404860056,1.8284135513994415,0,0.0
none_1,none,1,8,5,2.171844480513458,1.835733119486543,0,0.0
none_1,none,1,9,5,2.2620154555550314,1.7455621444449694,0,0.0
none_1,none,1,0,6,2.249461531311779,1.7581160686882218,0,0.0
none_1,none,1,1,6,2.1853402697692927,1.8222373302307082,0,0.0
none_1,none,1,2,6,2.1847271223362372,1.8228504776637644,0,0.0
none_1,none,1,3,6,2.1825772720081376,1.8250003279918638,0,0.0
none_1,none,1,4,6,2.177229408561798,1.8303481914382034,0,0.0
none_1,none,1,5,6,2.191663610737264,1.8159139892627372,0,0.0
none_1,none,1,6,6,2.1688440900494697,1.8387335099505313,0,0.0
none_1,none,1,7,6,2.1812393232510563,1.8263382767489449,0,0.0
none_1,none,1,8,6,2.172049018531353,1.8355285814686482,0,0.0
none_1,none,1,9,6,2.2511889857094394,1.7563886142905616,0,0.0
none_1,none,1,0,7,2.2617967727022488,1.7457808272977517,0,0.0
none_1,none,1,1,7,2.1796891916966374,1.827888408303364,0,0.0
none_1,none,1,2,7,2.1879247481034523,1.819652851896549,0,0.0
none_1,none,1,3,7,2.19181219428852,1.815765405711481,0,0.0
none_1,none,1,4,7,2.2036786582813,1.8038989417187012,0,0.0
none_1,none,1,5,7,2.1756277625641274,1.8319498374358743,0,0.0
none_1,none,1,6,7,2.1826052256701227,1.8249723743298787,0,0.0
none_1,none,1,7,7,2.1672281139977234,1.8403494860022778,0,0.0
none_1,none,1,8,7,2.164445608811168,1.8431319911888335,0,0.0
none_1,none,1,9,7,2.2095939337281085,1.7979836662718924,0,0.0
none_1,none,1,0,8,2.201502622229814,1.8060749777701872,0,0.0
none_1,none,1,1,8,2.1863793906010653,1.821198209398936,0,0.0
none_1,none,1,2,8,2.191799048186221,1.8157785518137803,0,0.0
none_1,none,1,3,8,2.1764554238295113,1.8311221761704903,0,0.0
none_1,none,1,4,8,2.198980562345413,1.808597037654588,0,0.0
none_1,none,1,5,8,2.202164712736202,1.8054128872637991,0,0.0
none_1,none,1,6,8,2.1623808700428175,1.8451967299571834,0,0.0
none_1,none,1,7,8,2.1838600649894344,1.823717535010567,0,0.0
none_1,none,1,8,8,2.1622123568069296,1.8453652431930718,0,0.0
none_1,none,1,9,8,2.1981852810298825,1.8093923189701187,0,0.0
none_1,none,1,0,9,2.249840747379459,1.7577368526205412,0,0.0
none_1,none,1,1,9,2.209686383411451,1.7978912165885503,0,0.0
none_1,none,1,2,9,2.2351124262639237,1.772465173736077,0,0.0
none_1,none,1,3,9,2.228656984287869,1.778920615712132,0,0.0
none_1,none,1,4,9,2.2623904580844196,1.7451871419155813,0,0.0
none_1,none,1,5,9,2.2367523891984216,1.7708252108015794,0,0.0
none_1,none,1,6,9,2.238708062948266,1.7688695370517349,0,0.0
none_1,none,1,7,9,2.212065372372281,1.79551222762772,0,0.0
none_1,none,1,8,9,2.2039694523284057,1.8036081476715953,0,0.0
none_1,none,1,9,9,2.2634916768246884,1.744085923175312,0,0.0
none_2,none,2,0,0,2.2726327776175457,1.734944822382455,0,0.0
none_2,none,2,1,0,2.1802579264675463,1.8273196735324553,0,0.0
none_2,none,2,2,0,2.1862676763901185,1.821309923609883,0,0.0
none_2,none,2,3,0,2.224444297273944,1.7831333027260567,0,0.0
none_2,none,2,4,0,2.2516836390551362,1.7558939609448647,0,0.0
none_2,none,2,5,0,2.28362194865813,1.7239556513418708,0,0.0
none_2,none,2,6,0,2.2376801379756803,1.7698974620243209,0,0.0
none_2,none,2,7,0,2.2450330503158127,1.7625445496841883,0,0.0
none_2,none,2,8,0,2.2126385384757348,1.7949390615242664,0,0.0
none_2,none,2,9,0,2.2628274197498564,1.7447501802501442,0,0.0
none_2,none,2,0,1,2.1949285699641075,1.812649030035894,0,0.0
none_2,none,2,1,1,2.1511239532642072,1.8564536467357942,0,0.0
none_2,none,2,2,1,2.1630380390856057,1.8445395609143953,0,0.0
none_2,none,2,3,1,2.1618969361837337,1.8456806638162673,0,0.0
none_2,none,2,4,1,2.1938427977302286,1.8137348022697726,0,0.0
none_2,none,2,5,1,2.2085913435573925,1.7989862564426082,0,0.0
none_2,none,2,6,1,2.1920728232398385,1.8155047767601622,0,0.0
none_2,none,2,7,1,2.2041789659852893,1.8033986340147121,0,0.0
none_2,none,2,8,1,2.1523521351355415,1.8552254648644597,0,0.0
none_2,none,2,9,1,2.1887592348526788,1.8188183651473226,0,0.0
none_2,none,2,0,2,2.1878787487774587,1.819698851222543,0,0.0
none_2,none,2,1,2,2.150588429948083,1.8569891700519188,0,0.0
none_2,none,2,2,2,2.1805629262482022,1.8270146737517994,0,0.0
none_2,none,2,3,2,2.192715408864769,1.8148621911352323,0,0.0
none_2,none,2,4,2,2.2120467250273173,1.795530874972684,0,0.0
none_2,none,2,5,2,2.2495133822799627,1.7580642177200374,0,0.0
none_2,none,2,6,2,2.2059480720563505,1.801629527943651,0,0.0
none_2,none,2,7,2,2.1769797550268426,1.8305978449731586,0,0.0
none_2,none,2,8,2,2.1582557441320596,1.8493218558679416,0,0.0
none_2,none,2,9,2,2.2211564016151417,1.7864211983848595,0,0.0
none_2,none,2,0,3,2.213718372221115,1.7938592277788863,0,0.0
none_2,none,2,1,3,2.183708786585956,1.8238688134140453,0,0.0
none_2,none,2,2,3,2.1846355007816545,1.822942099218347,0,0.0
none_2,none,2,3,3,2.1916716678559096,1.8159059321440918,0,0.0
none_2,none,2,4,3,2.188076317198739,1.819501282801262,0,0.0
none_2,none,2,5,3,2.206098741210035,1.801478858789966,0,0.0
none_2,none,2,6,3,2.2101500889934447,1.7974275110065563,0,0.0
none_2,none,2,7,3,2.16719605758127,1.8403815424187309,0,0.0
none_2,none,2,8,3,2.198128529743203,1.8094490702567978,0,0.0
none_2,none,2,9,3,2.200810894496847,1.8067667055031547,0,0.0
none_2,none,2,0,4,2.226820545487322,1.7807570545126792,0,0.0
none_2,none,2,1,4,2.204524902483872,1.803052697516129,0,0.0
none_2,none,2,2,4,2.1898396715777597,1.8177379284222412,0,0.0
none_2,none,2,3,4,2.2166162399577205,1.7909613600422802,0,0.0
none_2,none,2,4,4,2.200171705802652,1.807405894197349,0,0.0
none_2,none,2,5,4,2.2105792294950093,1.796998370504992,0,0.0
none_2,none,2,6,4,2.183253623158999,1.8243239768410022,0,0.0
none_2,none,2,7,4,2.209767164245922,1.797810435754079,0,0.0
none_2,none,2,8,4,2.1649164474502802,1.8426611525497212,0,0.0
none_2,none,2,9,4,2.216317457655481,1.7912601423445202,0,0.0
none_2,none,2,0,5,2.2395657618255256,1.7680118381744754,0,0.0
none_2,none,2,1,5,2.202235403061697,1.8053421969383041,0,0.0
none_2,none,2,2,5,2.215992329240599,1.791585270759402,0,0.0
none_2,none,2,3,5,2.2001704803058475,1.8074071196941537,0,0.0
none_2,none,2,4,5,2.1986847902052196,1.8088928097947818,0,0.0
none_2,none,2,5,5,2.2087131854639983,1.7988644145360024,0,0.0
none_2,none,2,6,5,2.237137979238126,1.7704396207618749,0,0.0
none_2,none,2,7,5,2.1963964105913734,1.8111811894086278,0,0.0
none_2,none,2,8,5,2.1680561302294015,1.8395214697706,0,0.0
none_2,none,2,9,5,2.2106012967748723,1.7969763032251282,0,0.0
none_2,none,2,0,6,2.215901470395843,1.7916761296041583,0,0.0
none_2,none,2,1,6,2.164601163566473,1.8429764364335284,0,0.0
none_2,none,2,2,6,2.1885551571593753,1.8190224428406256,0,0.0
none_2,none,2,3,6,2.2156218459242085,1.7919557540757922,0,0.0
none_2,none,2,4,6,2.183211810373466,1.824365789626535,0,0.0
none_2,none,2,5,6,2.1935237653380217,1.8140538346619792,0,0.0
none_2,none,2,6,6,2.190097118232278,1.8174804817677233,0,0.0
none_2,none,2,7,6,2.229874967465586,1.7777026325344147,0,0.0
none_2,none,2,8,6,2.1797184502597307,1.827859149740271,0,0.0
none_2,none,2,9,6,2.241072814286732,1.7665047857132683,0,0.0
none_2,none,2,0,7,2.1945493119519304,1.8130282880480715,0,0.0
none_2,none,2,1,7,2.1677464480336397,1.8398311519663617,0,0.0
none_2,none,2,2,7,2.2000985347230158,1.8074790652769852,0,0.0
none_2,none,2,3,7,2.194365277069708,1.8132123229302932,0,0.0
none_2,none,2,4,7,2.1760710409892856,1.831506559010716,0,0.0
none_2,none,2,5,7,2.1728107978398343,1.8347668021601673,0,0.0
none_2,none,2,6,7,2.18330718982051,1.824270410179491,0,0.0
none_2,none,2,7,7,2.191064463273913,1.816513136726088,0,0.0
none_2,none,2,8,7,2.205744604071869,1.801832995928132,0,0.0
none_2,none,2,9,7,2.256868727287327,1.750708872712674,0,0.0
none_2,none,2,0,8,2.19827315802128,1.8093044419787214,0,0.0
none_2,none,2,1,8,2.1455911886161356,1.861986411383866,0,0.0
none_2,none,2,2,8,2.1741500899562487,1.8334275100437527,0,0.0
none_2,none,2,3,8,2.218734598475768,1.7888430015242327,0,0.0
none_2,none,2,4,8,2.2145869261727165,1.7929906738272836,0,0.0
none_2,none,2,5,8,2.187251631324992,1.8203259686750088,0,0.0
none_2,none,2,6,8,2.168596882215922,1.8389807177840791,0,0.0
none_2,none,2,7,8,2.1871312366667532,1.8204463633332482,0,0.0
none_2,none,2,8,8,2.145534372370231,1.8620432276297703,0,0.0
none_2,none,2,9,8,2.218050655346041,1.7895269446539601,0,0.0
none_2,none,2,0,9,2.262783083729576,1.7447945162704246,0,0.0
none_2,none,2,1,9,2.194471268271478,1.8131063317285234,0,0.0
none_2,none,2,2,9,2.1996707581995336,1.8079068418004673,0,0.0
none_2,none,2,3,9,2.237072811229957,1.770504788770044,0,0.0
none_2,none,2,4,9,2.2769956121119552,1.7305819878880453,0,0.0
none_2,none,2,5,9,2.222484314961584,1.785093285038417,0,0.0
none_2,none,2,6,9,2.209379339836659,1.7981982601633422,0,0.0
none_2,none,2,7,9,2.2004158974119497,1.807161702588051,0,0.0
none_2,none,2,8,9,2.183982903503468,1.823594696496534,0,0.0
none_2,none,2,9,9,2.279352574617683,1.7282250253823173,0,0.0
none_3,none,2,0,0,2.3060773920475515,1.7015002079524488,0,0.0
none_3,none,2,1,0,2.2318443996055533,1.7757332003944473,0,0.0
none_3,none,2,2,0,2.237276785543535,1.7703008144564656,0,0.0
none_3,none,2,3,0,2.2104738832526567,1.7971037167473447,0,0.0
none_3,none,2,4,0,2.225368125565322,1.782209474434679,0,0.0
none_3,none,2,5,0,2.2146286580186474,1.7929489419813534,0,0.0
none_3,none,2,6,0,2.2103353497997626,1.7972422502002385,0,0.0
none_3,none,2,7,0,2.2178467819614576,1.7897308180385438,0,0.0
none_3,none,2,8,0,2.1900979052144782,1.8174796947855232,0,0.0
none_3,none,2,9,0,2.225250759047952,1.7823268409520487,0,0.0
none_3,none,2,0,1,2.1966065413383458,1.8109710586616554,0,0.0
none_3,none,2,1,1,2.1639084498650565,1.843669150134945,0,0.0
none_3,none,2,2,1,2.2001894692051276,1.8073881307948736,0,0.0
none_3,none,2,3,1,2.204970355348594,1.802607244651407,0,0.0
none_3,none,2,4,1,2.2186340331788252,1.7889435668211757,0,0.0
none_3,none,2,5,1,2.2001989858235693,1.8073786141764319,0,0.0
none_3,none,2,6,1,2.1763587844013346,1.8312188155986666,0,0.0
none_3,none,2,7,1,2.167984217881795,1.8395933821182064,0,0.0
none_3,none,2,8,1,2.1547255044640714,1.8528520955359304,0,0.0
none_3,none,2,9,1,2.1889347488297974,1.818642851170204,0,0.0
none_3,none,2,0,2,2.21516916735907,1.7924084326409309,0,0.0
none_3,none,2,1,2,2.1628766852569075,1.8447009147430933,0,0.0
none_3,none,2,2,2,2.1866783466787854,1.8208992533212156,0,0.0
none_3,none,2,3,2,2.20114168991212,1.806435910087881,0,0.0
none_3,none,2,4,2,2.2036603699505726,1.8039172300494284,0,0.0
none_3,none,2,5,2,2.1917184083915906,1.8158591916084104,0,0.0
none_3,none,2,6,2,2.174911962161172,1.8326656378388295,0,0.0
none_3,none,2,7,2,2.1957094812293767,1.811868118770624,0,0.0
none_3,none,2,8,2,2.1701269890703303,1.8374506109296713,0,0.0
none_3,none,2,9,2,2.2105810650876943,1.7969965349123072,0,0.0
none_3,none,2,0,3,2.2546265204309974,1.7529510795690033,0,0.0
none_3,none,2,1,3,2.177654695797543,1.8299229042024585,0,0.0
none_3,none,2,2,3,2.1806325095708137,1.8269450904291875,0,0.0
none_3,none,2,3,3,2.19010532741515,1.817472272584851,0,0.0
none_3,none,2,4,3,2.18964556779529,1.817932032204711,0,0.0
none_3,none,2,5,3,2.1949869198357317,1.8125906801642695,0,0.0
none_3,none,2,6,3,2.1989094914180747,1.808668108581926,0,0.0
none_3,none,2,7,3,2.180009775369383,1.8275678246306182,0,0.0
none_3,none,2,8,3,2.1776397986649823,1.829937801335019,0,0.0
none_3,none,2,9,3,2.2161183119947525,1.7914592880052485,0,0.0
none_3,none,2,0,4,2.197501654703399,1.8100759452966027,0,0.0
none_3,none,2,1,4,2.165373817254636,1.842203782745365,0,0.0
none_3,none,2,2,4,2.190013927623222,1.817563672376779,0,0.0
none_3,none,2,3,4,2.1678186472671443,1.8397589527328573,0,0.0
none_3,none,2,4,4,2.1983354696319073,1.809242130368094,0,0.0
none_3,none,2,5,4,2.215734675542474,1.7918429244575274,0,0.0
none_3,none,2,6,4,2.225919912689849,1.781657687310152,0,0.0
none_3,none,2,7,4,2.20433790833108,1.803239691668921,0,0.0
none_3,none,2,8,4,2.1811479744406226,1.8264296255593788,0,0.0
none_3,none,2,9,4,2.189556767731991,1.8180208322680103,0,0.0
none_3,none,2,0,5,2.199512285553428,1.8080653144465737,0,0.0
none_3,none,2,1,5,2.1575282129374975,1.850049387062504,0,0.0
none_3,none,2,2,5,2.183062410133774,1.8245151898662266,0,0.0
none_3,none,2,3,5,2.2036104148355817,1.803967185164419,0,0.0
none_3,none,2,4,5,2.2262867789244036,1.7812908210755976,0,0.0
none_3,none,2,5,5,2.255680341860008,1.7518972581399923,0,0.0
none_3,none,2,6,5,2.24018446798025,1.767393132019751,0,0.0
none_3,none,2,7,5,2.1706812059089295,1.8368963940910719,0,0.0
none_3,none,2,8,5,2.161539644824591,1.8460379551754105,0,0.0
none_3,none,2,9,5,2.1991758909134878,1.8084017090865134,0,0.0
none_3,none,2,0,6,2.2228965855278493,1.7846810144721519,0,0.0
none_3,none,2,1,6,2.157820961421222,1.84975663857878,0,0.0
none_3,none,2,2,6,2.1772542593650837,1.8303233406349173,0,0.0
none_3,none,2,3,6,2.210422138899152,1.797155461100849,0,0.0
none_3,none,2,4,6,2.248095384929858,1.7594822150701428,0,0.0
none_3,none,2,5,6,2.2209365811806094,1.7866410188193913,0,0.0
none_3,none,2,6,6,2.172838122445974,1.8347394775540273,0,0.0
none_3,none,2,7,6,2.2117435457317134,1.7958340542682876,0,0.0
none_3,none,2,8,6,2.1688903951433884,1.8386872048566127,0,0.0
none_3,none,2,9,6,2.1843585711229774,1.823219028877024,0,0.0
none_3,none,2,0,7,2.2177623305745966,1.7898152694254046,0,0.0
none_3,none,2,1,7,2.1767805900767105,1.8307970099232904,0,0.0
none_3,none,2,2,7,2.1752174351285865,1.8323601648714145,0,0.0
none_3,none,2,3,7,2.2366403051001145,1.7709372948998865,0,0.0
none_3,none,2,4,7,2.1944159844662803,1.813161615533721,0,0.0
none_3,none,2,5,7,2.1924797878668265,1.8150978121331747,0,0.0
none_3,none,2,6,7,2.1677358569711154,1.839841743028886,0,0.0
none_3,none,2,7,7,2.1795894063571146,1.8279881936428866,0,0.0
none_3,none,2,8,7,2.1725360343798195,1.8350415656201815,0,0.0
none_3,none,2,9,7,2.2009047218450797,1.806672878154922,0,0.0
none_3,none,2,0,8,2.2230294018121697,1.7845481981878315,0,0.0
none_3,none,2,1,8,2.176195165241152,1.831382434758849,0,0.0
none_3,none,2,2,8,2.179542401263001,1.8280351987370003,0,0.0
none_3,none,2,3,8,2.173254451410615,1.8343231485893858,0,0.0
none_3,none,2,4,8,2.1885121766337345,1.8190654233662666,0,0.0
none_3,none,2,5,8,2.1821455327788946,1.8254320672211068,0,0.0
none_3,none,2,6,8,2.174074933409541,1.8335026665904608,0,0.0
none_3,none,2,7,8,2.159034023063254,1.8485435769367473,0,0.0
none_3,none,2,8,8,2.1436941304630834,1.8638834695369182,0,0.0
none_3,none,2,9,8,2.2158165417572224,1.7917610582427785,0,0.0
none_3,none,2,0,9,2.301627342133909,1.7059502578660912,0,0.0
none_3,none,2,1,9,2.205153622308148,1.8024239776918536,0,0.0
none_3,none,2,2,9,2.2011898273373247,1.8063877726626765,0,0.0
none_3,none,2,3,9,2.191413415958754,1.8161641840412475,0,0.0
none_3,none,2,4,9,2.2291637800903565,1.7784138199096444,0,0.0
none_3,none,2,5,9,2.2268852725938424,1.7806923274061583,0,0.0
none_3,none,2,6,9,2.2497013902912077,1.7578762097087934,0,0.0
none_3,none,2,7,9,2.2115246921006846,1.796052907899317,0,0.0
none_3,none,2,8,9,2.178198154038914,1.8293794459610877,0,0.0
none_3,none,2,9,9,2.2597691865982332,1.7478084134017677,0,0.0
none_0,none,2,0,0,2.2855635418389784,1.7220140581610215,0,0.0
none_0,none,2,1,0,2.2142137032185607,1.7933638967814407,0,0.0
none_0,none,2,2,0,2.2215360743730184,1.7860415256269824,0,0.0
none_0,none,2,3,0,2.208347948299012,1.7992296517009887,0,0.0
none_0,none,2,4,0,2.2262923085729103,1.781285291427091,0,0.0
none_0,none,2,5,0,2.2814265162884837,1.7261510837115168,0,0.0
none_0,none,2,6,0,2.2918048971845004,1.7157727028154997,0,0.0
none_0,none,2,7,0,2.2076241987357594,1.7999534012642417,0,0.0
none_0,none,2,8,0,2.197194198597746,1.810383401402255,0,0.0
none_0,none,2,9,0,2.2461024898717583,1.7614751101282422,0,0.0
none_0,none,2,0,1,2.2219828126741756,1.7855947873258253,0,0.0
none_0,none,2,1,1,2.1788364212709435,1.8287411787290577,0,0.0
none_0,none,2,2,1,2.173148579580364,1.8344290204196376,0,0.0
none_0,none,2,3,1,2.186291057926304,1.821286542073697,0,0.0
none_0,none,2,4,1,2.1754540868664605,1.8321235131335412,0,0.0
none_0,none,2,5,1,2.1951946800212996,1.812382919978702,0,0.0
none_0,none,2,6,1,2.2017724256117894,1.8058051743882118,0,0.0
none_0,none,2,7,1,2.1689082474849664,1.838669352515035,0,0.0
none_0,none,2,8,1,2.138987755093273,1.8685898449067284,0,0.0
none_0,none,2,9,1,2.215068420275603,1.7925091797243982,0,0.0
none_0,none,2,0,2,2.2025971226517957,1.8049804773482059,0,0.0
none_0,none,2,1,2,2.1978469486478374,1.8097306513521638,0,0.0
none_0,none,2,2,2,2.202929742385054,1.804647857614947,0,0.0
none_0,none,2,3,2,2.2100674544635894,1.797510145536411,0,0.0
none_0,none,2,4,2,2.2133098683769923,1.794267731623009,0,0.0
none_0,none,2,5,2,2.214428458311047,1.7931491416889536,0,0.0
none_0,none,2,6,2,2.2076799545800823,1.7998976454199187,0,0.0
none_0,none,2,7,2,2.1783652515195917,1.8292123484804097,0,0.0
none_0,none,2,8,2,2.1999924645003115,1.8075851354996895,0,0.0
none_0,none,2,9,2,2.2153148066765884,1.7922627933234125,0,0.0
none_0,none,2,0,3,2.1971273769084685,1.8104502230915334,0,0.0
none_0,none,2,1,3,2.1632134764244624,1.844364123575539,0,0.0
none_0,none,2,2,3,2.2037095207081117,1.8038680792918893,0,0.0
none_0,none,2,3,3,2.218072262875231,1.7895053371247702,0,0.0
none_0,none,2,4,3,2.211102771293209,1.7964748287067915,0,0.0
none_0,none,2,5,3,2.2196173192748794,1.7879602807251214,0,0.0
none_0,none,2,6,3,2.2145209432889343,1.7930566567110668,0,0.0
none_0,none,2,7,3,2.1693436834098017,1.8382339165901993,0,0.0
none_0,none,2,8,3,2.1798882043416232,1.8276893956583784,0,0.0
none_0,none,2,9,3,2.215287633639837,1.7922899663601641,0,0.0
none_0,none,2,0,4,2.190901782816991,1.8166758171830106,0,0.0
none_0,none,2,1,4,2.181695147519056,1.8258824524809447,0,0.0
none_0,none,2,2,4,2.193056023013136,1.814521576986865,0,0.0
none_0,none,2,3,4,2.213011798545101,1.7945658014549,0,0.0
none_0,none,2,4,4,2.2243041057632165,1.7832734942367843,0,0.0
none_0,none,2,5,4,2.2010423498235387,1.806535250176462,0,0.0
none_0,none,2,6,4,2.242258397686117,1.7653192023138835,0,0.0
none_0,none,2,7,4,2.1834906802044007,1.8240869197956004,0,0.0
none_0,none,2,8,4,2.173750516262704,1.833827083737297,0,0.0
none_0,none,2,9,4,2.243785120956995,1.7637924790430064,0,0.0
none_0,none,2,0,5,2.2064156175961243,1.801161982403877,0,0.0
none_0,none,2,1,5,2.1795886655370036,1.8279889344629976,0,0.0
none_0,none,2,2,5,2.1854817315294652,1.8220958684705355,0,0.0
none_0,none,2,3,5,2.198349753579351,1.8092278464206502,0,0.0
none_0,none,2,4,5,2.2028038523228113,1.8047737476771897,0,0.0
none_0,none,2,5,5,2.187807516783987,1.819770083216014,0,0.0
none_0,none,2,6,5,2.2429418482941337,1.7646357517058666,0,0.0
none_0,none,2,7,5,2.224359926202158,1.7832176737978427,0,0.0
none_0,none,2,8,5,2.185298099072626,1.8222795009273753,0,0.0
none_0,none,2,9,5,2.2187962869087734,1.7887813130912276,0,0.0
none_0,none,2,0,6,2.2161241116011907,1.7914534883988105,0,0.0
none_0,none,2,1,6,2.195235046382517,1.8123425536174842,0,0.0
none_0,none,2,2,6,2.1796263205907884,1.8279512794092123,0,0.0
none_0,none,2,3,6,2.1962013093358257,1.8113762906641753,0,0.0
none_0,none,2,4,6,2.1809701338922447,1.8266074661077565,0,0.0
none_0,none,2,5,6,2.18760980389604,1.8199677961039613,0,0.0
none_0,none,2,6,6,2.1901309952594716,1.8174466047405295,0,0.0
none_0,none,2,7,6,2.1834331958181514,1.8241444041818498,0,0.0
none_0,none,2,8,6,2.1996541021162273,1.807923497883774,0,0.0
none_0,none,2,9,6,2.23324527153283,1.774332328467171,0,0.0
none_0,none,2,0,7,2.2645794158275083,1.7429981841724924,0,0.0
none_0,none,2,1,7,2.163284921300944,1.8442926786990572,0,0.0
none_0,none,2,2,7,2.1864386141560503,1.8211389858439513,0,0.0
none_0,none,2,3,7,2.195726025686452,1.811851574313549,0,0.0
none_0,none,2,4,7,2.2090216203334943,1.798555979666507,0,0.0
none_0,none,2,5,7,2.1749533286574656,1.8326242713425356,0,0.0
none_0,none,2,6,7,2.1817225129153024,1.8258550870846992,0,0.0
none_0,none,2,7,7,2.202020351960808,1.8055572480391928,0,0.0
none_0,none,2,8,7,2.192404092085994,1.8151735079140066,0,0.0
none_0,none,2,9,7,2.2454913601172253,1.7620862398827755,0,0.0
none_0,none,2,0,8,2.2121507686862114,1.7954268313137893,0,0.0
none_0,none,2,1,8,2.156788629729085,1.850788970270916,0,0.0
none_0,none,2,2,8,2.1668313637138596,1.8407462362861418,0,0.0
none_0,none,2,3,8,2.1917216584979196,1.8158559415020812,0,0.0
none_0,none,2,4,8,2.1750575268745087,1.8325200731254927,0,0.0
none_0,none,2,5,8,2.189673213442102,1.8179043865578985,0,0.0
none_0,none,2,6,8,2.1658360380434956,1.8417415619565056,0,0.0
none_0,none,2,7,8,2.173773980543148,1.8338036194568532,0,0.0
none_0,none,2,8,8,2.1943987696018072,1.8131788303981942,0,0.0
none_0,none,2,9,8,2.18679567978467,1.8207819202153315,0,0.0
none_0,none,2,0,9,2.268166781834693,1.7394108181653074,0,0.0
none_0,none,2,1,9,2.2181723667303412,1.7894052332696595,0,0.0
none_0,none,2,2,9,2.227256866577383,1.780320733422618,0,0.0
none_0,none,2,3,9,2.1902807122832244,1.8172968877167768,0,0.0
none_0,none,2,4,9,2.2098310507139423,1.7977465492860591,0,0.0
none_0,none,2,5,9,2.2190388241588144,1.788538775841187,0,0.0
none_0,none,2,6,9,2.2492586064981728,1.7583189935018286,0,0.0
none_0,none,2,7,9,2.2426587734935137,1.7649188265064868,0,0.0
none_0,none,2,8,9,2.1726674040351015,1.8349101959649,0,0.0
none_0,none,2,9,9,2.2534149865961806,1.75416261340382,0,0.0
none_1,none,2,0,0,2.2757060477131072,1.7318715522868935,0,0.0
none_1,none,2,1,0,2.190976485312698,1.8166011146873033,0,0.0
none_1,none,2,2,0,2.2301048329925037,1.7774727670074972,0,0.0
none_1,none,2,3,0,2.2100066229173745,1.7975709770826265,0,0.0
none_1,none,2,4,0,2.2406900525159292,1.7668875474840717,0,0.0
none_1,none,2,5,0,2.2181040200125346,1.7894735799874664,0,0.0
none_1,none,2,6,0,2.2512921061285915,1.7562854938714092,0,0.0
none_1,none,2,7,0,2.222030543502113,1.7855470564978884,0,0.0
none_1,none,2,8,0,2.20258223707672,1.8049953629232816,0,0.0
none_1,none,2,9,0,2.219760507611266,1.7878170923887353,0,0.0
none_1,none,2,0,1,2.2044889739928752,1.803088626007126,0,0.0
none_1,none,2,1,1,2.1728525182856404,1.8347250817143612,0,0.0
none_1,none,2,2,1,2.1639643460580267,1.8436132539419745,0,0.0
none_1,none,2,3,1,2.1790558960111808,1.8285217039888204,0,0.0
none_1,none,2,4,1,2.205378897625735,1.802198702374266,0,0.0
none_1,none,2,5,1,2.20332656033662,1.804251039663381,0,0.0
none_1,none,2,6,1,2.1959620370031074,1.8116155629968935,0,0.0
none_1,none,2,7,1,2.162108358748389,1.8454692412516125,0,0.0
none_1,none,2,8,1,2.1442767670999245,1.8633008329000769,0,0.0
none_1,none,2,9,1,2.1922681770734003,1.8153094229266011,0,0.0
none_1,none,2,0,2,2.2339842643522836,1.7735933356477174,0,0.0
none_1,none,2,1,2,2.1951790140117065,1.8123985859882947,0,0.0
none_1,none,2,2,2,2.1972968160017197,1.8102807839982813,0,0.0
none_1,none,2,3,2,2.2472995706592265,1.7602780293407738,0,0.0
none_1,none,2,4,2,2.2014718266202506,1.8061057733797503,0,0.0
none_1,none,2,5,2,2.241497729645831,1.766079870354169,0,0.0
none_1,none,2,6,2,2.1880333750750283,1.819544224924973,0,0.0
none_1,none,2,7,2,2.1732231271732614,1.83435447282674,0,0.0
none_1,none,2,8,2,2.186240183265386,1.8213374167346146,0,0.0
none_1,none,2,9,2,2.2157703325556555,1.7918072674443455,0,0.0
none_1,none,2,0,3,2.2570519919357226,1.7505256080642777,0,0.0
none_1,none,2,1,3,2.207769353150833,1.7998082468491685,0,0.0
none_1,none,2,2,3,2.2051406836988408,1.8024369163011602,0,0.0
none_1,none,2,3,3,2.2203311875399057,1.7872464124600953,0,0.0
none_1,none,2,4,3,2.207600252787994,1.799977347212007,0,0.0
none_1,none,2,5,3,2.20387164600909,1.8037059539909113,0,0.0
none_1,none,2,6,3,2.1938425238752393,1.8137350761247615,0,0.0
none_1,none,2,7,3,2.209951600572537,1.7976259994274641,0,0.0
none_1,none,2,8,3,2.1675048381070163,1.840072761892985,0,0.0
none_1,none,2,9,3,2.2529163973321165,1.754661202667884,0,0.0
none_1,none,2,0,4,2.247326935017165,1.760250664982836,0,0.0
none_1,none,2,1,4,2.19101799551917,1.8165596044808312,0,0.0
none_1,none,2,2,4,2.1857516319270904,1.8218259680729108,0,0.0
none_1,none,2,3,4,2.2298913684071,1.777686231592901,0,0.0
none_1,none,2,4,4,2.202798950467868,1.8047786495321336,0,0.0
none_1,none,2,5,4,2.204106734406104,1.8034708655938974,0,0.0
none_1,none,2,6,4,2.18827202598226,1.819305574017741,0,0.0
none_1,none,2,7,4,2.2054661787776584,1.802111421222343,0,0.0
none_1,none,2,8,4,2.1732709098537755,1.834306690146226,0,0.0
none_1,none,2,9,4,2.2664393080164635,1.741138291983537,0,0.0
none_1,none,2,0,5,2.216888076996524,1.7906895230034778,0,0.0
none_1,none,2,1,5,2.1641805557970177,1.843397044202984,0,0.0
none_1,none,2,2,5,2.2011281053958167,1.8064494946041845,0,0.0
none_1,none,2,3,5,2.200763363836315,1.8068142361636859,0,0.0
none_1,none,2,4,5,2.2001360907711196,1.8074415092288811,0,0.0
none_1,none,2,5,5,2.1826750929357317,1.8249025070642697,0,0.0
none_1,none,2,6,5,2.189098800738389,1.8184787992616123,0,0.0
none_1,none,2,7,5,2.2324798409204005,1.7750977590796,0,0.0
none_1,none,2,8,5,2.1880399465429603,1.8195376534570409,0,0.0
none_1,none,2,9,5,2.23861956708653,1.7689580329134709,0,0.0
none_1,none,2,0,6,2.2402220590027264,1.7673555409972748,0,0.0
none_1,none,2,1,6,2.1766702660363455,1.8309073339636555,0,0.0
none_1,none,2,2,6,2.190427169340757,1.8171504306592436,0,0.0
none_1,none,2,3,6,2.188000379375553,1.8195772206244485,0,0.0
none_1,none,2,4,6,2.20945105169544,1.7981265483045608,0,0.0
none_1,none,2,5,6,2.195230488250353,1.812347111749648,0,0.0
none_1,none,2,6,6,2.203613220538319,1.803964379461682,0,0.0
none_1,none,2,7,6,2.2001839255507774,1.8073936744492236,0,0.0
none_1,none,2,8,6,2.1610928257503352,1.8464847742496662,0,0.0
none_1,none,2,9,6,2.2097142503473415,1.7978633496526595,0,0.0
none_1,none,2,0,7,2.229301314342263,1.778276285657738,0,0.0
none_1,none,2,1,7,2.1815666134580836,1.8260109865419178,0,0.0
none_1,none,2,2,7,2.1832110145722043,1.824366585427797,0,0.0
none_1,none,2,3,7,2.184757542608419,1.8228200573915823,0,0.0
none_1,none,2,4,7,2.1992804316212733,1.808297168378728,0,0.0
none_1,none,2,5,7,2.204497982338319,1.803079617661682,0,0.0
none_1,none,2,6,7,2.1776894097765296,1.829888190223472,0,0.0
none_1,none,2,7,7,2.16957291074233,1.8380046892576711,0,0.0
none_1,none,2,8,7,2.2151031040854465,1.792474495914554,0,0.0
none_1,none,2,9,7,2.231952135017877,1.7756254649821241,0,0.0
none_1,none,2,0,8,2.2360846890267854,1.771492910973216,0,0.0
none_1,none,2,1,8,2.1499539194059194,1.8576236805940824,0,0.0
none_1,none,2,2,8,2.1856942320451367,1.8218833679548647,0,0.0
none_1,none,2,3,8,2.1631273030234097,1.8444502969765915,0,0.0
none_1,none,2,4,8,2.176996760797096,1.8305808392029053,0,0.0
none_1,none,2,5,8,2.178356208995563,1.8292213910044384,0,0.0
none_1,none,2,6,8,2.1649721277871166,1.8426054722128846,0,0.0
none_1,none,2,7,8,2.1550945364417564,1.8524830635582452,0,0.0
none_1,none,2,8,8,2.205796720616055,1.8017808793839458,0,0.0
none_1,none,2,9,8,2.212047932397145,1.7955296676028563,0,0.0
none_1,none,2,0,9,2.2747770702018504,1.7328005297981504,0,0.0
none_1,none,2,1,9,2.2024452785535944,1.8051323214464068,0,0.0
none_1,none,2,2,9,2.2605654459480404,1.7470121540519605,0,0.0
none_1,none,2,3,9,2.2225679534556777,1.785009646544324,0,0.0
none_1,none,2,4,9,2.2223704200796686,1.7852071799203324,0,0.0
none_1,none,2,5,9,2.2441039375270306,1.76347366247297,0,0.0
none_1,none,2,6,9,2.2619005614367045,1.7456770385632967,0,0.0
none_1,none,2,7,9,2.234016981534797,1.773560618465204,0,0.0
none_1,none,2,8,9,2.199408226364208,1.8081693736357936,0,0.0
none_1,none,2,9,9,2.2505259915835647,1.757051608416436,0,0.0
none_2,none,3,0,0,2.256220360832,1.7513572391680003,0,0.0
none_2,none,3,1,0,2.2429404071728114,1.7646371928271896,0,0.0
none_2,none,3,2,0,2.259302861017114,1.7482747389828868,0,0.0
none_2,none,3,3,0,2.2816273744757867,1.7259502255242136,0,0.0
none_2,none,3,4,0,2.249643711103051,1.7579338888969493,0,0.0
none_2,none,3,5,0,2.2392440647399,1.7683335352601013,0,0.0
none_2,none,3,6,0,2.215290486765371,1.7922871132346299,0,0.0
none_2,none,3,7,0,2.268220415858149,1.7393571841418511,0,0.0
none_2,none,3,8,0,2.271135044618919,1.7364425553810816,0,0.0
none_2,none,3,9,0,2.2727716953003823,1.734805904699618,0,0.0
none_2,none,3,0,1,2.206355844441672,1.8012217555583288,0,0.0
none_2,none,3,1,1,2.183506441842822,1.8240711581571796,0,0.0
none_2,none,3,2,1,2.1683512514874552,1.8392263485125464,0,0.0
none_2,none,3,3,1,2.190432869202186,1.817144730797815,0,0.0
none_2,none,3,4,1,2.18499739156374,1.8225802084362608,0,0.0
none_2,none,3,5,1,2.2016078466973807,1.8059697533026204,0,0.0
none_2,none,3,6,1,2.1684200973414813,1.8391575026585198,0,0.0
none_2,none,3,7,1,2.1661546569323096,1.8414229430676914,0,0.0
none_2,none,3,8,1,2.178204133539422,1.8293734664605787,0,0.0
none_2,none,3,9,1,2.2114085706909274,1.7961690293090737,0,0.0
none_2,none,3,0,2,2.207609500568224,1.7999680994317775,0,0.0
none_2,none,3,1,2,2.153001077305157,1.8545765226948439,0,0.0
none_2,none,3,2,2,2.196449674289277,1.811127925710724,0,0.0
none_2,none,3,3,2,2.1949367950943492,1.812640804905652,0,0.0
none_2,none,3,4,2,2.230500539412666,1.777077060587335,0,0.0
none_2,none,3,5,2,2.1993789810121527,1.808198618987848,0,0.0
none_2,none,3,6,2,2.1802005922388084,1.8273770077611926,0,0.0
none_2,none,3,7,2,2.2031806379405667,1.8043969620594342,0,0.0
none_2,none,3,8,2,2.163798513099919,1.8437790869000827,0,0.0
none_2,none,3,9,2,2.2342529350053986,1.7733246649946026,0,0.0
none_2,none,3,0,3,2.214059168125917,1.7935184318740838,0,0.0
none_2,none,3,1,3,2.148010571013503,1.859567028986499,0,0.0
none_2,none,3,2,3,2.175966999354204,1.8316106006457973,0,0.0
none_2,none,3,3,3,2.2052566302796306,1.8023209697203704,0,0.0
none_2,none,3,4,3,2.1804287751177838,1.8271488248822172,0,0.0
none_2,none,3,5,3,2.2202390370528766,1.7873385629471241,0,0.0
none_2,none,3,6,3,2.207397252371727,1.8001803476282743,0,0.0
none_2,none,3,7,3,2.1939278355691636,1.8136497644308376,0,0.0
none_2,none,3,8,3,2.158525870172779,1.8490517298272224,0,0.0
none_2,none,3,9,3,2.2267871211965367,1.7807904788034647,0,0.0
none_2,none,3,0,4,2.1982103601772556,1.809367239822746,0,0.0
none_2,none,3,1,4,2.1975163380354226,1.8100612619645788,0,0.0
none_2,none,3,2,4,2.1765856477874825,1.8309919522125189,0,0.0
none_2,none,3,3,4,2.165896136196257,1.8416814638037446,0,0.0
none_2,none,3,4,4,2.1932256229827205,1.8143519770172805,0,0.0
none_2,none,3,5,4,2.2091352547839156,1.7984423452160858,0,0.0
none_2,none,3,6,4,2.1865884683718546,1.8209891316281468,0,0.0
none_2,none,3,7,4,2.190827322586867,1.816750277413134,0,0.0
none_2,none,3,8,4,2.1654447225774462,1.8421328774225552,0,0.0
none_2,none,3,9,4,2.2505823889239402,1.7569952110760607,0,0.0
none_2,none,3,0,5,2.1925886785721764,1.814988921427825,0,0.0
none_2,none,3,1,5,2.20451492098502,1.803062679014981,0,0.0
none_2,none,3,2,5,2.1934282285761753,1.814149371423826,0,0.0
none_2,none,3,3,5,2.182233566299318,1.8253440337006834,0,0.0
none_2,none,3,4,5,2.188179330942744,1.8193982690572568,0,0.0
none_2,none,3,5,5,2.220110037437912,1.7874675625620893,0,0.0
none_2,none,3,6,5,2.1865773364120162,1.8210002635879852,0,0.0
none_2,none,3,7,5,2.1877099135228604,1.8198676864771406,0,0.0
none_2,none,3,8,5,2.2023586232788293,1.8052189767211722,0,0.0
none_2,none,3,9,5,2.271407824685624,1.7361697753143766,0,0.0
none_2,none,3,0,6,2.2287082246842598,1.7788693753157412,0,0.0
none_2,none,3,1,6,2.2009257220580585,1.806651877941943,0,0.0
none_2,none,3,2,6,2.1788810647791292,1.828696535220872,0,0.0
none_2,none,3,3,6,2.2025109492267174,1.8050666507732833,0,0.0
none_2,none,3,4,6,2.1916026707199796,1.8159749292800214,0,0.0
none_2,none,3,5,6,2.175470549671817,1.8321070503281842,0,0.0
none_2,none,3,6,6,2.191137234329227,1.8164403656707742,0,0.0
none_2,none,3,7,6,2.202455010236007,1.8051225897639938,0,0.0
none_2,none,3,8,6,2.2133695737780354,1.7942080262219653,0,0.0
none_2,none,3,9,6,2.239652802148393,1.7679247978516075,0,0.0
none_2,none,3,0,7,2.233531565531134,1.774046034468867,0,0.0
none_2,none,3,1,7,2.1738181310017692,1.8337594689982322,0,0.0
none_2,none,3,2,7,2.176770571922453,1.8308070280775486,0,0.0
none_2,none,3,3,7,2.181929018730894,1.8256485812691075,0,0.0
none_2,none,3,4,7,2.1637117448021117,1.8438658551978901,0,0.0
none_2,none,3,5,7,2.1724083012253845,1.8351692987746162,0,0.0
none_2,none,3,6,7,2.169413179338101,1.8381644206619003,0,0.0
none_2,none,3,7,7,2.178817465608225,1.8287601343917765,0,0.0
none_2,none,3,8,7,2.1840616976411464,1.8235159023588547,0,0.0
none_2,none,3,9,7,2.2540094860987416,1.7535681139012587,0,0.0
none_2,none,3,0,8,2.212698431112888,1.7948791688871126,0,0.0
none_2,none,3,1,8,2.155437949588295,1.8521396504117065,0,0.0
none_2,none,3,2,8,2.184427926417672,1.8231496735823296,0,0.0
none_2,none,3,3,8,2.1871870288299498,1.8203905711700512,0,0.0
none_2,none,3,4,8,2.185284280029337,1.8222933199706646,0,0.0
none_2,none,3,5,8,2.184265579606075,1.8233120203939261,0,0.0
none_2,none,3,6,8,2.2072586081952266,1.8003189918047744,0,0.0
none_2,none,3,7,8,2.173862786568862,1.8337148134311398,0,0.0
none_2,none,3,8,8,2.169363938982932,1.8382136610170696,0,0.0
none_2,none,3,9,8,2.221712807459952,1.785864792540049,0,0.0
none_2,none,3,0,9,2.2705615855449706,1.73701601445503,0,0.0
none_2,none,3,1,9,2.206458663129594,1.801118936870407,0,0.0
none_2,none,3,2,9,2.263261731458504,1.7443158685414968,0,0.0
none_2,none,3,3,9,2.2536977562732323,1.7538798437267684,0,0.0
none_2,none,3,4,9,2.2581862471045215,1.7493913528954794,0,0.0
none_2,none,3,5,9,2.2463046916914,1.761272908308601,0,0.0
none_2,none,3,6,9,2.226004083768121,1.7815735162318804,0,0.0
none_2,none,3,7,9,2.2311627344514697,1.7764148655485315,0,0.0
none_2,none,3,8,9,2.2213405185465867,1.7862370814534145,0,0.0
none_2,none,3,9,9,2.358630807844711,1.6489467921552885,0,0.0
none_3,none,3,0,0,2.301532746378519,1.7060448536214814,0,0.0
none_3,none,3,1,0,2.2115802200661077,1.7959973799338935,0,0.0
none_3,none,3,2,0,2.234791149054558,1.7727864509454432,0,0.0
none_3,none,3,3,0,2.21158567738182,1.7959919226181817,0,0.0
none_3,none,3,4,0,2.2208674531136325,1.7867101468863689,0,0.0
none_3,none,3,5,0,2.254400825609048,1.7531767743909528,0,0.0
none_3,none,3,6,0,2.246002603783696,1.7615749962163048,0,0.0
none_3,none,3,7,0,2.2046145529983905,1.8029630470016105,0,0.0
none_3,none,3,8,0,2.1823274522384497,1.825250147761552,0,0.0
none_3,none,3,9,0,2.2981203177980825,1.7094572822019174,0,0.0
none_3,none,3,0,1,2.2047905874541778,1.8027870125458234,0,0.0
none_3,none,3,1,1,2.1674662029894165,1.8401113970105847,0,0.0
none_3,none,3,2,1,2.1808352853420194,1.8267423146579815,0,0.0
none_3,none,3,3,1,2.167455892082161,1.8401217079178402,0,0.0
none_3,none,3,4,1,2.18628445061758,1.8212931493824218,0,0.0
none_3,none,3,5,1,2.1671944306665707,1.840383169333431,0,0.0
none_3,none,3,6,1,2.1838019284266075,1.8237756715733933,0,0.0
none_3,none,3,7,1,2.171524023024774,1.8360535769752273,0,0.0
none_3,none,3,8,1,2.147907303272706,1.8596702967272956,0,0.0
none_3,none,3,9,1,2.182606689963199,1.8249709100368028,0,0.0
none_3,none,3,0,2,2.218137835683242,1.7894397643167588,0,0.0
none_3,none,3,1,2,2.179175080489214,1.8284025195107874,0,0.0
none_3,none,3,2,2,2.1829353644149965,1.824642235585005,0,0.0
none_3,none,3,3,2,2.1882141929897183,1.8193634070102829,0,0.0
none_3,none,3,4,2,2.1878897481399218,1.8196878518600792,0,0.0
none_3,none,3,5,2,2.1805438069336938,1.8270337930663072,0,0.0
none_3,none,3,6,2,2.178452289606496,1.8291253103935052,0,0.0
none_3,none,3,7,2,2.160512230726542,1.8470653692734595,0,0.0
none_3,none,3,8,2,2.1600819135299316,1.8474956864700698,0,0.0
none_3,none,3,9,2,2.217748811811363,1.7898287881886379,0,0.0
none_3,none,3,0,3,2.209500736454868,1.798076863545133,0,0.0
none_3,none,3,1,3,2.2047203535524322,1.802857246447569,0,0.0
none_3,none,3,2,3,2.225530804679222,1.782046795320779,0,0.0
none_3,none,3,3,3,2.2078297998603187,1.7997478001396823,0,0.0
none_3,none,3,4,3,2.2008705169221727,1.8067070830778285,0,0.0
none_3,none,3,5,3,2.174146508098517,1.8334310919014847,0,0.0
none_3,none,3,6,3,2.167448892745081,1.8401287072549206,0,0.0
none_3,none,3,7,3,2.18404182015551,1.8235357798444911,0,0.0
none_3,none,3,8,3,2.178091889684031,1.8294857103159703,0,0.0
none_3,none,3,9,3,2.2188924423652376,1.7886851576347633,0,0.0
none_3,none,3,0,4,2.2400230486205,1.7675545513795003,0,0.0
none_3,none,3,1,4,2.181169695721824,1.8264079042781771,0,0.0
none_3,none,3,2,4,2.2083799204518435,1.7991976795481572,0,0.0
none_3,none,3,3,4,2.214618162840866,1.7929594371591346,0,0.0
none_3,none,3,4,4,2.184935510133508,1.822642089866493,0,0.0
none_3,none,3,5,4,2.209468778695398,1.798108821304603,0,0.0
none_3,none,3,6,4,2.199296499648959,1.8082811003510424,0,0.0
none_3,none,3,7,4,2.171250645284021,1.83632695471598,0,0.0
none_3,none,3,8,4,2.1699363064514983,1.837641293548503,0,0.0
none_3,none,3,9,4,2.1921674687448824,1.8154101312551192,0,0.0
none_3,none,3,0,5,2.23313492376025,1.774442676239751,0,0.0
none_3,none,3,1,5,2.189305896614123,1.8182717033858777,0,0.0
none_3,none,3,2,5,2.2100653279297044,1.7975122720702965,0,0.0
none_3,none,3,3,5,2.2170739225504184,1.7905036774495824,0,0.0
none_3,none,3,4,5,2.2317672796645183,1.7758103203354823,0,0.0
none_3,none,3,5,5,2.1792249541497273,1.8283526458502743,0,0.0
none_3,none,3,6,5,2.1843099662197023,1.8232676337802987,0,0.0
none_3,none,3,7,5,2.1908565901264114,1.8167210098735895,0,0.0
none_3,none,3,8,5,2.180097740826212,1.8274798591737897,0,0.0
none_3,none,3,9,5,2.2548484349005875,1.7527291650994137,0,0.0
none_3,none,3,0,6,2.2023209013407223,1.805256698659279,0,0.0
none_3,none,3,1,6,2.1952832339310313,1.8122943660689697,0,0.0
none_3,none,3,2,6,2.1813389941283075,1.8262386058716937,0,0.0
none_3,none,3,3,6,2.190829767938109,1.8167478320618922,0,0.0
none_3,none,3,4,6,2.178018362342539,1.8295592376574623,0,0.0
none_3,none,3,5,6,2.208429948413251,1.7991476515867502,0,0.0
none_3,none,3,6,6,2.1959113986330268,1.8116662013669742,0,0.0
none_3,none,3,7,6,2.1627694215932265,1.8448081784067747,0,0.0
none_3,none,3,8,6,2.1790344160261186,1.8285431839738826,0,0.0
none_3,none,3,9,6,2.2483178831096002,1.759259716890401,0,0.0
none_3,none,3,0,7,2.210081353955099,1.7974962460449024,0,0.0
none_3,none,3,1,7,2.1828175570998813,1.8247600429001196,0,0.0
none_3,none,3,2,7,2.206452021568578,1.801125578431423,0,0.0
none_3,none,3,3,7,2.175249838502945,1.8323277614970568,0,0.0
none_3,none,3,4,7,2.20560765083723,1.8019699491627712,0,0.0
none_3,none,3,5,7,2.1939972051190155,1.8135803948809854,0,0.0
none_3,none,3,6,7,2.166961309761762,1.8406162902382386,0,0.0
none_3,none,3,7,7,2.1690142947203674,1.838563305279634,0,0.0
none_3,none,3,8,7,2.169478418937062,1.838099181062939,0,0.0
none_3,none,3,9,7,2.2444513649102085,1.7631262350897927,0,0.0
none_3,none,3,0,8,2.2116720248635553,1.795905575136446,0,0.0
none_3,none,3,1,8,2.1735034872736407,1.8340741127263607,0,0.0
none_3,none,3,2,8,2.176318040727719,1.831259559272282,0,0.0
none_3,none,3,3,8,2.170891040599827,1.8366865594001738,0,0.0
none_3,none,3,4,8,2.171411648281287,1.8361659517187143,0,0.0
none_3,none,3,5,8,2.1803523466116266,1.827225253388375,0,0.0
none_3,none,3,6,8,2.1687350167607597,1.8388425832392414,0,0.0
none_3,none,3,7,8,2.1729093837042996,1.8346682162957018,0,0.0
none_3,none,3,8,8,2.1508386708531058,1.8567389291468959,0,0.0
none_3,none,3,9,8,2.224734813814431,1.7828427861855696,0,0.0
none_3,none,3,0,9,2.2584567026757996,1.7491208973242014,0,0.0
none_3,none,3,1,9,2.207593575012279,1.7999840249877221,0,0.0
none_3,none,3,2,9,2.215467223995332,1.792110376004669,0,0.0
none_3,none,3,3,9,2.2253685820556757,1.782209017944325,0,0.0
none_3,none,3,4,9,2.236358837548691,1.7712187624513103,0,0.0
none_3,none,3,5,9,2.1948189036006944,1.8127586963993065,0,0.0
none_3,none,3,6,9,2.2538024544460273,1.753775145553973,0,0.0
none_3,none,3,7,9,2.224635758668314,1.7829418413316864,0,0.0
none_3,none,3,8,9,2.2043631540855912,1.8032144459144102,0,0.0
none_3,none,3,9,9,2.2619352519553138,1.745642348044687,0,0.0
none_0,none,3,0,0,2.2617277390844914,1.7458498609155093,0,0.0
none_0,none,3,1,0,2.2206476914343036,1.786929908565698,0,0.0
none_0,none,3,2,0,2.2518687408885274,1.7557088591114738,0,0.0
none_0,none,3,3,0,2.2590767123432234,1.7485008876567776,0,0.0
none_0,none,3,4,0,2.280582257603723,1.7269953423962776,0,0.0
none_0,none,3,5,0,2.2072052686305415,1.8003723313694602,0,0.0
none_0,none,3,6,0,2.2065195946474128,1.8010580053525882,0,0.0
none_0,none,3,7,0,2.2319896713203278,1.775587928679673,0,0.0
none_0,none,3,8,0,2.2037996405263223,1.8037779594736791,0,0.0
none_0,none,3,9,0,2.2759549277222137,1.7316226722777868,0,0.0
none_0,none,3,0,1,2.210743904703076,1.7968336952969253,0,0.0
none_0,none,3,1,1,2.1617471787268774,1.8458304212731242,0,0.0
none_0,none,3,2,1,2.1957780561937845,1.8117995438062162,0,0.0
none_0,none,3,3,1,2.209388055423137,1.7981895445768639,0,0.0
none_0,none,3,4,1,2.184419621665785,1.8231579783342162,0,0.0
none_0,none,3,5,1,2.18252062630745,1.825056973692551,0,0.0
none_0,none,3,6,1,2.152437018288127,1.8551405817118742,0,0.0
none_0,none,3,7,1,2.1831780633901277,1.824399536609874,0,0.0
none_0,none,3,8,1,2.147527228202666,1.8600503717973353,0,0.0
none_0,none,3,9,1,2.2106554041999558,1.7969221958000454,0,0.0
none_0,none,3,0,2,2.2112149586195375,1.7963626413804639,0,0.0
none_0,none,3,1,2,2.1892175889440986,1.8183600110559024,0,0.0
none_0,none,3,2,2,2.1799275764026844,1.8276500235973165,0,0.0
none_0,none,3,3,2,2.2119537460735064,1.7956238539264948,0,0.0
none_0,none,3,4,2,2.241921537959411,1.76565606204059,0,0.0
none_0,none,3,5,2,2.218043311413685,1.7895342885863161,0,0.0
none_0,none,3,6,2,2.1843338789630846,1.8232437210369166,0,0.0
none_0,none,3,7,2,2.190537641540941,1.8170399584590602,0,0.0
none_0,none,3,8,2,2.158588370286011,1.8489892297139907,0,0.0
none_0,none,3,9,2,2.20801942722222,1.7995581727777812,0,0.0
none_0,none,3,0,3,2.2619049051632505,1.7456726948367507,0,0.0
none_0,none,3,1,3,2.1852650475522974,1.8223125524477035,0,0.0
none_0,none,3,2,3,2.2197896167585447,1.787787983241456,0,0.0
none_0,none,3,3,3,2.195022049813862,1.812555550186139,0,0.0
none_0,none,3,4,3,2.2171352965314277,1.7904423034685726,0,0.0
none_0,none,3,5,3,2.2147036523673833,1.7928739476326172,0,0.0
none_0,none,3,6,3,2.1919835581308447,1.8155940418691565,0,0.0
none_0,none,3,7,3,2.1624097087425973,1.845167891257404,0,0.0
none_0,none,3,8,3,2.1687203804385495,1.838857219561452,0,0.0
none_0,none,3,9,3,2.2086488547283385,1.7989287452716625,0,0.0
none_0,none,3,0,4,2.2125272681691848,1.7950503318308166,0,0.0
none_0,none,3,1,4,2.2135431627064284,1.794034437293573,0,0.0
none_0,none,3,2,4,2.1906938514800838,1.8168837485199172,0,0.0
none_0,none,3,3,4,2.2183416953598476,1.7892359046401531,0,0.0
none_0,none,3,4,4,2.208878171744758,1.7986994282552433,0,0.0
none_0,none,3,5,4,2.184951500139628,1.8226260998603736,0,0.0
none_0,none,3,6,4,2.1837839599414433,1.8237936400585582,0,0.0
none_0,none,3,7,4,2.1745023029934862,1.8330752970065152,0,0.0
none_0,none,3,8,4,2.1697433524498573,1.837834247550144,0,0.0
none_0,none,3,9,4,2.2225710450039746,1.785006554996027,0,0.0
none_0,none,3,0,5,2.203983584788834,1.8035940152111676,0,0.0
none_0,none,3,1,5,2.175380483135216,1.8321971168647855,0,0.0
none_0,none,3,2,5,2.181196947713473,1.826380652286528,0,0.0
none_0,none,3,3,5,2.186977202864615,1.8206003971353857,0,0.0
none_0,none,3,4,5,2.209085641854905,1.7984919581450955,0,0.0
none_0,none,3,5,5,2.180681354762603,1.826896245237398,0,0.0
none_0,none,3,6,5,2.195727769783764,1.8118498302162371,0,0.0
none_0,none,3,7,5,2.1857841575253683,1.8217934424746332,0,0.0
none_0,none,3,8,5,2.194151763121651,1.8134258368783502,0,0.0
none_0,none,3,9,5,2.2258480379181753,1.7817295620818263,0,0.0
none_0,none,3,0,6,2.2235992104094935,1.7839783895905068,0,0.0
none_0,none,3,1,6,2.207519902636563,1.8000576973634381,0,0.0
none_0,none,3,2,6,2.204182057219311,1.8033955427806903,0,0.0
none_0,none,3,3,6,2.1779537905111512,1.8296238094888495,0,0.0
none_0,none,3,4,6,2.1887691418772426,1.8188084581227586,0,0.0
none_0,none,3,5,6,2.2089761482803003,1.7986014517197007,0,0.0
none_0,none,3,6,6,2.20031892143668,1.8072586785633211,0,0.0
none_0,none,3,7,6,2.1879884026513134,1.8195891973486875,0,0.0
none_0,none,3,8,6,2.22405509393644,1.7835225060635609,0,0.0
none_0,none,3,9,6,2.2538296692717994,1.7537479307282018,0,0.0
none_0,none,3,0,7,2.2353921464857742,1.7721854535142267,0,0.0
none_0,none,3,1,7,2.195723254320398,1.811854345679603,0,0.0
none_0,none,3,2,7,2.203579283767399,1.8039983162326025,0,0.0
none_0,none,3,3,7,2.2032772303428008,1.8043003696572004,0,0.0
none_0,none,3,4,7,2.191440458931135,1.8161371410688665,0,0.0
none_0,none,3,5,7,2.1977819173081103,1.8097956826918906,0,0.0
none_0,none,3,6,7,2.177758900030456,1.8298186999695454,0,0.0
none_0,none,3,7,7,2.17758886917281,1.8299887308271914,0,0.0
none_0,none,3,8,7,2.2097226576867666,1.7978549423132346,0,0.0
none_0,none,3,9,7,2.221021351846836,1.786556248153165,0,0.0
none_0,none,3,0,8,2.265132536985321,1.7424450630146797,0,0.0
none_0,none,3,1,8,2.1955771998468085,1.8120004001531924,0,0.0
none_0,none,3,2,8,2.2031051717325236,1.8044724282674773,0,0.0
none_0,none,3,3,8,2.207925098152116,1.7996525018478848,0,0.0
none_0,none,3,4,8,2.2015439599276854,1.806033640072316,0,0.0
none_0,none,3,5,8,2.1819474612107927,1.8256301387892082,0,0.0
none_0,none,3,6,8,2.1957780491491308,1.8117995508508704,0,0.0
none_0,none,3,7,8,2.1885451992758296,1.8190324007241716,0,0.0
none_0,none,3,8,8,2.213341639659924,1.7942359603400768,0,0.0
none_0,none,3,9,8,2.1991293719401965,1.8084482280598047,0,0.0
none_0,none,3,0,9,2.3397847575124118,1.6677928424875885,0,0.0
none_0,none,3,1,9,2.2649669185689825,1.742610681431018,0,0.0
none_0,none,3,2,9,2.2597382091283102,1.7478393908716907,0,0.0
none_0,none,3,3,9,2.2569916243569206,1.7505859756430806,0,0.0
none_0,none,3,4,9,2.234129394905581,1.7734482050944198,0,0.0
none_0,none,3,5,9,2.234214262675472,1.773363337324529,0,0.0
none_0,none,3,6,9,2.2583308869652776,1.7492467130347231,0,0.0
none_0,none,3,7,9,2.2765579088293615,1.731019691170639,0,0.0
none_0,none,3,8,9,2.211775530246491,1.7958020697535102,0,0.0
none_0,none,3,9,9,2.2737074535162676,1.7338701464837325,0,0.0
none_1,none,3,0,0,2.3026923216976662,1.704885278302334,0,0.0
none_1,none,3,1,0,2.185221843387781,1.8223557566122204,0,0.0
none_1,none,3,2,0,2.2046968101900926,1.8028807898099084,0,0.0
none_1,none,3,3,0,2.1874706561000683,1.8201069438999335,0,0.0
none_1,none,3,4,0,2.204769888344627,1.8028077116553747,0,0.0
none_1,none,3,5,0,2.219240918093662,1.788336681906339,0,0.0
none_1,none,3,6,0,2.2031519610937744,1.804425638906227,0,0.0
none_1,none,3,7,0,2.203165882222707,1.8044117177772945,0,0.0
none_1,none,3,8,0,2.2049350949792528,1.8026425050207489,0,0.0
none_1,none,3,9,0,2.2854923944178402,1.7220852055821607,0,0.0
none_1,none,3,0,1,2.2083272462772796,1.799250353722722,0,0.0
none_1,none,3,1,1,2.1476608208290324,1.8599167791709692,0,0.0
none_1,none,3,2,1,2.1498774017081717,1.8577001982918302,0,0.0
none_1,none,3,3,1,2.2075177612359838,1.8000598387640174,0,0.0
none_1,none,3,4,1,2.2039121996474083,1.8036654003525927,0,0.0
none_1,none,3,5,1,2.1988755218607765,1.8087020781392247,0,0.0
none_1,none,3,6,1,2.1749606793470058,1.8326169206529952,0,0.0
none_1,none,3,7,1,2.1934547283625396,1.8141228716374613,0,0.0
none_1,none,3,8,1,2.1471953128594747,1.8603822871405264,0,0.0
none_1,none,3,9,1,2.2213956423951475,1.7861819576048539,0,0.0
none_1,none,3,0,2,2.208042556485457,1.7995350435145436,0,0.0
none_1,none,3,1,2,2.16131703842147,1.8462605615785317,0,0.0
none_1,none,3,2,2,2.1748632966577652,1.8327143033422362,0,0.0
none_1,none,3,3,2,2.2099622769290166,1.7976153230709846,0,0.0
none_1,none,3,4,2,2.198482106659024,1.8090954933409773,0,0.0
none_1,none,3,5,2,2.188718582605443,1.8188590173945576,0,0.0
none_1,none,3,6,2,2.190248574033946,1.817329025966055,0,0.0
none_1,none,3,7,2,2.1727484414881992,1.834829158511802,0,0.0
none_1,none,3,8,2,2.1748507126113856,1.8327268873886156,0,0.0
none_1,none,3,9,2,2.213459126465191,1.7941184735348097,0,0.0
none_1,none,3,0,3,2.257709493786845,1.7498681062131562,0,0.0
none_1,none,3,1,3,2.1903936828169766,1.8171839171830246,0,0.0
none_1,none,3,2,3,2.2112371839830827,1.7963404160169183,0,0.0
none_1,none,3,3,3,2.1907914202313172,1.8167861797686837,0,0.0
none_1,none,3,4,3,2.170363276578264,1.8372143234217373,0,0.0
none_1,none,3,5,3,2.1832061158193925,1.8243714841806085,0,0.0
none_1,none,3,6,3,2.1848579466921705,1.8227196533078305,0,0.0
none_1,none,3,7,3,2.1983860185707935,1.8091915814292068,0,0.0
none_1,none,3,8,3,2.174932969364834,1.8326446306351676,0,0.0
none_1,none,3,9,3,2.241926058515776,1.7656515414842247,0,0.0
none_1,none,3,0,4,2.2362153903143778,1.7713622096856227,0,0.0
none_1,none,3,1,4,2.186112994120325,1.8214646058796768,0,0.0
none_1,none,3,2,4,2.191140581789311,1.8164370182106901,0,0.0
none_1,none,3,3,4,2.1742016833194975,1.833375916680504,0,0.0
none_1,none,3,4,4,2.1913241296837103,1.8162534703162907,0,0.0
none_1,none,3,5,4,2.185019672698364,1.822557927301637,0,0.0
none_1,none,3,6,4,2.2047955152695495,1.8027820847304512,0,0.0
none_1,none,3,7,4,2.2132590440894755,1.7943185559105252,0,0.0
none_1,none,3,8,4,2.1618648979560917,1.8457127020439097,0,0.0
none_1,none,3,9,4,2.19739767322924,1.8101799267707612,0,0.0
none_1,none,3,0,5,2.2481989272361482,1.7593786727638525,0,0.0
none_1,none,3,1,5,2.165989061905636,1.8415885380943655,0,0.0
none_1,none,3,2,5,2.1878646261098846,1.819712973890116,0,0.0
none_1,none,3,3,5,2.1622819946038994,1.845295605396102,0,0.0
none_1,none,3,4,5,2.1743404088482623,1.8332371911517393,0,0.0
none_1,none,3,5,5,2.1894007566581566,1.8181768433418444,0,0.0
none_1,none,3,6,5,2.2205490652830724,1.7870285347169284,0,0.0
none_1,none,3,7,5,2.193261037899383,1.8143165621006183,0,0.0
none_1,none,3,8,5,2.1653591786312445,1.842218421368757,0,0.0
none_1,none,3,9,5,2.226151421680533,1.7814261783194687,0,0.0
none_1,none,3,0,6,2.237373990407118,1.770203609592883,0,0.0
none_1,none,3,1,6,2.171655016429415,1.8359225835705864,0,0.0
none_1,none,3,2,6,2.183042290132001,1.8245353098680006,0,0.0
none_1,none,3,3,6,2.17728440137789,1.8302931986221112,0,0.0
none_1,none,3,4,6,2.182140138509746,1.8254374614902558,0,0.0
none_1,none,3,5,6,2.2125979227520416,1.7949796772479596,0,0.0
none_1,none,3,6,6,2.1954519997346096,1.8121256002653914,0,0.0
none_1,none,3,7,6,2.176537369418802,1.8310402305811995,0,0.0
none_1,none,3,8,6,2.1674355271636765,1.8401420728363247,0,0.0
none_1,none,3,9,6,2.236621282605147,1.7709563173948544,0,0.0
none_1,none,3,0,7,2.1944740007417325,1.8131035992582687,0,0.0
none_1,none,3,1,7,2.1657539393354206,1.8418236606645808,0,0.0
none_1,none,3,2,7,2.190468157867756,1.8171094421322451,0,0.0
none_1,none,3,3,7,2.203901292268169,1.8036763077318319,0,0.0
none_1,none,3,4,7,2.19278027720808,1.814797322791921,0,0.0
none_1,none,3,5,7,2.191572327168978,1.8160052728310232,0,0.0
none_1,none,3,6,7,2.1966535477710547,1.8109240522289463,0,0.0
none_1,none,3,7,7,2.2195435773650964,1.7880340226349045,0,0.0
none_1,none,3,8,7,2.161812299075756,1.8457653009242456,0,0.0
none_1,none,3,9,7,2.1984651796916426,1.8091124203083584,0,0.0
none_1,none,3,0,8,2.2412202024037624,1.7663573975962386,0,0.0
none_1,none,3,1,8,2.1580115611216537,1.8495660388783477,0,0.0
none_1,none,3,2,8,2.1616218361880897,1.845955763811912,0,0.0
none_1,none,3,3,8,2.172962748919621,1.8346148510803797,0,0.0
none_1,none,3,4,8,2.2006688526687914,1.8069087473312095,0,0.0
none_1,none,3,5,8,2.2143017536750027,1.7932758463249983,0,0.0
none_1,none,3,6,8,2.1717579423534605,1.8358196576465409,0,0.0
none_1,none,3,7,8,2.179526621515583,1.828050978484418,0,0.0
none_1,none,3,8,8,2.1785901354758574,1.828987464524144,0,0.0
none_1,none,3,9,8,2.204935232112197,1.8026423678878043,0,0.0
none_1,none,3,0,9,2.305650168873518,1.7019274311264823,0,0.0
none_1,none,3,1,9,2.19437820013777,1.8131993998622316,0,0.0
none_1,none,3,2,9,2.206538542136269,1.8010390578637325,0,0.0
none_1,none,3,3,9,2.216589208716877,1.7909883912831241,0,0.0
none_1,none,3,4,9,2.2316524428758995,1.7759251571241017,0,0.0
none_1,none,3,5,9,2.2543472358678307,1.75323036413217,0,0.0
none_1,none,3,6,9,2.2256777205176066,1.7818998794823946,0,0.0
none_1,none,3,7,9,2.2312054048020853,1.7763721951979161,0,0.0
none_1,none,3,8,9,2.1961328954698436,1.8114447045301578,0,0.0
none_1,none,3,9,9,2.2594388698214787,1.7481387301785218,0,0.0
none_4,none,1,0,0,2.2816535819261365,1.7259240180738635,0,0.0
none_4,none,1,1,0,2.2080518377263236,1.7995257622736773,0,0.0
none_4,none,1,2,0,2.2551160657618206,1.7524615342381802,0,0.0
none_4,none,1,3,0,2.2000906944714034,1.8074869055285978,0,0.0
none_4,none,1,4,0,2.2143295389547353,1.7932480610452657,0,0.0
none_4,none,1,5,0,2.2078519471919176,1.7997256528080834,0,0.0
none_4,none,1,6,0,2.212647162682176,1.7949304373178254,0,0.0
none_4,none,1,7,0,2.217480457048649,1.7900971429513521,0,0.0
none_4,none,1,8,0,2.1792683563814066,1.8283092436185948,0,0.0
none_4,none,1,9,0,2.2326638976045086,1.774913702395492,0,0.0
none_4,none,1,0,1,2.186821629077318,1.8207559709226835,0,0.0
none_4,none,1,1,1,2.171320887389103,1.8362567126108982,0,0.0
none_4,none,1,2,1,2.1608719635275917,1.84670563647241,0,0.0
none_4,none,1,3,1,2.181409047373607,1.8261685526263944,0,0.0
none_4,none,1,4,1,2.156205854885463,1.8513717451145386,0,0.0
none_4,none,1,5,1,2.175107558198522,1.8324700418014788,0,0.0
none_4,none,1,6,1,2.181338641209596,1.8262389587904053,0,0.0
none_4,none,1,7,1,2.1499361250346087,1.857641474965393,0,0.0
none_4,none,1,8,1,2.1481356595495606,1.859441940450441,0,0.0
none_4,none,1,9,1,2.1712841644884815,1.8362934355115197,0,0.0
none_4,none,1,0,2,2.248514640447643,1.7590629595523577,0,0.0
none_4,none,1,1,2,2.1537214188128493,1.8538561811871523,0,0.0
none_4,none,1,2,2,2.1963624285377747,1.8112151714622264,0,0.0
none_4,none,1,3,2,2.1904373554310674,1.817140244568934,0,0.0
none_4,none,1,4,2,2.171612364154235,1.8359652358457663,0,0.0
none_4,none,1,5,2,2.1881475621803417,1.8194300378196595,0,0.0
none_4,none,1,6,2,2.182882272663566,1.8246953273364352,0,0.0
none_4,none,1,7,2,2.1750534240328516,1.8325241759671496,0,0.0
none_4,none,1,8,2,2.1530648193839066,1.8545127806160948,0,0.0
none_4,none,1,9,2,2.2152923577223507,1.7922852422776507,0,0.0
none_4,none,1,0,3,2.249847744353105,1.7577298556468959,0,0.0
none_4,none,1,1,3,2.1934253022790715,1.8141522977209297,0,0.0
none_4,none,1,2,3,2.1806832784773573,1.8268943215226439,0,0.0
none_4,none,1,3,3,2.2081294703535237,1.7994481296464775,0,0.0
none_4,none,1,4,3,2.200732642770236,1.8068449572297647,0,0.0
none_4,none,1,5,3,2.174492230553536,1.833085369446465,0,0.0
none_4,none,1,6,3,2.221448210157191,1.7861293898428101,0,0.0
none_4,none,1,7,3,2.166377492453292,1.8412001075467095,0,0.0
none_4,none,1,8,3,2.150110906093732,1.8574666939062696,0,0.0
none_4,none,1,9,3,2.222392911212711,1.7851846887872902,0,0.0
none_4,none,1,0,4,2.236187770405993,1.771389829594008,0,0.0
none_4,none,1,1,4,2.1819604855169588,1.8256171144830422,0,0.0
none_4,none,1,2,4,2.205255593249995,1.802322006750006,0,0.0
none_4,none,1,3,4,2.2073910211363503,1.8001865788636509,0,0.0
none_4,none,1,4,4,2.1979931552572043,1.8095844447427967,0,0.0
none_4,none,1,5,4,2.1643468958963727,1.8432307041036282,0,0.0
none_4,none,1,6,4,2.164748209749402,1.8428293902505988,0,0.0
none_4,none,1,7,4,2.1823634062009654,1.8252141937990356,0,0.0
none_4,none,1,8,4,2.1627536369179134,1.844823963082088,0,0.0
none_4,none,1,9,4,2.2206959434773546,1.7868816565226462,0,0.0
none_4,none,1,0,5,2.238198909356841,1.76937869064316,0,0.0
none_4,none,1,1,5,2.192410134625869,1.8151674653741319,0,0.0
none_4,none,1,2,5,2.22641920816842,1.7811583918315808,0,0.0
none_4,none,1,3,5,2.1923964731040293,1.8151811268959714,0,0.0
none_4,none,1,4,5,2.1912806903109607,1.8162969096890402,0,0.0
none_4,none,1,5,5,2.190961756186312,1.8166158438136883,0,0.0
none_4,none,1,6,5,2.166218401987488,1.8413591980125135,0,0.0
none_4,none,1,7,5,2.18646587574819,1.8211117242518113,0,0.0
none_4,none,1,8,5,2.186209508541694,1.8213680914583072,0,0.0
none_4,none,1,9,5,2.236111002208882,1.7714665977911193,0,0.0
none_4,none,1,0,6,2.2654066417186893,1.7421709582813112,0,0.0
none_4,none,1,1,6,2.182306765770029,1.8252708342299726,0,0.0
none_4,none,1,2,6,2.2051012072676413,1.8024763927323593,0,0.0
none_4,none,1,3,6,2.1963172607453374,1.8112603392546638,0,0.0
none_4,none,1,4,6,2.1990704978678415,1.80850710213216,0,0.0
none_4,none,1,5,6,2.217062089017832,1.7905155109821689,0,0.0
none_4,none,1,6,6,2.1901388916871087,1.8174387083128922,0,0.0
none_4,none,1,7,6,2.1680247647369315,1.8395528352630697,0,0.0
none_4,none,1,8,6,2.202188612955324,1.8053889870446773,0,0.0
none_4,none,1,9,6,2.2586928440622014,1.7488847559377991,0,0.0
none_4,none,1,0,7,2.24889200528945,1.758685594710551,0,0.0
none_4,none,1,1,7,2.1948947680076683,1.812682831992333,0,0.0
none_4,none,1,2,7,2.1843771298488432,1.823200470151158,0,0.0
none_4,none,1,3,7,2.204488327964547,1.803089272035454,0,0.0
none_4,none,1,4,7,2.1943793954139026,1.8131982045860984,0,0.0
none_4,none,1,5,7,2.188476947846478,1.8191006521535231,0,0.0
none_4,none,1,6,7,2.1946516988888236,1.8129259011111774,0,0.0
none_4,none,1,7,7,2.192100437227412,1.815477162772589,0,0.0
none_4,none,1,8,7,2.1873727546006783,1.820204845399323,0,0.0
none_4,none,1,9,7,2.2259255162644216,1.7816520837355794,0,0.0
none_4,none,1,0,8,2.226650822825044,1.7809267771749573,0,0.0
none_4,none,1,1,8,2.1706999974722745,1.8368776025277265,0,0.0
none_4,none,1,2,8,2.154592268684526,1.8529853313154758,0,0.0
none_4,none,1,3,8,2.1728559348944207,1.8347216651055809,0,0.0
none_4,none,1,4,8,2.1564113114426484,1.851166288557353,0,0.0
none_4,none,1,5,8,2.2137250282833807,1.79385257171662,0,0.0
none_4,none,1,6,8,2.191896925919575,1.8156806740804259,0,0.0
none_4,none,1,7,8,2.1715451354141933,1.836032464585808,0,0.0
none_4,none,1,8,8,2.158917297895204,1.8486603021047976,0,0.0
none_4,none,1,9,8,2.1988180309001155,1.8087595690998857,0,0.0
none_4,none,1,0,9,2.2459370718377465,1.761640528162254,0,0.0
none_4,none,1,1,9,2.2234707626397974,1.7841068373602038,0,0.0
none_4,none,1,2,9,2.245194624113879,1.7623829758861218,0,0.0
none_4,none,1,3,9,2.2096243933546713,1.7979532066453296,0,0.0
none_4,none,1,4,9,2.248562885596002,1.759014714403999,0,0.0
none_4,none,1,5,9,2.214604437848553,1.7929731621514484,0,0.0
none_4,none,1,6,9,2.254770519993427,1.7528070800065738,0,0.0
none_4,none,1,7,9,2.246533817313465,1.7610437826865362,0,0.0
none_4,none,1,8,9,2.2037836384576615,1.80379396154234,0,0.0
none_4,none,1,9,9,2.263580267022841,1.7439973329771599,0,0.0
none_5,none,1,0,0,2.2313189574641523,1.7762586425358484,0,0.0
none_5,none,1,1,0,2.1772318041748906,1.8303457958251113,0,0.0
none_5,none,1,2,0,2.2478282650042383,1.7597493349957625,0,0.0
none_5,none,1,3,0,2.243149056689203,1.7644285433107978,0,0.0
none_5,none,1,4,0,2.253171691844688,1.7544059081553132,0,0.0
none_5,none,1,5,0,2.210917176785999,1.7966604232140027,0,0.0
none_5,none,1,6,0,2.2115656048470202,1.7960119951529814,0,0.0
none_5,none,1,7,0,2.2187224071877876,1.7888551928122136,0,0.0
none_5,none,1,8,0,2.201994602058803,1.8055829979411986,0,0.0
none_5,none,1,9,0,2.2292777298635507,1.7782998701364503,0,0.0
none_5,none,1,0,1,2.173931141547149,1.8336464584528522,0,0.0
none_5,none,1,1,1,2.139995612389306,1.867581987610696,0,0.0
none_5,none,1,2,1,2.186383339060803,1.8211942609391978,0,0.0
none_5,none,1,3,1,2.1831271425408683,1.824450457459133,0,0.0
none_5,none,1,4,1,2.192652179346017,1.814925420653984,0,0.0
none_5,none,1,5,1,2.1677443215987835,1.8398332784012181,0,0.0
none_5,none,1,6,1,2.1729056171638503,1.8346719828361513,0,0.0
none_5,none,1,7,1,2.202595152167719,1.804982447832282,0,0.0
none_5,none,1,8,1,2.1594535160753914,1.8481240839246105,0,0.0
none_5,none,1,9,1,2.202943093826629,1.8046345061733724,0,0.0
none_5,none,1,0,2,2.1943971517064216,1.8131804482935798,0,0.0
none_5,none,1,1,2,2.194377795337615,1.813199804662386,0,0.0
none_5,none,1,2,2,2.1773571294190743,1.8302204705809269,0,0.0
none_5,none,1,3,2,2.177040185108919,1.8305374148910818,0,0.0
none_5,none,1,4,2,2.1880368316228305,1.819540768377171,0,0.0
none_5,none,1,5,2,2.20142862449858,1.8061489755014213,0,0.0
none_5,none,1,6,2,2.186929901667722,1.820647698332279,0,0.0
none_5,none,1,7,2,2.2195445276398234,1.7880330723601778,0,0.0
none_5,none,1,8,2,2.1795408283306275,1.8280367716693737,0,0.0
none_5,none,1,9,2,2.2249614797632233,1.7826161202367778,0,0.0
none_5,none,1,0,3,2.2048872993973876,1.8026903006026138,0,0.0
none_5,none,1,1,3,2.1726687048301794,1.8349088951698216,0,0.0
none_5,none,1,2,3,2.165518350584408,1.8420592494155934,0,0.0
none_5,none,1,3,3,2.1984590702073157,1.8091185297926853,0,0.0
none_5,none,1,4,3,2.184140484505609,1.823437115494392,0,0.0
none_5,none,1,5,3,2.1650749240466416,1.8425026759533594,0,0.0
none_5,none,1,6,3,2.184855174301671,1.8227224256983303,0,0.0
none_5,none,1,7,3,2.1875025952159355,1.8200750047840653,0,0.0
none_5,none,1,8,3,2.1748314540124256,1.8327461459875756,0,0.0
none_5,none,1,9,3,2.227310789383583,1.7802668106164177,0,0.0
none_5,none,1,0,4,2.2185355823235917,1.7890420176764097,0,0.0
none_5,none,1,1,4,2.180041924664543,1.8275356753354584,0,0.0
none_5,none,1,2,4,2.1920751152285836,1.8155024847714176,0,0.0
none_5,none,1,3,4,2.1876696111773417,1.8199079888226595,0,0.0
none_5,none,1,4,4,2.189771051229955,1.8178065487700463,0,0.0
none_5,none,1,5,4,2.1818149400640237,1.8257626599359775,0,0.0
none_5,none,1,6,4,2.2017161750095413,1.8058614249904597,0,0.0
none_5,none,1,7,4,2.1683405490548857,1.8392370509451155,0,0.0
none_5,none,1,8,4,2.171743956754471,1.8358336432455304,0,0.0
none_5,none,1,9,4,2.2060361041367478,1.8015414958632536,0,0.0
none_5,none,1,0,5,2.2603859951807026,1.7471916048192984,0,0.0
none_5,none,1,1,5,2.1574522022510316,1.85012539774897,0,0.0
none_5,none,1,2,5,2.1869121096112845,1.820665490388717,0,0.0
none_5,none,1,3,5,2.188331562566259,1.8192460374337416,0,0.0
none_5,none,1,4,5,2.1777585910476733,1.8298190089523276,0,0.0
none_5,none,1,5,5,2.1837060824463728,1.8238715175536286,0,0.0
none_5,none,1,6,5,2.1931248782699133,1.8144527217300876,0,0.0
none_5,none,1,7,5,2.195713888398928,1.8118637116010732,0,0.0
none_5,none,1,8,5,2.185556166365833,1.8220214336341678,0,0.0
none_5,none,1,9,5,2.2249984535791913,1.7825791464208098,0,0.0
none_5,none,1,0,6,2.217793863288651,1.7897837367113498,0,0.0
none_5,none,1,1,6,2.1743638676398533,1.833213732360148,0,0.0
none_5,none,1,2,6,2.2221805704844124,1.785397029515588,0,0.0
none_5,none,1,3,6,2.180004221085988,1.8275733789140134,0,0.0
none_5,none,1,4,6,2.179658666705715,1.8279189332942858,0,0.0
none_5,none,1,5,6,2.1917459246964146,1.8158316753035866,0,0.0
none_5,none,1,6,6,2.1764611092335917,1.83111649076641,0,0.0
none_5,none,1,7,6,2.195898089384129,1.8116795106158723,0,0.0
none_5,none,1,8,6,2.1683114952449545,1.8392661047550467,0,0.0
none_5,none,1,9,6,2.242620426203187,1.764957173796814,0,0.0
none_5,none,1,0,7,2.2030376293809573,1.8045399706190444,0,0.0
none_5,none,1,1,7,2.1858929935041647,1.8216846064958367,0,0.0
none_5,none,1,2,7,2.208209742021371,1.79936785797863,0,0.0
none_5,none,1,3,7,2.2300890818448513,1.7774885181551496,0,0.0
none_5,none,1,4,7,2.200752099180297,1.8068255008197045,0,0.0
none_5,none,1,5,7,2.208981174453539,1.7985964255464624,0,0.0
none_5,none,1,6,7,2.1800442801147515,1.82753331988525,0,0.0
none_5,none,1,7,7,2.180114273072875,1.8274633269271263,0,0.0
none_5,none,1,8,7,2.1622013735257157,1.8453762264742852,0,0.0
none_5,none,1,9,7,2.2341374174912554,1.7734401825087454,0,0.0
none_5,none,1,0,8,2.1996634893721945,1.807914110627807,0,0.0
none_5,none,1,1,8,2.1706425987236493,1.8369350012763521,0,0.0
none_5,none,1,2,8,2.1731243143033008,1.8344532856967006,0,0.0
none_5,none,1,3,8,2.1788854540704152,1.8286921459295864,0,0.0
none_5,none,1,4,8,2.189410679172684,1.8181669208273175,0,0.0
none_5,none,1,5,8,2.1653277396960213,1.84224986030398,0,0.0
none_5,none,1,6,8,2.1657952761701207,1.8417823238298805,0,0.0
none_5,none,1,7,8,2.167945899622336,1.839631700377665,0,0.0
none_5,none,1,8,8,2.156866071698505,1.8507115283014965,0,0.0
none_5,none,1,9,8,2.2189319036361077,1.788645696363893,0,0.0
none_5,none,1,0,9,2.2626472351994615,1.7449303648005394,0,0.0
none_5,none,1,1,9,2.1929385011509615,1.8146390988490402,0,0.0
none_5,none,1,2,9,2.2350406929308235,1.7725369070691772,0,0.0
none_5,none,1,3,9,2.227495319612323,1.780082280387678,0,0.0
none_5,none,1,4,9,2.252435177499479,1.7551424225005219,0,0.0
none_5,none,1,5,9,2.227913853685805,1.779663746314195,0,0.0
none_5,none,1,6,9,2.209330511389708,1.798247088610293,0,0.0
none_5,none,1,7,9,2.2329653940476097,1.774612205952391,0,0.0
none_5,none,1,8,9,2.184779105085592,1.8227984949144096,0,0.0
none_5,none,1,9,9,2.2311549175622165,1.7764226824377845,0,0.0
none_6,none,1,0,0,2.282369824675276,1.7252077753247246,0,0.0
none_6,none,1,1,0,2.218832921718308,1.7887446782816934,0,0.0
none_6,none,1,2,0,2.218393750899034,1.7891838491009673,0,0.0
none_6,none,1,3,0,2.1972970248665527,1.810280575133449,0,0.0
none_6,none,1,4,0,2.205127122992787,1.8024504770072138,0,0.0
none_6,none,1,5,0,2.2033939121839654,1.804183687816036,0,0.0
none_6,none,1,6,0,2.2333411839039483,1.7742364160960526,0,0.0
none_6,none,1,7,0,2.272232905068959,1.7353446949310416,0,0.0
none_6,none,1,8,0,2.2007677323228636,1.8068098676771376,0,0.0
none_6,none,1,9,0,2.235397327912457,1.7721802720875441,0,0.0
none_6,none,1,0,1,2.210261455503301,1.7973161444967005,0,0.0
none_6,none,1,1,1,2.1618204056819956,1.8457571943180062,0,0.0
none_6,none,1,2,1,2.1707730321035412,1.8368045678964604,0,0.0
none_6,none,1,3,1,2.1754848014632793,1.8320927985367224,0,0.0
none_6,none,1,4,1,2.163502961522527,1.8440746384774744,0,0.0
none_6,none,1,5,1,2.158463010317082,1.8491145896829193,0,0.0
none_6,none,1,6,1,2.198804931693748,1.8087726683062537,0,0.0
none_6,none,1,7,1,2.1684285276033526,1.839149072396649,0,0.0
none_6,none,1,8,1,2.1419734849937258,1.8656041150062759,0,0.0
none_6,none,1,9,1,2.2075998339328597,1.7999777660671419,0,0.0
none_6,none,1,0,2,2.210293035344242,1.7972845646557591,0,0.0
none_6,none,1,1,2,2.1654887579187894,1.842088842081212,0,0.0
none_6,none,1,2,2,2.161199735981226,1.8463778640187756,0,0.0
none_6,none,1,3,2,2.1687148751005427,1.8388627248994587,0,0.0
none_6,none,1,4,2,2.1845448111641694,1.8230327888358318,0,0.0
none_6,none,1,5,2,2.1839938987398875,1.8235837012601142,0,0.0
none_6,none,1,6,2,2.2073131412284006,1.8002644587716006,0,0.0
none_6,none,1,7,2,2.1770715813924553,1.830506018607546,0,0.0
none_6,none,1,8,2,2.1954288890264992,1.8121487109735017,0,0.0
none_6,none,1,9,2,2.2026944165956057,1.8048831834043955,0,0.0
none_6,none,1,0,3,2.2025883586866195,1.8049892413133817,0,0.0
none_6,none,1,1,3,2.1791972797604093,1.8283803202395923,0,0.0
none_6,none,1,2,3,2.176178063363245,1.8313995366367557,0,0.0
none_6,none,1,3,3,2.181374716189072,1.826202883810929,0,0.0
none_6,none,1,4,3,2.173574978921724,1.8340026210782774,0,0.0
none_6,none,1,5,3,2.1905472513299067,1.817030348670094,0,0.0
none_6,none,1,6,3,2.189536689543172,1.8180409104568294,0,0.0
none_6,none,1,7,3,2.1728021573856346,1.834775442614367,0,0.0
none_6,none,1,8,3,2.2049901178925704,1.8025874821074308,0,0.0
none_6,none,1,9,3,2.226426488423153,1.781151111576848,0,0.0
none_6,none,1,0,4,2.208256471678626,1.7993211283213757,0,0.0
none_6,none,1,1,4,2.1950208098897575,1.8125567901102435,0,0.0
none_6,none,1,2,4,2.21517768226693,1.792399917733071,0,0.0
none_6,none,1,3,4,2.2275360527920425,1.7800415472079587,0,0.0
none_6,none,1,4,4,2.2099834855094076,1.7975941144905934,0,0.0
none_6,none,1,5,4,2.175397619425537,1.8321799805744647,0,0.0
none_6,none,1,6,4,2.1717803937498927,1.8357972062501084,0,0.0
none_6,none,1,7,4,2.175854836199246,1.8317227638007554,0,0.0
none_6,none,1,8,4,2.1857116158665906,1.821865984133411,0,0.0
none_6,none,1,9,4,2.219918297182316,1.7876593028176853,0,0.0
none_6,none,1,0,5,2.2098508765431624,1.7977267234568384,0,0.0
none_6,none,1,1,5,2.1695038728159646,1.8380737271840368,0,0.0
none_6,none,1,2,5,2.2046170209885045,1.8029605790114962,0,0.0
none_6,none,1,3,5,2.1909101624907454,1.8166674375092555,0,0.0
none_6,none,1,4,5,2.2085254358950897,1.7990521641049118,0,0.0
none_6,none,1,5,5,2.197439587217062,1.810138012782939,0,0.0
none_6,none,1,6,5,2.168531741784839,1.8390458582151623,0,0.0
none_6,none,1,7,5,2.205109784172357,1.8024678158276441,0,0.0
none_6,none,1,8,5,2.181895929428982,1.825681670571019,0,0.0
none_6,none,1,9,5,2.2391014714387767,1.768476128561224,0,0.0
none_6,none,1,0,6,2.2042566452959482,1.8033209547040534,0,0.0
none_6,none,1,1,6,2.181497072590689,1.8260805274093124,0,0.0
none_6,none,1,2,6,2.1946000411057733,1.8129775588942278,0,0.0
none_6,none,1,3,6,2.198087158031782,1.809490441968219,0,0.0
none_6,none,1,4,6,2.197474257586402,1.8101033424135988,0,0.0
none_6,none,1,5,6,2.181059548865576,1.8265180511344248,0,0.0
none_6,none,1,6,6,2.201980603140676,1.8055969968593253,0,0.0
none_6,none,1,7,6,2.2207897882285885,1.7867878117714124,0,0.0
none_6,none,1,8,6,2.1917343666513207,1.8158432333486803,0,0.0
none_6,none,1,9,6,2.203294896784456,1.804282703215545,0,0.0
none_6,none,1,0,7,2.1993047984431016,1.8082728015568996,0,0.0
none_6,none,1,1,7,2.1758088420256643,1.8317687579743367,0,0.0
none_6,none,1,2,7,2.194272313041903,1.8133052869580981,0,0.0
none_6,none,1,3,7,2.1898536539846902,1.8177239460153107,0,0.0
none_6,none,1,4,7,2.1804762812838674,1.8271013187161333,0,0.0
none_6,none,1,5,7,2.195072585102646,1.8125050148973552,0,0.0
none_6,none,1,6,7,2.2156321203261164,1.7919454796738845,0,0.0
none_6,none,1,7,7,2.2205223032176686,1.787055296782332,0,0.0
none_6,none,1,8,7,2.1966543575170348,1.8109232424829664,0,0.0
none_6,none,1,9,7,2.228702253895519,1.7788753461044817,0,0.0
none_6,none,1,0,8,2.1926133686669838,1.8149642313330179,0,0.0
none_6,none,1,1,8,2.157755883754973,1.8498217162450283,0,0.0
none_6,none,1,2,8,2.190578069656351,1.8169995303436506,0,0.0
none_6,none,1,3,8,2.1881758315861375,1.8194017684138635,0,0.0
none_6,none,1,4,8,2.177767084213526,1.8298105157864746,0,0.0
none_6,none,1,5,8,2.159198866284865,1.8483787337151365,0,0.0
none_6,none,1,6,8,2.16163368603579,1.845943913964211,0,0.0
none_6,none,1,7,8,2.1802619536919443,1.8273156463080564,0,0.0
none_6,none,1,8,8,2.1408546128546964,1.8667229871453048,0,0.0
none_6,none,1,9,8,2.2101613993370637,1.797416200662937,0,0.0
none_6,none,1,0,9,2.2416363014562903,1.7659412985437108,0,0.0
none_6,none,1,1,9,2.2151573895996184,1.7924202104003826,0,0.0
none_6,none,1,2,9,2.209102877073111,1.7984747229268903,0,0.0
none_6,none,1,3,9,2.2621977416432237,1.7453798583567772,0,0.0
none_6,none,1,4,9,2.214417396385345,1.793160203614656,0,0.0
none_6,none,1,5,9,2.1977178122483854,1.8098597877516156,0,0.0
none_6,none,1,6,9,2.223901258610648,1.783676341389353,0,0.0
none_6,none,1,7,9,2.2135161638995284,1.7940614361004728,0,0.0
none_6,none,1,8,9,2.2003654060724225,1.807212193927579,0,0.0
none_6,none,1,9,9,2.279056809190196,1.7285207908098041,0,0.0
none_7,none,1,0,0,2.2470672690651425,1.7605103309348575,0,0.0
none_7,none,1,1,0,2.1919067899797198,1.8156708100202819,0,0.0
none_7,none,1,2,0,2.2282865101675626,1.7792910898324386,0,0.0
none_7,none,1,3,0,2.2027108064645953,1.8048667935354061,0,0.0
none_7,none,1,4,0,2.204547758275005,1.8030298417249966,0,0.0
none_7,none,1,5,0,2.2321356118424585,1.7754419881575427,0,0.0
none_7,none,1,6,0,2.199544360847948,1.8080332391520535,0,0.0
none_7,none,1,7,0,2.1981579205358717,1.8094196794641297,0,0.0
none_7,none,1,8,0,2.180764593887096,1.826813006112906,0,0.0
none_7,none,1,9,0,2.2719987331217375,1.7355788668782635,0,0.0
none_7,none,1,0,1,2.171254958812071,1.8363226411879308,0,0.0
none_7,none,1,1,1,2.1696592466122637,1.8379183533877375,0,0.0
none_7,none,1,2,1,2.1598124815033946,1.8477651184966064,0,0.0
none_7,none,1,3,1,2.1736886426434445,1.8338889573565564,0,0.0
none_7,none,1,4,1,2.173870878597708,1.8337067214022935,0,0.0
none_7,none,1,5,1,2.180595588510666,1.8269820114893356,0,0.0
none_7,none,1,6,1,2.1789181716931307,1.8286594283068707,0,0.0
none_7,none,1,7,1,2.16919368676427,1.8383839132357318,0,0.0
none_7,none,1,8,1,2.1523612612177567,1.855216338782245,0,0.0
none_7,none,1,9,1,2.1915851174124303,1.8159924825875713,0,0.0
none_7,none,1,0,2,2.2379201566293934,1.7696574433706076,0,0.0
none_7,none,1,1,2,2.176291721512669,1.8312858784873323,0,0.0
none_7,none,1,2,2,2.173026672646942,1.8345509273530596,0,0.0
none_7,none,1,3,2,2.1976175637377837,1.8099600362622172,0,0.0
none_7,none,1,4,2,2.1981989830943394,1.809378616905662,0,0.0
none_7,none,1,5,2,2.2155902207354945,1.7919873792645065,0,0.0
none_7,none,1,6,2,2.182341180142777,1.8252364198572244,0,0.0
none_7,none,1,7,2,2.188267040784522,1.8193105592154788,0,0.0
none_7,none,1,8,2,2.1572785668647194,1.8502990331352822,0,0.0
none_7,none,1,9,2,2.1953683955062933,1.8122092044937077,0,0.0
none_7,none,1,0,3,2.260572231535677,1.7470053684643239,0,0.0
none_7,none,1,1,3,2.172496666160545,1.835080933839456,0,0.0
none_7,none,1,2,3,2.1652579074762452,1.8423196925237557,0,0.0
none_7,none,1,3,3,2.2148138564472073,1.7927637435527937,0,0.0
none_7,none,1,4,3,2.191218005206182,1.8163595947938191,0,0.0
none_7,none,1,5,3,2.191491662424526,1.8160859375754752,0,0.0
none_7,none,1,6,3,2.2306171040208276,1.776960495979173,0,0.0
none_7,none,1,7,3,2.1845320443965424,1.8230455556034588,0,0.0
none_7,none,1,8,3,2.1719975962986604,1.835580003701341,0,0.0
none_7,none,1,9,3,2.200820956972868,1.8067566430271336,0,0.0
none_7,none,1,0,4,2.2478561441516556,1.759721455848345,0,0.0
none_7,none,1,1,4,2.196672032128409,1.8109055678715924,0,0.0
none_7,none,1,2,4,2.189368838350664,1.8182087616493374,0,0.0
none_7,none,1,3,4,2.177032133470397,1.830545466529604,0,0.0
none_7,none,1,4,4,2.1980742543690845,1.8095033456309164,0,0.0
none_7,none,1,5,4,2.240372982614833,1.767204617385168,0,0.0
none_7,none,1,6,4,2.196760082828576,1.8108175171714251,0,0.0
none_7,none,1,7,4,2.188593092689872,1.818984507310129,0,0.0
none_7,none,1,8,4,2.1657164565091764,1.8418611434908245,0,0.0
none_7,none,1,9,4,2.2522352311116305,1.7553423688883703,0,0.0
none_7,none,1,0,5,2.235212655160993,1.772364944839008,0,0.0
none_7,none,1,1,5,2.184787123511402,1.8227904764885992,0,0.0
none_7,none,1,2,5,2.1760784570310374,1.8314991429689638,0,0.0
none_7,none,1,3,5,2.1797933264035256,1.8277842735964753,0,0.0
none_7,none,1,4,5,2.192210711070445,1.8153668889295567,0,0.0
none_7,none,1,5,5,2.2138434561087372,1.7937341438912635,0,0.0
none_7,none,1,6,5,2.2024989669622106,1.8050786330377904,0,0.0
none_7,none,1,7,5,2.210359235561086,1.7972183644389148,0,0.0
none_7,none,1,8,5,2.1733230995361437,1.8342545004638575,0,0.0
none_7,none,1,9,5,2.224010853629533,1.783566746370468,0,0.0
none_7,none,1,0,6,2.2296604155941253,1.777917184405876,0,0.0
none_7,none,1,1,6,2.174316472311313,1.8332611276886888,0,0.0
none_7,none,1,2,6,2.202503335176024,1.805074264823977,0,0.0
none_7,none,1,3,6,2.2223794639796517,1.785198136020349,0,0.0
none_7,none,1,4,6,2.2596256938339083,1.747951906166092,0,0.0
none_7,none,1,5,6,2.1950282773209056,1.8125493226790956,0,0.0
none_7,none,1,6,6,2.213392469193224,1.794185130806777,0,0.0
none_7,none,1,7,6,2.193027523454046,1.814550076545955,0,0.0
none_7,none,1,8,6,2.176699965383559,1.8308776346164424,0,0.0
none_7,none,1,9,6,2.235947033666669,1.7716305663333318,0,0.0
none_7,none,1,0,7,2.278347271079045,1.7292303289209552,0,0.0
none_7,none,1,1,7,2.177202555453152,1.8303750445468492,0,0.0
none_7,none,1,2,7,2.222885393043612,1.7846922069563886,0,0.0
none_7,none,1,3,7,2.190503581891313,1.8170740181086882,0,0.0
none_7,none,1,4,7,2.2182470308885938,1.7893305691114072,0,0.0
none_7,none,1,5,7,2.197526780583776,1.810050819416225,0,0.0
none_7,none,1,6,7,2.24208123159161,1.7654963684083906,0,0.0
none_7,none,1,7,7,2.20237837884817,1.8051992211518308,0,0.0
none_7,none,1,8,7,2.1875361736435535,1.8200414263564477,0,0.0
none_7,none,1,9,7,2.204177942882939,1.803399657117062,0,0.0
none_7,none,1,0,8,2.2160817354843316,1.791495864515669,0,0.0
none_7,none,1,1,8,2.160318233583146,1.8472593664168557,0,0.0
none_7,none,1,2,8,2.1622486604044475,1.8453289395955539,0,0.0
none_7,none,1,3,8,2.1908941094956975,1.8166834905043039,0,0.0
none_7,none,1,4,8,2.1847754284629044,1.8228021715370968,0,0.0
none_7,none,1,5,8,2.1861536331515103,1.821423966848491,0,0.0
none_7,none,1,6,8,2.1910304320115612,1.8165471679884402,0,0.0
none_7,none,1,7,8,2.1964243984534844,1.8111532015465168,0,0.0
none_7,none,1,8,8,2.159138038370556,1.8484395616294458,0,0.0
none_7,none,1,9,8,2.19443608164798,1.8131415183520212,0,0.0
none_7,none,1,0,9,2.25166031453105,1.7559172854689513,0,0.0
none_7,none,1,1,9,2.1989766992897692,1.8086009007102317,0,0.0
none_7,none,1,2,9,2.1968934360026693,1.810684163997332,0,0.0
none_7,none,1,3,9,2.252633760015102,1.7549438399848987,0,0.0
none_7,none,1,4,9,2.2650833389751486,1.7424942610248524,0,0.0
none_7,none,1,5,9,2.2703501600165565,1.7372274399834444,0,0.0
none_7,none,1,6,9,2.2319259600385077,1.7756516399614934,0,0.0
none_7,none,1,7,9,2.205374741176543,1.8022028588234582,0,0.0
none_7,none,1,8,9,2.1807424907790294,1.8268351092209723,0,0.0
none_7,none,1,9,9,2.244649707118008,1.7629278928819927,0,0.0
none_4,none,2,0,0,2.2854882341216793,1.7220893658783212,0,0.0
none_4,none,2,1,0,2.2363961426832226,1.7711814573167783,0,0.0
none_4,none,2,2,0,2.2286790792569304,1.7788985207430708,0,0.0
none_4,none,2,3,0,2.255457230406327,1.7521203695936738,0,0.0
none_4,none,2,4,0,2.255639586193769,1.751938013806232,0,0.0
none_4,none,2,5,0,2.2599434112495818,1.7476341887504194,0,0.0
none_4,none,2,6,0,2.2406715559397683,1.7669060440602329,0,0.0
none_4,none,2,7,0,2.2163837469983068,1.791193853001694,0,0.0
none_4,none,2,8,0,2.1998013837665886,1.8077762162334128,0,0.0
none_4,none,2,9,0,2.282851948233307,1.724725651766694,0,0.0
none_4,none,2,0,1,2.2246246415880537,1.7829529584119472,0,0.0
none_4,none,2,1,1,2.17879231914945,1.8287852808505511,0,0.0
none_4,none,2,2,1,2.1874084147411956,1.8201691852588053,0,0.0
none_4,none,2,3,1,2.184463226385617,1.8231143736143844,0,0.0
none_4,none,2,4,1,2.1811218380813275,1.8264557619186734,0,0.0
none_4,none,2,5,1,2.1879334834283255,1.8196441165716761,0,0.0
none_4,none,2,6,1,2.1811010588160857,1.8264765411839152,0,0.0
none_4,none,2,7,1,2.176706176906665,1.8308714230933363,0,0.0
none_4,none,2,8,1,2.174172265401977,1.8334053345980248,0,0.0
none_4,none,2,9,1,2.245629133122115,1.7619484668778855,0,0.0
none_4,none,2,0,2,2.2541277406682054,1.7534498593317958,0,0.0
none_4,none,2,1,2,2.2079925747048286,1.7995850252951724,0,0.0
none_4,none,2,2,2,2.205638603101025,1.8019389968989759,0,0.0
none_4,none,2,3,2,2.1860358631952033,1.8215417368047977,0,0.0
none_4,none,2,4,2,2.2226473563178963,1.7849302436821046,0,0.0
none_4,none,2,5,2,2.1770719134241854,1.830505686575816,0,0.0
none_4,none,2,6,2,2.1788944534649097,1.8286831465350915,0,0.0
none_4,none,2,7,2,2.173017443744359,1.8345601562556426,0,0.0
none_4,none,2,8,2,2.1700647205382437,1.8375128794617575,0,0.0
none_4,none,2,9,2,2.195166795143529,1.812410804856472,0,0.0
none_4,none,2,0,3,2.2607730497468133,1.746804550253188,0,0.0
none_4,none,2,1,3,2.2117898461513494,1.7957877538486517,0,0.0
none_4,none,2,2,3,2.205415554336405,1.8021620456635965,0,0.0
none_4,none,2,3,3,2.2326286424063286,1.774948957593672,0,0.0
none_4,none,2,4,3,2.1892479971213317,1.818329602878669,0,0.0
none_4,none,2,5,3,2.1902937028117946,1.8172838971882066,0,0.0
none_4,none,2,6,3,2.17103933705962,1.8365382629403808,0,0.0
none_4,none,2,7,3,2.18043501396248,1.8271425860375212,0,0.0
none_4,none,2,8,3,2.1825551609239455,1.8250224390760559,0,0.0
none_4,none,2,9,3,2.1893169607913197,1.8182606392086818,0,0.0
none_4,none,2,0,4,2.225187349952179,1.7823902500478221,0,0.0
none_4,none,2,1,4,2.1770895448112793,1.8304880551887224,0,0.0
none_4,none,2,2,4,2.217799447254247,1.7897781527457546,0,0.0
none_4,none,2,3,4,2.234260762716341,1.7733168372836599,0,0.0
none_4,none,2,4,4,2.2106243137100114,1.7969532862899893,0,0.0
none_4,none,2,5,4,2.1904604097992273,1.8171171902007734,0,0.0
none_4,none,2,6,4,2.174628453784076,1.832949146215925,0,0.0
none_4,none,2,7,4,2.1759016374235323,1.8316759625764691,0,0.0
none_4,none,2,8,4,2.192075522143652,1.815502077856349,0,0.0
none_4,none,2,9,4,2.2379546974309976,1.7696229025690033,0,0.0
none_4,none,2,0,5,2.267928425759592,1.7396491742404083,0,0.0
none_4,none,2,1,5,2.2027449342271255,1.804832665772876,0,0.0
none_4,none,2,2,5,2.2038307312017738,1.8037468687982274,0,0.0
none_4,none,2,3,5,2.1901352245091994,1.8174423754908013,0,0.0
none_4,none,2,4,5,2.2193325664893626,1.7882450335106381,0,0.0
none_4,none,2,5,5,2.1717233774339095,1.8358542225660919,0,0.0
none_4,none,2,6,5,2.2101532166338567,1.7974243833661445,0,0.0
none_4,none,2,7,5,2.166725569033209,1.8408520309667922,0,0.0
none_4,none,2,8,5,2.190132019542557,1.8174455804574439,0,0.0
none_4,none,2,9,5,2.221932660059677,1.7856449399403247,0,0.0
none_4,none,2,0,6,2.2203909041939496,1.7871866958060514,0,0.0
none_4,none,2,1,6,2.195993155707465,1.8115844442925362,0,0.0
none_4,none,2,2,6,2.202536390806899,1.8050412091931016,0,0.0
none_4,none,2,3,6,2.215811422891751,1.7917661771082498,0,0.0
none_4,none,2,4,6,2.2313062084662607,1.7762713915337398,0,0.0
none_4,none,2,5,6,2.1739511583146642,1.8336264416853372,0,0.0
none_4,none,2,6,6,2.1657365027403044,1.841841097259697,0,0.0
none_4,none,2,7,6,2.1965752443514406,1.8110023556485606,0,0.0
none_4,none,2,8,6,2.183516457061557,1.8240611429384441,0,0.0
none_4,none,2,9,6,2.230474578199971,1.7771030218000297,0,0.0
none_4,none,2,0,7,2.207503526682781,1.8000740733172205,0,0.0
none_4,none,2,1,7,2.186393365508254,1.8211842344917475,0,0.0
none_4,none,2,2,7,2.19405916020479,1.813518439795211,0,0.0
none_4,none,2,3,7,2.191974991017649,1.8156026089823523,0,0.0
none_4,none,2,4,7,2.1965633810008045,1.8110142189991962,0,0.0
none_4,none,2,5,7,2.1962231258440967,1.8113544741559044,0,0.0
none_4,none,2,6,7,2.184027431713617,1.8235501682863842,0,0.0
none_4,none,2,7,7,2.1876010172888933,1.8199765827111076,0,0.0
none_4,none,2,8,7,2.177339204954893,1.8302383950451084,0,0.0
none_4,none,2,9,7,2.2071543759592793,1.8004232240407216,0,0.0
none_4,none,2,0,8,2.200975713140749,1.8066018868592528,0,0.0
none_4,none,2,1,8,2.1604216107812304,1.8471559892187714,0,0.0
none_4,none,2,2,8,2.181243826722927,1.8263337732770746,0,0.0
none_4,none,2,3,8,2.18321128946557,1.8243663105344312,0,0.0
none_4,none,2,4,8,2.167031562756937,1.840546037243064,0,0.0
none_4,none,2,5,8,2.167357091040911,1.8402205089590904,0,0.0
none_4,none,2,6,8,2.2042605138816818,1.8033170861183194,0,0.0
none_4,none,2,7,8,2.1954241246145143,1.812153475385487,0,0.0
none_4,none,2,8,8,2.1551692707073924,1.852408329292609,0,0.0
none_4,none,2,9,8,2.251784574306312,1.7557930256936891,0,0.0
none_4,none,2,0,9,2.2978175572062125,1.7097600427937878,0,0.0
none_4,none,2,1,9,2.1921503684648425,1.8154272315351585,0,0.0
none_4,none,2,2,9,2.2065419438023204,1.8010356561976806,0,0.0
none_4,none,2,3,9,2.200997477304107,1.8065801226958946,0,0.0
none_4,none,2,4,9,2.223467515209922,1.7841100847900788,0,0.0
none_4,none,2,5,9,2.2427627585009127,1.764814841499088,0,0.0
none_4,none,2,6,9,2.2620283958131924,1.7455492041868084,0,0.0
none_4,none,2,7,9,2.207960420648685,1.7996171793513158,0,0.0
none_4,none,2,8,9,2.202712644577066,1.8048649554229355,0,0.0
none_4,none,2,9,9,2.2983729787015457,1.7092046212984542,0,0.0
none_5,none,2,0,0,2.2158064036021443,1.7917711963978562,0,0.0
none_5,none,2,1,0,2.181470300473822,1.8261072995261796,0,0.0
none_5,none,2,2,0,2.2006912449446343,1.8068863550553669,0,0.0
none_5,none,2,3,0,2.2573874930426796,1.7501901069573214,0,0.0
none_5,none,2,4,0,2.2293060140822183,1.7782715859177824,0,0.0
none_5,none,2,5,0,2.2379110875105783,1.7696665124894222,0,0.0
none_5,none,2,6,0,2.191563846306282,1.8160137536937198,0,0.0
none_5,none,2,7,0,2.202654641641078,1.8049229583589235,0,0.0
none_5,none,2,8,0,2.1856546349277735,1.8219229650722282,0,0.0
none_5,none,2,9,0,2.308437887592651,1.6991397124073493,0,0.0
none_5,none,2,0,1,2.1722037833464025,1.8353738166535993,0,0.0
none_5,none,2,1,1,2.1550942555439008,1.8524833444561006,0,0.0
none_5,none,2,2,1,2.2049670346473427,1.8026105653526585,0,0.0
none_5,none,2,3,1,2.1610442296938066,1.8465333703061948,0,0.0
none_5,none,2,4,1,2.1787271947518727,1.8288504052481285,0,0.0
none_5,none,2,5,1,2.177498559465356,1.8300790405346448,0,0.0
none_5,none,2,6,1,2.185499357216085,1.8220782427839166,0,0.0
none_5,none,2,7,1,2.1903048885675576,1.8172727114324434,0,0.0
none_5,none,2,8,1,2.1678838530819577,1.8396937469180439,0,0.0
none_5,none,2,9,1,2.2220302594403614,1.7855473405596396,0,0.0
none_5,none,2,0,2,2.21420144228064,1.793376157719361,0,0.0
none_5,none,2,1,2,2.1609290395920273,1.8466485604079743,0,0.0
none_5,none,2,2,2,2.1653931920620058,1.8421844079379954,0,0.0
none_5,none,2,3,2,2.2096210416580586,1.7979565583419426,0,0.0
none_5,none,2,4,2,2.189579794711503,1.8179978052884982,0,0.0
none_5,none,2,5,2,2.186965622218574,1.8206119777814274,0,0.0
none_5,none,2,6,2,2.1831682441376685,1.8244093558623327,0,0.0
none_5,none,2,7,2,2.1724317496774286,1.8351458503225728,0,0.0
none_5,none,2,8,2,2.1800171197847376,1.8275604802152636,0,0.0
none_5,none,2,9,2,2.233775111195372,1.773802488804629,0,0.0
none_5,none,2,0,3,2.2047842636357933,1.8027933363642081,0,0.0
none_5,none,2,1,3,2.185935018447088,1.8216425815529136,0,0.0
none_5,none,2,2,3,2.1850854229547516,1.8224921770452498,0,0.0
none_5,none,2,3,3,2.17856565462873,1.8290119453712708,0,0.0
none_5,none,2,4,3,2.201732064017042,1.8058455359829588,0,0.0
none_5,none,2,5,3,2.195498183327823,1.8120794166721783,0,0.0
none_5,none,2,6,3,2.21300011343004,1.7945774865699609,0,0.0
none_5,none,2,7,3,2.190767613246647,1.8168099867533543,0,0.0
none_5,none,2,8,3,2.1684158851238173,1.839161714876184,0,0.0
none_5,none,2,9,3,2.2146053608043705,1.7929722391956304,0,0.0
none_5,none,2,0,4,2.2148334163336516,1.7927441836663496,0,0.0
none_5,none,2,1,4,2.1706109609007687,1.8369666390992325,0,0.0
none_5,none,2,2,4,2.229502633018877,1.778074966981124,0,0.0
none_5,none,2,3,4,2.209332201314044,1.7982453986859575,0,0.0
none_5,none,2,4,4,2.1713623318603017,1.8362152681397,0,0.0
none_5,none,2,5,4,2.2017192305403954,1.8058583694596055,0,0.0
none_5,none,2,6,4,2.220013626980764,1.7875639730192368,0,0.0
none_5,none,2,7,4,2.1864645871758706,1.8211130128241309,0,0.0
none_5,none,2,8,4,2.179448172309118,1.8281294276908835,0,0.0
none_5,none,2,9,4,2.199774506260062,1.807803093739939,0,0.0
none_5,none,2,0,5,2.2144531749413496,1.7931244250586513,0,0.0
none_5,none,2,1,5,2.185185515206847,1.822392084793154,0,0.0
none_5,none,2,2,5,2.2088017930943895,1.7987758069056115,0,0.0
none_5,none,2,3,5,2.1901247710777123,1.8174528289222889,0,0.0
none_5,none,2,4,5,2.1676330851193026,1.8399445148806988,0,0.0
none_5,none,2,5,5,2.179258187058222,1.828319412941779,0,0.0
none_5,none,2,6,5,2.181286842884278,1.8262907571157234,0,0.0
none_5,none,2,7,5,2.1821159878915517,1.8254616121084493,0,0.0
none_5,none,2,8,5,2.1548887802637178,1.8526888197362836,0,0.0
none_5,none,2,9,5,2.2175316703021846,1.7900459296978162,0,0.0
none_5,none,2,0,6,2.2517848932338618,1.7557927067661394,0,0.0
none_5,none,2,1,6,2.1664555364912874,1.841122063508714,0,0.0
none_5,none,2,2,6,2.1678799820238086,1.8396976179761928,0,0.0
none_5,none,2,3,6,2.179747451129737,1.827830148870264,0,0.0
none_5,none,2,4,6,2.216259853691947,1.7913177463080545,0,0.0
none_5,none,2,5,6,2.1865101855538094,1.8210674144461914,0,0.0
none_5,none,2,6,6,2.189918813175621,1.81765878682438,0,0.0
none_5,none,2,7,6,2.188974855900204,1.8186027440997972,0,0.0
none_5,none,2,8,6,2.1786542216380407,1.82892337836196,0,0.0
none_5,none,2,9,6,2.2092438447665352,1.7983337552334657,0,0.0
none_5,none,2,0,7,2.1953606896844686,1.8122169103155323,0,0.0
none_5,none,2,1,7,2.173911138333148,1.8336664616668532,0,0.0
none_5,none,2,2,7,2.176845223619217,1.8307323763807843,0,0.0
none_5,none,2,3,7,2.1888760451122304,1.818701554887771,0,0.0
none_5,none,2,4,7,2.219402767045851,1.7881748329541498,0,0.0
none_5,none,2,5,7,2.2181109618212784,1.7894666381787228,0,0.0
none_5,none,2,6,7,2.184777209962887,1.8228003900371144,0,0.0
none_5,none,2,7,7,2.182262786204585,1.8253148137954158,0,0.0
none_5,none,2,8,7,2.164770376218755,1.8428072237812465,0,0.0
none_5,none,2,9,7,2.2059340500901943,1.8016435499098071,0,0.0
none_5,none,2,0,8,2.248626952472825,1.7589506475271761,0,0.0
none_5,none,2,1,8,2.160332838992941,1.8472447610070606,0,0.0
none_5,none,2,2,8,2.1732051686696767,1.8343724313303245,0,0.0
none_5,none,2,3,8,2.157281646380612,1.8502959536193897,0,0.0
none_5,none,2,4,8,2.1931595201190377,1.8144180798809635,0,0.0
none_5,none,2,5,8,2.1816475136009,1.8259300863991015,0,0.0
none_5,none,2,6,8,2.1710006273880604,1.836576972611941,0,0.0
none_5,none,2,7,8,2.157647850321261,1.849929749678741,0,0.0
none_5,none,2,8,8,2.1581847484153114,1.8493928515846905,0,0.0
none_5,none,2,9,8,2.189924479715184,1.817653120284817,0,0.0
none_5,none,2,0,9,2.294791808049666,1.7127857919503344,0,0.0
none_5,none,2,1,9,2.2235107927265276,1.7840668072734733,0,0.0
none_5,none,2,2,9,2.2339409593006385,1.773636640699362,0,0.0
none_5,none,2,3,9,2.2195043996647565,1.7880732003352444,0,0.0
none_5,none,2,4,9,2.2392272281802117,1.7683503718197893,0,0.0
none_5,none,2,5,9,2.213010898896739,1.7945667011032622,0,0.0
none_5,none,2,6,9,2.22357333064344,1.784004269356561,0,0.0
none_5,none,2,7,9,2.2210049104264504,1.7865726895735505,0,0.0
none_5,none,2,8,9,2.169247765241289,1.838329834758713,0,0.0
none_5,none,2,9,9,2.240201052893861,1.7673765471061398,0,0.0
none_6,none,2,0,0,2.2507083102213743,1.756869289778626,0,0.0
none_6,none,2,1,0,2.209956384181651,1.79762121581835,0,0.0
none_6,none,2,2,0,2.232559436598806,1.7750181634011946,0,0.0
none_6,none,2,3,0,2.2025537582033294,1.805023841796672,0,0.0
none_6,none,2,4,0,2.2349887328445446,1.7725888671554566,0,0.0
none_6,none,2,5,0,2.2215853930134837,1.7859922069865175,0,0.0
none_6,none,2,6,0,2.2278738742541924,1.779703725745809,0,0.0
none_6,none,2,7,0,2.220868250801371,1.7867093491986301,0,0.0
none_6,none,2,8,0,2.2091667773721744,1.7984108226278266,0,0.0
none_6,none,2,9,0,2.2492596673766134,1.7583179326233875,0,0.0
none_6,none,2,0,1,2.2012042522995596,1.8063733477004413,0,0.0
none_6,none,2,1,1,2.1699032657766644,1.837674334223337,0,0.0
none_6,none,2,2,1,2.1813957702738587,1.8261818297261427,0,0.0
none_6,none,2,3,1,2.183986498776724,1.8235911012232773,0,0.0
none_6,none,2,4,1,2.1679420759066605,1.8396355240933409,0,0.0
none_6,none,2,5,1,2.1600127016531165,1.8475648983468853,0,0.0
none_6,none,2,6,1,2.1850525425594705,1.8225250574405312,0,0.0
none_6,none,2,7,1,2.1600956413844994,1.8474819586155022,0,0.0
none_6,none,2,8,1,2.1594742505742817,1.8481033494257195,0,0.0
none_6,none,2,9,1,2.1926796093048657,1.814897990695136,0,0.0
none_6,none,2,0,2,2.2427786413361357,1.7647989586638653,0,0.0
none_6,none,2,1,2,2.1891136946226504,1.818463905377351,0,0.0
none_6,none,2,2,2,2.204493033399387,1.8030845666006141,0,0.0
none_6,none,2,3,2,2.2002746374139828,1.8073029625860182,0,0.0
none_6,none,2,4,2,2.2031737928811403,1.8044038071188606,0,0.0
none_6,none,2,5,2,2.1939133002228384,1.8136642997771628,0,0.0
none_6,none,2,6,2,2.1803281189102934,1.8272494810897075,0,0.0
none_6,none,2,7,2,2.2066423355972034,1.8009352644027974,0,0.0
none_6,none,2,8,2,2.1813610757348956,1.8262165242651056,0,0.0
none_6,none,2,9,2,2.2414092790536255,1.7661683209463752,0,0.0
none_6,none,2,0,3,2.2073750900354954,1.8002025099645063,0,0.0
none_6,none,2,1,3,2.205871597954499,1.8017060020455018,0,0.0
none_6,none,2,2,3,2.202887317441538,1.804690282558463,0,0.0
none_6,none,2,3,3,2.2146953053356415,1.792882294664359,0,0.0
none_6,none,2,4,3,2.1956101034007287,1.8119674965992727,0,0.0
none_6,none,2,5,3,2.1883798494683884,1.8191977505316128,0,0.0
none_6,none,2,6,3,2.211133082980094,1.796444517019907,0,0.0
none_6,none,2,7,3,2.1855652853828373,1.8220123146171638,0,0.0
none_6,none,2,8,3,2.1832187034516632,1.8243588965483384,0,0.0
none_6,none,2,9,3,2.2226253987458335,1.7849522012541679,0,0.0
none_6,none,2,0,4,2.211391427436659,1.7961861725633423,0,0.0
none_6,none,2,1,4,2.1949319997007204,1.812645600299281,0,0.0
none_6,none,2,2,4,2.2192785185597006,1.7882990814403001,0,0.0
none_6,none,2,3,4,2.2224112954952555,1.7851663045047454,0,0.0
none_6,none,2,4,4,2.184476112258913,1.823101487741088,0,0.0
none_6,none,2,5,4,2.20664407507534,1.800933524924661,0,0.0
none_6,none,2,6,4,2.1892257692744153,1.8183518307255855,0,0.0
none_6,none,2,7,4,2.16634183065034,1.841235769349661,0,0.0
none_6,none,2,8,4,2.183872399559676,1.8237052004403251,0,0.0
none_6,none,2,9,4,2.237005450801805,1.7705721491981963,0,0.0
none_6,none,2,0,5,2.215010292795535,1.7925673072044663,0,0.0
none_6,none,2,1,5,2.1785362112279967,1.8290413887720047,0,0.0
none_6,none,2,2,5,2.1886705480751245,1.8189070519248765,0,0.0
none_6,none,2,3,5,2.1942478754439017,1.8133297245560993,0,0.0
none_6,none,2,4,5,2.2000809054910766,1.8074966945089244,0,0.0
none_6,none,2,5,5,2.1968604344059024,1.8107171655940986,0,0.0
none_6,none,2,6,5,2.187818880128903,1.8197587198710983,0,0.0
none_6,none,2,7,5,2.207335305168617,1.8002422948313839,0,0.0
none_6,none,2,8,5,2.159285780504114,1.848291819495888,0,0.0
none_6,none,2,9,5,2.2558444946011567,1.7517331053988443,0,0.0
none_6,none,2,0,6,2.2165361429675268,1.7910414570324742,0,0.0
none_6,none,2,1,6,2.1558677156974713,1.8517098843025304,0,0.0
none_6,none,2,2,6,2.1751806290514306,1.8323969709485706,0,0.0
none_6,none,2,3,6,2.1780293177065397,1.8295482822934614,0,0.0
none_6,none,2,4,6,2.1912311600638117,1.816346439936189,0,0.0
none_6,none,2,5,6,2.189982643549048,1.8175949564509533,0,0.0
none_6,none,2,6,6,2.20907588199375,1.7985017180062515,0,0.0
none_6,none,2,7,6,2.1916737268467883,1.8159038731532127,0,0.0
none_6,none,2,8,6,2.180968733551328,1.826608866448673,0,0.0
none_6,none,2,9,6,2.2076116386323266,1.7999659613676746,0,0.0
none_6,none,2,0,7,2.2174520110896583,1.7901255889103433,0,0.0
none_6,none,2,1,7,2.1751922609458707,1.8323853390541305,0,0.0
none_6,none,2,2,7,2.1889523573929144,1.8186252426070866,0,0.0
none_6,none,2,3,7,2.217097885133636,1.790479714866365,0,0.0
none_6,none,2,4,7,2.2026903234906623,1.8048872765093387,0,0.0
none_6,none,2,5,7,2.214474156917026,1.793103443082975,0,0.0
none_6,none,2,6,7,2.1903769606774914,1.8172006393225095,0,0.0
none_6,none,2,7,7,2.1909689640885937,1.8166086359114073,0,0.0
none_6,none,2,8,7,2.1724415713776284,1.835136028622373,0,0.0
none_6,none,2,9,7,2.212775953561916,1.7948016464380856,0,0.0
none_6,none,2,0,8,2.241516803333642,1.7660607966663588,0,0.0
none_6,none,2,1,8,2.1643160101106793,1.843261589889322,0,0.0
none_6,none,2,2,8,2.1836425866384923,1.8239350133615089,0,0.0
none_6,none,2,3,8,2.193540306158606,1.8140372938413953,0,0.0
none_6,none,2,4,8,2.1829301408207162,1.8246474591792847,0,0.0
none_6,none,2,5,8,2.1759213815243457,1.831656218475656,0,0.0
none_6,none,2,6,8,2.2009947860606514,1.8065828139393494,0,0.0
none_6,none,2,7,8,2.1808122508391383,1.826765349160863,0,0.0
none_6,none,2,8,8,2.1534245914470542,1.8541530085529474,0,0.0
none_6,none,2,9,8,2.191802816804815,1.8157747831951863,0,0.0
none_6,none,2,0,9,2.2891230590866876,1.7184545409133134,0,0.0
none_6,none,2,1,9,2.221444063308338,1.786133536691663,0,0.0
none_6,none,2,2,9,2.2109839895448022,1.796593610455199,0,0.0
none_6,none,2,3,9,2.2341930565853887,1.7733845434146123,0,0.0
none_6,none,2,4,9,2.242245687497304,1.765331912502697,0,0.0
none_6,none,2,5,9,2.2608062349320197,1.746771365067981,0,0.0
none_6,none,2,6,9,2.228840363156981,1.7787372368430208,0,0.0
none_6,none,2,7,9,2.2240977022872745,1.7834798977127266,0,0.0
none_6,none,2,8,9,2.179727827135748,1.8278497728642529,0,0.0
none_6,none,2,9,9,2.3113175805435917,1.6962600194564084,0,0.0
none_7,none,2,0,0,2.2772464041016964,1.7303311958983039,0,0.0
none_7,none,2,1,0,2.2197858706741918,1.7877917293258094,0,0.0
none_7,none,2,2,0,2.200777652691493,1.8067999473085083,0,0.0
none_7,none,2,3,0,2.238902176797573,1.768675423202428,0,0.0
none_7,none,2,4,0,2.2689333220648167,1.7386442779351843,0,0.0
none_7,none,2,5,0,2.2120759809554573,1.7955016190445436,0,0.0
none_7,none,2,6,0,2.2465423809944314,1.7610352190055696,0,0.0
none_7,none,2,7,0,2.2116026550385324,1.795974944961469,0,0.0
none_7,none,2,8,0,2.198544154211319,1.8090334457886823,0,0.0
none_7,none,2,9,0,2.304118598609054,1.7034590013909456,0,0.0
none_7,none,2,0,1,2.192695768418339,1.8148818315816622,0,0.0
none_7,none,2,1,1,2.1447334628144232,1.8628441371855777,0,0.0
none_7,none,2,2,1,2.1638940310085193,1.8436835689914821,0,0.0
none_7,none,2,3,1,2.161197616927724,1.8463799830722778,0,0.0
none_7,none,2,4,1,2.2228219948316186,1.7847556051683824,0,0.0
none_7,none,2,5,1,2.1898849004788254,1.817692699521176,0,0.0
none_7,none,2,6,1,2.185812240397934,1.821765359602067,0,0.0
none_7,none,2,7,1,2.174980725676645,1.8325968743233563,0,0.0
none_7,none,2,8,1,2.1642078796189885,1.8433697203810129,0,0.0
none_7,none,2,9,1,2.207019487600716,1.8005581123992849,0,0.0
none_7,none,2,0,2,2.208781430174997,1.7987961698250043,0,0.0
none_7,none,2,1,2,2.1504029493485426,1.8571746506514593,0,0.0
none_7,none,2,2,2,2.1966786646026724,1.8108989353973284,0,0.0
none_7,none,2,3,2,2.1792810933987896,1.8282965066012116,0,0.0
none_7,none,2,4,2,2.204982971100824,1.802594628899177,0,0.0
none_7,none,2,5,2,2.2042745267826978,1.8033030732173032,0,0.0
none_7,none,2,6,2,2.220722281075007,1.7868553189249938,0,0.0
none_7,none,2,7,2,2.2078087394883,1.7997688605117006,0,0.0
none_7,none,2,8,2,2.1704974915055817,1.8370801084944193,0,0.0
none_7,none,2,9,2,2.2216494780726834,1.7859281219273178,0,0.0
none_7,none,2,0,3,2.24803236455821,1.7595452354417906,0,0.0
none_7,none,2,1,3,2.1705748498524966,1.8370027501475048,0,0.0
none_7,none,2,2,3,2.1985410440956907,1.8090365559043102,0,0.0
none_7,none,2,3,3,2.2426360162927463,1.7649415837072542,0,0.0
none_7,none,2,4,3,2.2122634523612947,1.7953141476387062,0,0.0
none_7,none,2,5,3,2.2189184858623476,1.7886591141376529,0,0.0
none_7,none,2,6,3,2.1822647238479465,1.8253128761520545,0,0.0
none_7,none,2,7,3,2.1793908234725556,1.8281867765274458,0,0.0
none_7,none,2,8,3,2.173409818545635,1.8341677814543658,0,0.0
none_7,none,2,9,3,2.223108756357923,1.784468843642078,0,0.0
none_7,none,2,0,4,2.242774106705892,1.7648034932941088,0,0.0
none_7,none,2,1,4,2.203930772666153,1.8036468273338482,0,0.0
none_7,none,2,2,4,2.1852821785282424,1.822295421471759,0,0.0
none_7,none,2,3,4,2.193159747441977,1.8144178525580246,0,0.0
none_7,none,2,4,4,2.239137346383749,1.7684402536162511,0,0.0
none_7,none,2,5,4,2.2172073223858697,1.7903702776141308,0,0.0
none_7,none,2,6,4,2.2015618839107116,1.8060157160892893,0,0.0
none_7,none,2,7,4,2.195528697753256,1.812048902246745,0,0.0
none_7,none,2,8,4,2.190799952719491,1.8167776472805093,0,0.0
none_7,none,2,9,4,2.253228934486617,1.7543486655133835,0,0.0
none_7,none,2,0,5,2.237568922803796,1.7700086771962047,0,0.0
none_7,none,2,1,5,2.2055959126810003,1.8019816873190007,0,0.0
none_7,none,2,2,5,2.196576857335881,1.8110007426641204,0,0.0
none_7,none,2,3,5,2.187404839613773,1.820172760386228,0,0.0
none_7,none,2,4,5,2.196939945001064,1.8106376549989371,0,0.0
none_7,none,2,5,5,2.2572209313357683,1.7503566686642325,0,0.0
none_7,none,2,6,5,2.1993869165880136,1.8081906834119879,0,0.0
none_7,none,2,7,5,2.173109431983992,1.834468168016009,0,0.0
none_7,none,2,8,5,2.1767212525423285,1.830856347457673,0,0.0
none_7,none,2,9,5,2.2480944760760937,1.7594831239239068,0,0.0
none_7,none,2,0,6,2.200043785628478,1.8075338143715234,0,0.0
none_7,none,2,1,6,2.1587003124145427,1.848877287585459,0,0.0
none_7,none,2,2,6,2.1887484468255773,1.8188291531744238,0,0.0
none_7,none,2,3,6,2.1905012459681377,1.8170763540318633,0,0.0
none_7,none,2,4,6,2.226261326052829,1.7813162739471722,0,0.0
none_7,none,2,5,6,2.2037979991298675,1.8037796008701334,0,0.0
none_7,none,2,6,6,2.1900079081764914,1.8175696918235096,0,0.0
none_7,none,2,7,6,2.1673775438361726,1.840200056163829,0,0.0
none_7,none,2,8,6,2.173774717945233,1.8338028820547687,0,0.0
none_7,none,2,9,6,2.2288626718200812,1.7787149281799197,0,0.0
none_7,none,2,0,7,2.2147104421439785,1.7928671578560227,0,0.0
none_7,none,2,1,7,2.1535048009391353,1.8540727990608659,0,0.0
none_7,none,2,2,7,2.190854502745008,1.8167230972549928,0,0.0
none_7,none,2,3,7,2.1986324779108255,1.8089451220891752,0,0.0
none_7,none,2,4,7,2.1816659294073366,1.8259116705926648,0,0.0
none_7,none,2,5,7,2.1976722926820673,1.8099053073179336,0,0.0
none_7,none,2,6,7,2.1782336943291685,1.8293439056708325,0,0.0
none_7,none,2,7,7,2.220422331529588,1.787155268470413,0,0.0
none_7,none,2,8,7,2.161029892985129,1.8465477070148728,0,0.0
none_7,none,2,9,7,2.219239557565958,1.7883380424340434,0,0.0
none_7,none,2,0,8,2.1995506451025846,1.808026954897417,0,0.0
none_7,none,2,1,8,2.182156437170039,1.8254211628299626,0,0.0
none_7,none,2,2,8,2.160974516834709,1.8466030831652924,0,0.0
none_7,none,2,3,8,2.204676700291018,1.802900899708983,0,0.0
none_7,none,2,4,8,2.164243293968756,1.8433343060312455,0,0.0
none_7,none,2,5,8,2.181345824600519,1.8262317753994821,0,0.0
none_7,none,2,6,8,2.2010306308498047,1.8065469691501965,0,0.0
none_7,none,2,7,8,2.154020597806117,1.853557002193884,0,0.0
none_7,none,2,8,8,2.16458597425854,1.8429916257414616,0,0.0
none_7,none,2,9,8,2.2000372278763964,1.807540372123605,0,0.0
none_7,none,2,0,9,2.2303001815071366,1.7772774184928646,0,0.0
none_7,none,2,1,9,2.1964029313038678,1.8111746686961336,0,0.0
none_7,none,2,2,9,2.232740613769674,1.774836986230327,0,0.0
none_7,none,2,3,9,2.236963256024446,1.7706143439755553,0,0.0
none_7,none,2,4,9,2.230030096009076,1.777547503990925,0,0.0
none_7,none,2,5,9,2.2021623121685696,1.8054152878314316,0,0.0
none_7,none,2,6,9,2.2200785569679984,1.7874990430320028,0,0.0
none_7,none,2,7,9,2.209621570206249,1.797956029793752,0,0.0
none_7,none,2,8,9,2.200991208256819,1.8065863917431824,0,0.0
none_7,none,2,9,9,2.2703092856279996,1.7372683143720007,0,0.0
none_4,none,3,0,0,2.2422174662235133,1.7653601337764868,0,0.0
none_4,none,3,1,0,2.1797567468630734,1.8278208531369282,0,0.0
none_4,none,3,2,0,2.2329772205195604,1.7746003794804406,0,0.0
none_4,none,3,3,0,2.2274619545071297,1.7801156454928713,0,0.0
none_4,none,3,4,0,2.239666438126641,1.7679111618733603,0,0.0
none_4,none,3,5,0,2.22596002919565,1.781617570804351,0,0.0
none_4,none,3,6,0,2.222152007905753,1.7854255920942481,0,0.0
none_4,none,3,7,0,2.210801764734327,1.7967758352656744,0,0.0
none_4,none,3,8,0,2.20188479416136,1.805692805838642,0,0.0
none_4,none,3,9,0,2.3002391689587576,1.7073384310412425,0,0.0
none_4,none,3,0,1,2.169769981012072,1.8378076189879295,0,0.0
none_4,none,3,1,1,2.1409863957088073,1.8665912042911945,0,0.0
none_4,none,3,2,1,2.1790815009320985,1.8284960990679024,0,0.0
none_4,none,3,3,1,2.2010512582146506,1.8065263417853508,0,0.0
none_4,none,3,4,1,2.1694135715715888,1.8381640284284126,0,0.0
none_4,none,3,5,1,2.1680950184606322,1.8394825815393692,0,0.0
none_4,none,3,6,1,2.16807125282039,1.8395063471796116,0,0.0
none_4,none,3,7,1,2.177040835968005,1.8305367640319967,0,0.0
none_4,none,3,8,1,2.1639283712850332,1.8436492287149682,0,0.0
none_4,none,3,9,1,2.1862212843046627,1.821356315695339,0,0.0
none_4,none,3,0,2,2.225367590900811,1.7822100090991901,0,0.0
none_4,none,3,1,2,2.1902645793952353,1.8173130206047656,0,0.0
none_4,none,3,2,2,2.2050815817813647,1.8024960182186363,0,0.0
none_4,none,3,3,2,2.191641069803618,1.8159365301963832,0,0.0
none_4,none,3,4,2,2.213804378446755,1.7937732215532456,0,0.0
none_4,none,3,5,2,2.2010997837590036,1.8064778162409973,0,0.0
none_4,none,3,6,2,2.176708618831615,1.8308689811683863,0,0.0
none_4,none,3,7,2,2.1979711282908565,1.809606471709145,0,0.0
none_4,none,3,8,2,2.1727515200230534,1.834826079976948,0,0.0
none_4,none,3,9,2,2.1940514241203695,1.8135261758796322,0,0.0
none_4,none,3,0,3,2.2295885532582047,1.7779890467417965,0,0.0
none_4,none,3,1,3,2.1893521726683165,1.818225427331685,0,0.0
none_4,none,3,2,3,2.226489014540439,1.7810885854595617,0,0.0
none_4,none,3,3,3,2.211506985300892,1.796070614699109,0,0.0
none_4,none,3,4,3,2.183820104695492,1.823757495304509,0,0.0
none_4,none,3,5,3,2.207773646196591,1.7998039538034096,0,0.0
none_4,none,3,6,3,2.1706952490892375,1.836882350910764,0,0.0
none_4,none,3,7,3,2.200387158353749,1.8071904416462523,0,0.0
none_4,none,3,8,3,2.1672702847827314,1.8403073152172698,0,0.0
none_4,none,3,9,3,2.2427447063534944,1.7648328936465065,0,0.0
none_4,none,3,0,4,2.230575696444886,1.777001903555115,0,0.0
none_4,none,3,1,4,2.2055289270764336,1.8020486729235676,0,0.0
none_4,none,3,2,4,2.21681265088219,1.7907649491178108,0,0.0
none_4,none,3,3,4,2.227033076684373,1.780544523315628,0,0.0
none_4,none,3,4,4,2.1981686180705355,1.8094089819294654,0,0.0
none_4,none,3,5,4,2.196755338431073,1.8108222615689282,0,0.0
none_4,none,3,6,4,2.21583124497225,1.7917463550277506,0,0.0
none_4,none,3,7,4,2.2097518919227985,1.7978257080772029,0,0.0
none_4,none,3,8,4,2.1907177940350304,1.8168598059649705,0,0.0
none_4,none,3,9,4,2.224814569233442,1.7827630307665592,0,0.0
none_4,none,3,0,5,2.210211240869876,1.7973663591301252,0,0.0
none_4,none,3,1,5,2.1899315377922988,1.8176460622077024,0,0.0
none_4,none,3,2,5,2.1936423327348145,1.8139352672651867,0,0.0
none_4,none,3,3,5,2.214534442207297,1.7930431577927035,0,0.0
none_4,none,3,4,5,2.206307640907855,1.8012699590921457,0,0.0
none_4,none,3,5,5,2.186939431328141,1.8206381686718598,0,0.0
none_4,none,3,6,5,2.180069456389504,1.827508143610497,0,0.0
none_4,none,3,7,5,2.216312964530103,1.7912646354698976,0,0.0
none_4,none,3,8,5,2.182754608292797,1.8248229917072039,0,0.0
none_4,none,3,9,5,2.2273787137562513,1.7801988862437497,0,0.0
none_4,none,3,0,6,2.2072530491410602,1.8003245508589414,0,0.0
none_4,none,3,1,6,2.1578568402379936,1.8497207597620078,0,0.0
none_4,none,3,2,6,2.1715433945643166,1.8360342054356849,0,0.0
none_4,none,3,3,6,2.217753283744163,1.7898243162558378,0,0.0
none_4,none,3,4,6,2.19443304267893,1.8131445573210716,0,0.0
none_4,none,3,5,6,2.1808597280843056,1.8267178719156953,0,0.0
none_4,none,3,6,6,2.200535013045039,1.8070425869549616,0,0.0
none_4,none,3,7,6,2.190676009819007,1.8169015901809942,0,0.0
none_4,none,3,8,6,2.172410841027506,1.8351667589724951,0,0.0
none_4,none,3,9,6,2.211842822373943,1.7957347776260582,0,0.0
none_4,none,3,0,7,2.205940768529607,1.8016368314703939,0,0.0
none_4,none,3,1,7,2.190458525561559,1.8171190744384418,0,0.0
none_4,none,3,2,7,2.1815903946042217,1.8259872053957793,0,0.0
none_4,none,3,3,7,2.18171936255725,1.8258582374427514,0,0.0
none_4,none,3,4,7,2.1804285567175623,1.827149043282439,0,0.0
none_4,none,3,5,7,2.1862848558916532,1.821292744108348,0,0.0
none_4,none,3,6,7,2.192168379833293,1.815409220166708,0,0.0
none_4,none,3,7,7,2.1754206600642814,1.8321569399357203,0,0.0
none_4,none,3,8,7,2.1881242367731493,1.8194533632268517,0,0.0
none_4,none,3,9,7,2.216461305893665,1.7911162941063359,0,0.0
none_4,none,3,0,8,2.2155141910835305,1.7920634089164702,0,0.0
none_4,none,3,1,8,2.1673375707418936,1.8402400292581078,0,0.0
none_4,none,3,2,8,2.1900777119843244,1.8174998880156767,0,0.0
none_4,none,3,3,8,2.1659100467451373,1.841667553254864,0,0.0
none_4,none,3,4,8,2.1817748782293216,1.8258027217706794,0,0.0
none_4,none,3,5,8,2.163053241147818,1.8445243588521831,0,0.0
none_4,none,3,6,8,2.18448534374275,1.8230922562572514,0,0.0
none_4,none,3,7,8,2.1727266909596863,1.8348509090403147,0,0.0
none_4,none,3,8,8,2.1429107839527197,1.8646668160472817,0,0.0
none_4,none,3,9,8,2.204041815220412,1.8035357847795894,0,0.0
none_4,none,3,0,9,2.2486450280137587,1.758932571986242,0,0.0
none_4,none,3,1,9,2.217806530176963,1.789771069823038,0,0.0
none_4,none,3,2,9,2.2524654387381315,1.7551121612618696,0,0.0
none_4,none,3,3,9,2.235388499656897,1.7721891003431036,0,0.0
none_4,none,3,4,9,2.2204245253849098,1.7871530746150917,0,0.0
none_4,none,3,5,9,2.2058482189406012,1.8017293810593997,0,0.0
none_4,none,3,6,9,2.2106965598399024,1.7968810401600983,0,0.0
none_4,none,3,7,9,2.219830724453758,1.7877468755462431,0,0.0
none_4,none,3,8,9,2.2263536978179106,1.7812239021820901,0,0.0
none_4,none,3,9,9,2.2312714235659623,1.7763061764340384,0,0.0
none_5,none,3,0,0,2.2503515773902483,1.757226022609752,0,0.0
none_5,none,3,1,0,2.214765133205177,1.7928124667948246,0,0.0
none_5,none,3,2,0,2.2457683566809625,1.7618092433190384,0,0.0
none_5,none,3,3,0,2.250333402066988,1.7572441979330131,0,0.0
none_5,none,3,4,0,2.2484356101518093,1.7591419898481917,0,0.0
none_5,none,3,5,0,2.253267308825721,1.7543102911742794,0,0.0
none_5,none,3,6,0,2.223686242020061,1.7838913579799398,0,0.0
none_5,none,3,7,0,2.202370056180545,1.8052075438194564,0,0.0
none_5,none,3,8,0,2.206797271750325,1.8007803282496762,0,0.0
none_5,none,3,9,0,2.289775917753817,1.717801682246183,0,0.0
none_5,none,3,0,1,2.192203554621741,1.81537404537826,0,0.0
none_5,none,3,1,1,2.1640905563176913,1.84348704368231,0,0.0
none_5,none,3,2,1,2.1949306514453384,1.8126469485546628,0,0.0
none_5,none,3,3,1,2.188549930426046,1.8190276695739551,0,0.0
none_5,none,3,4,1,2.203149909329658,1.8044276906703431,0,0.0
none_5,none,3,5,1,2.1652485920663262,1.8423290079336752,0,0.0
none_5,none,3,6,1,2.174389866189329,1.8331877338106721,0,0.0
none_5,none,3,7,1,2.1889152230373785,1.8186623769626227,0,0.0
none_5,none,3,8,1,2.162928541836038,1.8446490581639634,0,0.0
none_5,none,3,9,1,2.217978473224002,1.7895991267759987,0,0.0
none_5,none,3,0,2,2.2882154554878205,1.71936214451218,0,0.0
none_5,none,3,1,2,2.1679836431801993,1.8395939568198023,0,0.0
none_5,none,3,2,2,2.2055518396188036,1.8020257603811975,0,0.0
none_5,none,3,3,2,2.217526292882233,1.7900513071177677,0,0.0
none_5,none,3,4,2,2.1865617343575274,1.8210158656424742,0,0.0
none_5,none,3,5,2,2.1852826877377907,1.822294912262211,0,0.0
none_5,none,3,6,2,2.185916216004667,1.8216613839953346,0,0.0
none_5,none,3,7,2,2.1840234622360466,1.8235541377639546,0,0.0
none_5,none,3,8,2,2.190424420129245,1.8171531798707563,0,0.0
none_5,none,3,9,2,2.2281988349283073,1.7793787650716935,0,0.0
none_5,none,3,0,3,2.2239593530490263,1.7836182469509752,0,0.0
none_5,none,3,1,3,2.1989725555872277,1.8086050444127737,0,0.0
none_5,none,3,2,3,2.1969174624460064,1.8106601375539948,0,0.0
none_5,none,3,3,3,2.167848594149814,1.8397290058501872,0,0.0
none_5,none,3,4,3,2.1901889195583872,1.8173886804416137,0,0.0
none_5,none,3,5,3,2.1930827185671506,1.8144948814328508,0,0.0
none_5,none,3,6,3,2.2239943472511907,1.7835832527488098,0,0.0
none_5,none,3,7,3,2.190835265065048,1.8167423349349527,0,0.0
none_5,none,3,8,3,2.1936822007741834,1.8138953992258176,0,0.0
none_5,none,3,9,3,2.2162350081032334,1.7913425918967678,0,0.0
none_5,none,3,0,4,2.2057832843136236,1.801794315686378,0,0.0
none_5,none,3,1,4,2.208156478258095,1.799421121741906,0,0.0
none_5,none,3,2,4,2.1922064833305006,1.8153711166695004,0,0.0
none_5,none,3,3,4,2.189479846657852,1.8180977533421492,0,0.0
none_5,none,3,4,4,2.1710469702465254,1.836530629753476,0,0.0
none_5,none,3,5,4,2.2492299226825,1.7583476773175002,0,0.0
none_5,none,3,6,4,2.2246826147517003,1.7828949852483,0,0.0
none_5,none,3,7,4,2.2062498117845486,1.8013277882154524,0,0.0
none_5,none,3,8,4,2.1828892097476356,1.8246883902523656,0,0.0
none_5,none,3,9,4,2.220681468573367,1.7868961314266336,0,0.0
none_5,none,3,0,5,2.2187974107463337,1.7887801892536679,0,0.0
none_5,none,3,1,5,2.181507889075105,1.8260697109248962,0,0.0
none_5,none,3,2,5,2.1980931797183074,1.8094844202816933,0,0.0
none_5,none,3,3,5,2.1958237350349354,1.8117538649650655,0,0.0
none_5,none,3,4,5,2.209097450704229,1.7984801492957723,0,0.0
none_5,none,3,5,5,2.2049399473849,1.8026376526151016,0,0.0
none_5,none,3,6,5,2.224535269632478,1.7830423303675227,0,0.0
none_5,none,3,7,5,2.2161570316611834,1.7914205683388176,0,0.0
none_5,none,3,8,5,2.1836161583855844,1.8239614416144165,0,0.0
none_5,none,3,9,5,2.212497963774334,1.7950796362256671,0,0.0
none_5,none,3,0,6,2.231448646749843,1.7761289532501587,0,0.0
none_5,none,3,1,6,2.1889091525144515,1.8186684474855495,0,0.0
none_5,none,3,2,6,2.19011006653643,1.817467533463571,0,0.0
none_5,none,3,3,6,2.1925526210502158,1.8150249789497852,0,0.0
none_5,none,3,4,6,2.192334353915131,1.8152432460848702,0,0.0
none_5,none,3,5,6,2.191017355546554,1.8165602444534468,0,0.0
none_5,none,3,6,6,2.1950665592969325,1.8125110407030682,0,0.0
none_5,none,3,7,6,2.20032346746769,1.8072541325323113,0,0.0
none_5,none,3,8,6,2.194638235433225,1.8129393645667762,0,0.0
none_5,none,3,9,6,2.2831357000812686,1.724441899918732,0,0.0
none_5,none,3,0,7,2.2487308090772977,1.7588467909227026,0,0.0
none_5,none,3,1,7,2.2071966395199145,1.8003809604800867,0,0.0
none_5,none,3,2,7,2.1934106397668733,1.8141669602331276,0,0.0
none_5,none,3,3,7,2.196084874512503,1.8114927254874982,0,0.0
none_5,none,3,4,7,2.2026574449180045,1.8049201550819967,0,0.0
none_5,none,3,5,7,2.20700065164364,1.800576948356361,0,0.0
none_5,none,3,6,7,2.1894104279883537,1.818167172011647,0,0.0
none_5,none,3,7,7,2.202069231720719,1.8055083682792823,0,0.0
none_5,none,3,8,7,2.219779615911762,1.787797984088239,0,0.0
none_5,none,3,9,7,2.271674373131715,1.7359032268682861,0,0.0
none_5,none,3,0,8,2.212662334278114,1.7949152657218872,0,0.0
none_5,none,3,1,8,2.1609597716599978,1.8466178283400039,0,0.0
none_5,none,3,2,8,2.2134265390506203,1.7941510609493805,0,0.0
none_5,none,3,3,8,2.218847125857238,1.7887304741427628,0,0.0
none_5,none,3,4,8,2.190183712648676,1.8173938873513253,0,0.0
none_5,none,3,5,8,2.187033682869729,1.8205439171302717,0,0.0
none_5,none,3,6,8,2.1760132218023567,1.8315643781976445,0,0.0
none_5,none,3,7,8,2.1990995068044334,1.808478093195568,0,0.0
none_5,none,3,8,8,2.180416975254257,1.8271606247457444,0,0.0
none_5,none,3,9,8,2.24891937394511,1.7586582260548909,0,0.0
none_5,none,3,0,9,2.309074453134779,1.6985031468652219,0,0.0
none_5,none,3,1,9,2.215178425556987,1.7923991744430143,0,0.0
none_5,none,3,2,9,2.2294906347826333,1.7780869652173679,0,0.0
none_5,none,3,3,9,2.2521121875622576,1.7554654124377431,0,0.0
none_5,none,3,4,9,2.2121724211793885,1.7954051788206127,0,0.0
none_5,none,3,5,9,2.2255388337359627,1.7820387662640382,0,0.0
none_5,none,3,6,9,2.2476695023093134,1.7599080976906876,0,0.0
none_5,none,3,7,9,2.266608601066415,1.7409689989335857,0,0.0
none_5,none,3,8,9,2.217374872460666,1.7902027275393355,0,0.0
none_5,none,3,9,9,2.2708609717592516,1.7367166282407487,0,0.0
none_6,none,3,0,0,2.240439595373419,1.7671380046265817,0,0.0
none_6,none,3,1,0,2.1817590233070305,1.8258185766929707,0,0.0
none_6,none,3,2,0,2.2051926135838817,1.8023849864161199,0,0.0
none_6,none,3,3,0,2.2389297364371674,1.768647863562833,0,0.0
none_6,none,3,4,0,2.205878756062515,1.8016988439374861,0,0.0
none_6,none,3,5,0,2.2395409143943783,1.7680366856056227,0,0.0
none_6,none,3,6,0,2.203920763157574,1.803656836842427,0,0.0
none_6,none,3,7,0,2.2012213397503824,1.8063562602496186,0,0.0
none_6,none,3,8,0,2.235013169300127,1.7725644306998738,0,0.0
none_6,none,3,9,0,2.3243159992716578,1.6832616007283423,0,0.0
none_6,none,3,0,1,2.17302875975739,1.8345488402426116,0,0.0
none_6,none,3,1,1,2.1461411391832326,1.8614364608167688,0,0.0
none_6,none,3,2,1,2.1786743981867707,1.828903201813231,0,0.0
none_6,none,3,3,1,2.1719532518298457,1.8356243481701557,0,0.0
none_6,none,3,4,1,2.170572560896264,1.837005039103737,0,0.0
none_6,none,3,5,1,2.1641689491496248,1.8434086508503764,0,0.0
none_6,none,3,6,1,2.1842470028545167,1.8233305971454845,0,0.0
none_6,none,3,7,1,2.200464454617745,1.8071131453822562,0,0.0
none_6,none,3,8,1,2.1936376074491326,1.8139399925508681,0,0.0
none_6,none,3,9,1,2.224687934708099,1.7828896652919022,0,0.0
none_6,none,3,0,2,2.222019491618511,1.7855581083814904,0,0.0
none_6,none,3,1,2,2.178047064800883,1.829530535199118,0,0.0
none_6,none,3,2,2,2.171598459327487,1.8359791406725146,0,0.0
none_6,none,3,3,2,2.200127671432189,1.807449928567812,0,0.0
none_6,none,3,4,2,2.1873964914335597,1.8201811085664412,0,0.0
none_6,none,3,5,2,2.183532529066489,1.824045070933512,0,0.0
none_6,none,3,6,2,2.212020166973989,1.7955574330260118,0,0.0
none_6,none,3,7,2,2.1803313251572503,1.8272462748427507,0,0.0
none_6,none,3,8,2,2.1885516574769652,1.819025942523036,0,0.0
none_6,none,3,9,2,2.2386782133815695,1.768899386618431,0,0.0
none_6,none,3,0,3,2.24091231131484,1.766665288685161,0,0.0
none_6,none,3,1,3,2.1906738999031896,1.8169037000968116,0,0.0
none_6,none,3,2,3,2.207830729828552,1.7997468701714487,0,0.0
none_6,none,3,3,3,2.192859561416778,1.814718038583223,0,0.0
none_6,none,3,4,3,2.1989354978709237,1.8086421021290775,0,0.0
none_6,none,3,5,3,2.1992821081495824,1.8082954918504184,0,0.0
none_6,none,3,6,3,2.1839956988682436,1.8235819011317578,0,0.0
none_6,none,3,7,3,2.2050850544754335,1.802492545524568,0,0.0
none_6,none,3,8,3,2.183561453426863,1.8240161465731382,0,0.0
none_6,none,3,9,3,2.2345950017967655,1.7729825982032354,0,0.0
none_6,none,3,0,4,2.2464810294898543,1.761096570510146,0,0.0
none_6,none,3,1,4,2.189569965193025,1.8180076348069758,0,0.0
none_6,none,3,2,4,2.2163950461707835,1.7911825538292174,0,0.0
none_6,none,3,3,4,2.189708299918553,1.8178693000814479,0,0.0
none_6,none,3,4,4,2.1774157293305736,1.8301618706694276,0,0.0
none_6,none,3,5,4,2.1637823082978804,1.843795291702121,0,0.0
none_6,none,3,6,4,2.1956601933446174,1.8119174066553836,0,0.0
none_6,none,3,7,4,2.176009447040463,1.831568152959538,0,0.0
none_6,none,3,8,4,2.1598404928706247,1.8477371071293769,0,0.0
none_6,none,3,9,4,2.229884994802754,1.777692605197247,0,0.0
none_6,none,3,0,5,2.2653147317721936,1.7422628682278067,0,0.0
none_6,none,3,1,5,2.206848212991792,1.8007293870082088,0,0.0
none_6,none,3,2,5,2.1992310924473792,1.8083465075526222,0,0.0
none_6,none,3,3,5,2.1776122732343444,1.829965326765657,0,0.0
none_6,none,3,4,5,2.169955505232511,1.8376220947674906,0,0.0
none_6,none,3,5,5,2.182361760095737,1.8252158399042646,0,0.0
none_6,none,3,6,5,2.194404785787108,1.813172814212893,0,0.0
none_6,none,3,7,5,2.1852602260497513,1.8223173739502494,0,0.0
none_6,none,3,8,5,2.1785221293248545,1.8290554706751465,0,0.0
none_6,none,3,9,5,2.2459197721222997,1.7616578278777013,0,0.0
none_6,none,3,0,6,2.231421098135941,1.7761565018640608,0,0.0
none_6,none,3,1,6,2.1817536822569,1.8258239177431017,0,0.0
none_6,none,3,2,6,2.2127057333608358,1.7948718666391648,0,0.0
none_6,none,3,3,6,2.2111625709648557,1.7964150290351453,0,0.0
none_6,none,3,4,6,2.1787886977925783,1.828788902207423,0,0.0
none_6,none,3,5,6,2.167976966831831,1.8396006331681705,0,0.0
none_6,none,3,6,6,2.2119120001615316,1.7956655998384694,0,0.0
none_6,none,3,7,6,2.2093780881229272,1.7981995118770742,0,0.0
none_6,none,3,8,6,2.1842648739789454,1.8233127260210558,0,0.0
none_6,none,3,9,6,2.221764091161616,1.7858135088383853,0,0.0
none_6,none,3,0,7,2.2122253560698693,1.7953522439301322,0,0.0
none_6,none,3,1,7,2.183207245824685,1.8243703541753165,0,0.0
none_6,none,3,2,7,2.1964368722475207,1.8111407277524803,0,0.0
none_6,none,3,3,7,2.196223974174142,1.811353625825859,0,0.0
none_6,none,3,4,7,2.1868117470708857,1.8207658529291157,0,0.0
none_6,none,3,5,7,2.1982729068755327,1.8093046931244687,0,0.0
none_6,none,3,6,7,2.222711754053746,1.7848658459462547,0,0.0
none_6,none,3,7,7,2.201120225089798,1.8064573749102033,0,0.0
none_6,none,3,8,7,2.1683062343390858,1.8392713656609154,0,0.0
none_6,none,3,9,7,2.2331415772310312,1.77443602276897,0,0.0
none_6,none,3,0,8,2.194530641684534,1.8130469583154674,0,0.0
none_6,none,3,1,8,2.1570372836446174,1.850540316355384,0,0.0
none_6,none,3,2,8,2.1954307201784657,1.8121468798215354,0,0.0
none_6,none,3,3,8,2.198800076341546,1.8087775236584551,0,0.0
none_6,none,3,4,8,2.177377647810293,1.8301999521897083,0,0.0
none_6,none,3,5,8,2.184464553647127,1.8231130463528744,0,0.0
none_6,none,3,6,8,2.2024709377996534,1.8051066622003473,0,0.0
none_6,none,3,7,8,2.185609814384876,1.8219677856151248,0,0.0
none_6,none,3,8,8,2.1798623251339757,1.8277152748660255,0,0.0
none_6,none,3,9,8,2.190852858449606,1.816724741550395,0,0.0
none_6,none,3,0,9,2.259488722526296,1.7480888774737051,0,0.0
none_6,none,3,1,9,2.1933375165799047,1.8142400834200965,0,0.0
none_6,none,3,2,9,2.22447048949007,1.783107110509931,0,0.0
none_6,none,3,3,9,2.263589878387865,1.7439877216121356,0,0.0
none_6,none,3,4,9,2.213794219796345,1.7937833802036556,0,0.0
none_6,none,3,5,9,2.201078310178604,1.806499289821397,0,0.0
none_6,none,3,6,9,2.2247884706769345,1.782789129323067,0,0.0
none_6,none,3,7,9,2.2157933444674094,1.791784255532592,0,0.0
none_6,none,3,8,9,2.188333428032862,1.8192441719671386,0,0.0
none_6,none,3,9,9,2.2678225463338006,1.7397550536661996,0,0.0
none_7,none,3,0,0,2.225076413614611,1.7825011863853897,0,0.0
none_7,none,3,1,0,2.1940662523762713,1.81351134762373,0,0.0
none_7,none,3,2,0,2.23816067488474,1.769416925115261,0,0.0
none_7,none,3,3,0,2.2170941580266903,1.7904834419733107,0,0.0
none_7,none,3,4,0,2.230790213415734,1.7767873865842676,0,0.0
none_7,none,3,5,0,2.213766369045489,1.793811230954512,0,0.0
none_7,none,3,6,0,2.2651236122269753,1.7424539877730254,0,0.0
none_7,none,3,7,0,2.2045769727025326,1.8030006272974686,0,0.0
none_7,none,3,8,0,2.187427503016885,1.8201500969831161,0,0.0
none_7,none,3,9,0,2.2488023275886353,1.7587752724113654,0,0.0
none_7,none,3,0,1,2.175746958991582,1.83183064100842,0,0.0
none_7,none,3,1,1,2.1513202102454265,1.8562573897545747,0,0.0
none_7,none,3,2,1,2.182581326304415,1.8249962736955863,0,0.0
none_7,none,3,3,1,2.1921607913919368,1.8154168086080642,0,0.0
none_7,none,3,4,1,2.166241914185031,1.84133568581497,0,0.0
none_7,none,3,5,1,2.186341249374937,1.8212363506250646,0,0.0
none_7,none,3,6,1,2.2044471098304306,1.8031304901695706,0,0.0
none_7,none,3,7,1,2.1966824948907164,1.8108951051092848,0,0.0
none_7,none,3,8,1,2.167887062928481,1.83969053707152,0,0.0
none_7,none,3,9,1,2.178955102216882,1.8286224977831194,0,0.0
none_7,none,3,0,2,2.1958754224650314,1.8117021775349702,0,0.0
none_7,none,3,1,2,2.1918749758572362,1.815702624142765,0,0.0
none_7,none,3,2,2,2.2011922070024954,1.8063853929975062,0,0.0
none_7,none,3,3,2,2.17794296993726,1.829634630062741,0,0.0
none_7,none,3,4,2,2.1909835319903688,1.816594068009632,0,0.0
none_7,none,3,5,2,2.185458777375449,1.8221188226245526,0,0.0
none_7,none,3,6,2,2.219940362185458,1.7876372378145429,0,0.0
none_7,none,3,7,2,2.2211642843171853,1.7864133156828161,0,0.0
none_7,none,3,8,2,2.198146822871326,1.8094307771286748,0,0.0
none_7,none,3,9,2,2.209854232077806,1.7977233679221956,0,0.0
none_7,none,3,0,3,2.2080656763335877,1.7995119236664134,0,0.0
none_7,none,3,1,3,2.171139742575235,1.8364378574247664,0,0.0
none_7,none,3,2,3,2.2026697118415033,1.8049078881584977,0,0.0
none_7,none,3,3,3,2.209831002453359,1.7977465975466416,0,0.0
none_7,none,3,4,3,2.189921421787652,1.8176561782123493,0,0.0
none_7,none,3,5,3,2.204248994623226,1.8033286053767745,0,0.0
none_7,none,3,6,3,2.2149521825377048,1.7926254174622964,0,0.0
none_7,none,3,7,3,2.1927848430936745,1.8147927569063267,0,0.0
none_7,none,3,8,3,2.1689739598442577,1.8386036401557437,0,0.0
none_7,none,3,9,3,2.2468223845640725,1.760755215435929,0,0.0
none_7,none,3,0,4,2.1987114829712464,1.8088661170287552,0,0.0
none_7,none,3,1,4,2.162528987752902,1.8450486122470993,0,0.0
none_7,none,3,2,4,2.2131235719624516,1.7944540280375494,0,0.0
none_7,none,3,3,4,2.2371481970590086,1.7704294029409926,0,0.0
none_7,none,3,4,4,2.2140428893917488,1.7935347106082518,0,0.0
none_7,none,3,5,4,2.1898345333319407,1.8177430666680605,0,0.0
none_7,none,3,6,4,2.189771324686836,1.817806275313165,0,0.0
none_7,none,3,7,4,2.209369592875752,1.7982080071242486,0,0.0
none_7,none,3,8,4,2.1841175455519664,1.823460054448035,0,0.0
none_7,none,3,9,4,2.232646349831607,1.774931250168394,0,0.0
none_7,none,3,0,5,2.2298474919566478,1.7777301080433532,0,0.0
none_7,none,3,1,5,2.1619489806005663,1.8456286193994353,0,0.0
none_7,none,3,2,5,2.192077501529171,1.8155000984708307,0,0.0
none_7,none,3,3,5,2.211067648389421,1.7965099516105798,0,0.0
none_7,none,3,4,5,2.198782751216101,1.8087948487839,0,0.0
none_7,none,3,5,5,2.1942622621970838,1.8133153378029174,0,0.0
none_7,none,3,6,5,2.1853463941204843,1.822231205879517,0,0.0
none_7,none,3,7,5,2.2165750403776485,1.7910025596223522,0,0.0
none_7,none,3,8,5,2.1775376563136515,1.8300399436863495,0,0.0
none_7,none,3,9,5,2.217910837267471,1.7896667627325298,0,0.0
none_7,none,3,0,6,2.2152680650073417,1.7923095349926592,0,0.0
none_7,none,3,1,6,2.152108678548119,1.8554689214518822,0,0.0
none_7,none,3,2,6,2.1977592330662006,1.8098183669338006,0,0.0
none_7,none,3,3,6,2.1807379870655716,1.82683961293443,0,0.0
none_7,none,3,4,6,2.1805324823578043,1.827045117642197,0,0.0
none_7,none,3,5,6,2.206484410143507,1.8010931898564944,0,0.0
none_7,none,3,6,6,2.1818122331378316,1.82576536686217,0,0.0
none_7,none,3,7,6,2.184168114953426,1.8234094850465752,0,0.0
none_7,none,3,8,6,2.1648056818044408,1.8427719181955606,0,0.0
none_7,none,3,9,6,2.215519095008003,1.7920585049919981,0,0.0
none_7,none,3,0,7,2.1955910377808023,1.8119865622191988,0,0.0
none_7,none,3,1,7,2.1521679555753597,1.855409644424642,0,0.0
none_7,none,3,2,7,2.2082055964538423,1.7993720035461587,0,0.0
none_7,none,3,3,7,2.1927175998945807,1.8148600001054207,0,0.0
none_7,none,3,4,7,2.2027669339158966,1.8048106660841043,0,0.0
none_7,none,3,5,7,2.2056191402976455,1.8019584597023552,0,0.0
none_7,none,3,6,7,2.1867433138351524,1.820834286164849,0,0.0
none_7,none,3,7,7,2.2036987290905183,1.8038788709094826,0,0.0
none_7,none,3,8,7,2.1589876791231637,1.8485899208768377,0,0.0
none_7,none,3,9,7,2.2182251875858547,1.7893524124141462,0,0.0
none_7,none,3,0,8,2.2018698852106353,1.8057077147893663,0,0.0
none_7,none,3,1,8,2.1763667215250675,1.831210878474934,0,0.0
none_7,none,3,2,8,2.1819806147702536,1.8255969852297478,0,0.0
none_7,none,3,3,8,2.171706460208365,1.8358711397916363,0,0.0
none_7,none,3,4,8,2.1714982235307554,1.8360793764692462,0,0.0
none_7,none,3,5,8,2.2121836405178543,1.7953939594821469,0,0.0
none_7,none,3,6,8,2.162106909398571,1.8454706906014307,0,0.0
none_7,none,3,7,8,2.166721199063238,1.8408564009367634,0,0.0
none_7,none,3,8,8,2.1487104141507163,1.8588671858492856,0,0.0
none_7,none,3,9,8,2.181874719276994,1.8257028807230073,0,0.0
none_7,none,3,0,9,2.2564009184709124,1.7511766815290883,0,0.0
none_7,none,3,1,9,2.192669842090753,1.814907757909248,0,0.0
none_7,none,3,2,9,2.1971544277502106,1.8104231722497905,0,0.0
none_7,none,3,3,9,2.2399879950624233,1.767589604937578,0,0.0
none_7,none,3,4,9,2.2517151413415237,1.755862458658477,0,0.0
none_7,none,3,5,9,2.2304815992615397,1.7770960007384617,0,0.0
none_7,none,3,6,9,2.2189829854988634,1.788594614501137,0,0.0
none_7,none,3,7,9,2.2192741450010196,1.7883034549989818,0,0.0
none_7,none,3,8,9,2.1994479405490446,1.8081296594509568,0,0.0
none_7,none,3,9,9,2.25517573690637,1.7524018630936309,0,0.0
none_8,none,1,0,0,2.3268162194532254,1.6807613805467743,0,0.0
none_8,none,1,1,0,2.202745405843053,1.804832194156948,0,0.0
none_8,none,1,2,0,2.238846868047056,1.768730731952945,0,0.0
none_8,none,1,3,0,2.2722507539462096,1.7353268460537916,0,0.0
none_8,none,1,4,0,2.2412413290010758,1.7663362709989254,0,0.0
none_8,none,1,5,0,2.2273570435442953,1.7802205564557059,0,0.0
none_8,none,1,6,0,2.2508256070702592,1.7567519929297413,0,0.0
none_8,none,1,7,0,2.2204700444052334,1.7871075555947673,0,0.0
none_8,none,1,8,0,2.225052202527997,1.7825253974720046,0,0.0
none_8,none,1,9,0,2.270655293575694,1.7369223064243062,0,0.0
none_8,none,1,0,1,2.203357716043038,1.804219883956963,0,0.0
none_8,none,1,1,1,2.1983745060989293,1.809203093901072,0,0.0
none_8,none,1,2,1,2.189898875172118,1.8176787248278834,0,0.0
none_8,none,1,3,1,2.1751999103114006,1.8323776896886008,0,0.0
none_8,none,1,4,1,2.1889994966122193,1.8185781033877817,0,0.0
none_8,none,1,5,1,2.178926712711065,1.828650887288936,0,0.0
none_8,none,1,6,1,2.1938165238598017,1.813761076140199,0,0.0
none_8,none,1,7,1,2.1953187010569217,1.8122588989430797,0,0.0
none_8,none,1,8,1,2.149689060159336,1.8578885398406655,0,0.0
none_8,none,1,9,1,2.2120322377942863,1.7955453622057147,0,0.0
none_8,none,1,0,2,2.248336712417397,1.7592408875826036,0,0.0
none_8,none,1,1,2,2.1828754464271762,1.8247021535728252,0,0.0
none_8,none,1,2,2,2.206570240119515,1.801007359880486,0,0.0
none_8,none,1,3,2,2.2092723279218665,1.7983052720781345,0,0.0
none_8,none,1,4,2,2.219624165546757,1.787953434453244,0,0.0
none_8,none,1,5,2,2.222146389404388,1.7854312105956132,0,0.0
none_8,none,1,6,2,2.1806725230054123,1.826905076994589,0,0.0
none_8,none,1,7,2,2.1872327392230453,1.8203448607769557,0,0.0
none_8,none,1,8,2,2.163757153601926,1.843820446398075,0,0.0
none_8,none,1,9,2,2.2106818775594483,1.7968957224405528,0,0.0
none_8,none,1,0,3,2.2023333892537074,1.8052442107462938,0,0.0
none_8,none,1,1,3,2.1708883560126626,1.836689243987339,0,0.0
none_8,none,1,2,3,2.1974131709432836,1.8101644290567174,0,0.0
none_8,none,1,3,3,2.1891721052363655,1.8184054947636359,0,0.0
none_8,none,1,4,3,2.194859337373911,1.8127182626260898,0,0.0
none_8,none,1,5,3,2.206846308291815,1.8007312917081861,0,0.0
none_8,none,1,6,3,2.2001200098042792,1.8074575901957217,0,0.0
none_8,none,1,7,3,2.1810256206316683,1.8265519793683334,0,0.0
none_8,none,1,8,3,2.168318296287802,1.839259303712199,0,0.0
none_8,none,1,9,3,2.250158836601894,1.7574187633981069,0,0.0
none_8,none,1,0,4,2.1898105468606524,1.817767053139349,0,0.0
none_8,none,1,1,4,2.158699553208707,1.8488780467912944,0,0.0
none_8,none,1,2,4,2.181376883896752,1.8262007161032494,0,0.0
none_8,none,1,3,4,2.19851395017488,1.8090636498251216,0,0.0
none_8,none,1,4,4,2.188982948699154,1.8185946513008469,0,0.0
none_8,none,1,5,4,2.2021177812667894,1.8054598187332116,0,0.0
none_8,none,1,6,4,2.199124186401205,1.8084534135987962,0,0.0
none_8,none,1,7,4,2.2121701084117324,1.7954074915882683,0,0.0
none_8,none,1,8,4,2.1930373071042797,1.8145402928957213,0,0.0
none_8,none,1,9,4,2.239419413569315,1.7681581864306861,0,0.0
none_8,none,1,0,5,2.21404914333307,1.793528456666931,0,0.0
none_8,none,1,1,5,2.177334187460936,1.830243412539065,0,0.0
none_8,none,1,2,5,2.1839122203890518,1.8236653796109494,0,0.0
none_8,none,1,3,5,2.1847183485847474,1.822859251415254,0,0.0
none_8,none,1,4,5,2.2054165677692894,1.8021610322307116,0,0.0
none_8,none,1,5,5,2.1939769593187157,1.8136006406812855,0,0.0
none_8,none,1,6,5,2.221767209675654,1.785810390324347,0,0.0
none_8,none,1,7,5,2.221406157052424,1.7861714429475768,0,0.0
none_8,none,1,8,5,2.173162377794593,1.8344152222054084,0,0.0
none_8,none,1,9,5,2.258352355339402,1.749225244660599,0,0.0
none_8,none,1,0,6,2.2139085326851577,1.7936690673148434,0,0.0
none_8,none,1,1,6,2.180222739624505,1.8273548603754963,0,0.0
none_8,none,1,2,6,2.1828252103912615,1.8247523896087396,0,0.0
none_8,none,1,3,6,2.2216958783753658,1.7858817216246352,0,0.0
none_8,none,1,4,6,2.203419745784762,1.8041578542152388,0,0.0
none_8,none,1,5,6,2.172234385194989,1.8353432148050128,0,0.0
none_8,none,1,6,6,2.206736500107281,1.8008410998927193,0,0.0
none_8,none,1,7,6,2.2060534155044444,1.8015241844955565,0,0.0
none_8,none,1,8,6,2.1870614678451523,1.820516132154849,0,0.0
none_8,none,1,9,6,2.21769136978381,1.789886230216191,0,0.0
none_8,none,1,0,7,2.2293220984064717,1.778255501593529,0,0.0
none_8,none,1,1,7,2.1836108075316507,1.823966792468351,0,0.0
none_8,none,1,2,7,2.191189469053878,1.816388130946123,0,0.0
none_8,none,1,3,7,2.218286359455164,1.789291240544837,0,0.0
none_8,none,1,4,7,2.173791333156039,1.8337862668439622,0,0.0
none_8,none,1,5,7,2.1917704697618134,1.8158071302381877,0,0.0
none_8,none,1,6,7,2.186002240640317,1.8215753593596844,0,0.0
none_8,none,1,7,7,2.219876869788518,1.7877007302114831,0,0.0
none_8,none,1,8,7,2.185019622611415,1.8225579773885863,0,0.0
none_8,none,1,9,7,2.221148733405024,1.786428866594977,0,0.0
none_8,none,1,0,8,2.22053710285392,1.7870404971460812,0,0.0
none_8,none,1,1,8,2.1652523510112887,1.8423252489887127,0,0.0
none_8,none,1,2,8,2.1749662628998596,1.8326113371001416,0,0.0
none_8,none,1,3,8,2.169836252957446,1.837741347042555,0,0.0
none_8,none,1,4,8,2.1726986329082423,1.8348789670917591,0,0.0
none_8,none,1,5,8,2.1681001225467273,1.8394774774532738,0,0.0
none_8,none,1,6,8,2.181453543984252,1.826124056015749,0,0.0
none_8,none,1,7,8,2.192438310202888,1.8151392897971133,0,0.0
none_8,none,1,8,8,2.173159039018907,1.8344185609810943,0,0.0
none_8,none,1,9,8,2.2239435645254755,1.7836340354745257,0,0.0
none_8,none,1,0,9,2.2998983133817283,1.7076792866182717,0,0.0
none_8,none,1,1,9,2.2035586345700766,1.804018965429925,0,0.0
none_8,none,1,2,9,2.2309365822806924,1.7766410177193088,0,0.0
none_8,none,1,3,9,2.222764918512402,1.7848126814875993,0,0.0
none_8,none,1,4,9,2.2344281891023683,1.7731494108976324,0,0.0
none_8,none,1,5,9,2.2016137676939853,1.8059638323060163,0,0.0
none_8,none,1,6,9,2.235907944815537,1.7716696551844637,0,0.0
none_8,none,1,7,9,2.2070474120072947,1.8005301879927063,0,0.0
none_8,none,1,8,9,2.1839578055595417,1.8236197944404595,0,0.0
none_8,none,1,9,9,2.2543070157681764,1.753270584231824,0,0.0
none_9,none,1,0,0,2.2723952042366173,1.7351823957633834,0,0.0
none_9,none,1,1,0,2.183928522499671,1.8236490775003305,0,0.0
none_9,none,1,2,0,2.241075499832294,1.7665021001677068,0,0.0
none_9,none,1,3,0,2.207336045896051,1.80024155410395,0,0.0
none_9,none,1,4,0,2.2373820876968917,1.7701955123031092,0,0.0
none_9,none,1,5,0,2.2235052902797587,1.7840723097202424,0,0.0
none_9,none,1,6,0,2.2742362385885393,1.733341361411462,0,0.0
none_9,none,1,7,0,2.2169841680489975,1.7905934319510035,0,0.0
none_9,none,1,8,0,2.194584649140156,1.8129929508598455,0,0.0
none_9,none,1,9,0,2.2495443891608904,1.7580332108391101,0,0.0
none_9,none,1,0,1,2.2110873565464213,1.7964902434535797,0,0.0
none_9,none,1,1,1,2.1766103341990433,1.8309672658009584,0,0.0
none_9,none,1,2,1,2.178348977092604,1.8292286229073975,0,0.0
none_9,none,1,3,1,2.1958892084176633,1.811688391582338,0,0.0
none_9,none,1,4,1,2.17276935094881,1.834808249051191,0,0.0
none_9,none,1,5,1,2.1928895763601974,1.8146880236398035,0,0.0
none_9,none,1,6,1,2.1809137541874164,1.8266638458125846,0,0.0
none_9,none,1,7,1,2.165109177699997,1.8424684223000043,0,0.0
none_9,none,1,8,1,2.155442870888843,1.8521347291111585,0,0.0
none_9,none,1,9,1,2.1872757016059015,1.8203018983941,0,0.0
none_9,none,1,0,2,2.189020213346191,1.8185573866538105,0,0.0
none_9,none,1,1,2,2.15852754115047,1.8490500588495316,0,0.0
none_9,none,1,2,2,2.177824884609872,1.8297527153901296,0,0.0
none_9,none,1,3,2,2.2184762443826695,1.7891013556173312,0,0.0
none_9,none,1,4,2,2.2142917162501403,1.7932858837498606,0,0.0
none_9,none,1,5,2,2.1956750999586503,1.811902500041351,0,0.0
none_9,none,1,6,2,2.1863385113586493,1.8212390886413519,0,0.0
none_9,none,1,7,2,2.1828103409535378,1.824767259046463,0,0.0
none_9,none,1,8,2,2.186029327680548,1.8215482723194532,0,0.0
none_9,none,1,9,2,2.204869410795694,1.8027081892043075,0,0.0
none_9,none,1,0,3,2.2144697817757875,1.7931078182242137,0,0.0
none_9,none,1,1,3,2.179778775964724,1.8277988240352776,0,0.0
none_9,none,1,2,3,2.1917020570284307,1.8158755429715705,0,0.0
none_9,none,1,3,3,2.1786377028342225,1.8289398971657786,0,0.0
none_9,none,1,4,3,2.178617010467818,1.8289605895321834,0,0.0
none_9,none,1,5,3,2.184410376475701,1.8231672235243006,0,0.0
none_9,none,1,6,3,2.204679641728003,1.8028979582719984,0,0.0
none_9,none,1,7,3,2.1810195656716123,1.8265580343283885,0,0.0
none_9,none,1,8,3,2.1571412349636443,1.8504363650363573,0,0.0
none_9,none,1,9,3,2.2327411225641542,1.7748364774358465,0,0.0
none_9,none,1,0,4,2.223792271708291,1.7837853282917104,0,0.0
none_9,none,1,1,4,2.174031919070059,1.8335456809299424,0,0.0
none_9,none,1,2,4,2.1969588849585073,1.8106187150414943,0,0.0
none_9,none,1,3,4,2.189060861097395,1.8185167389026058,0,0.0
none_9,none,1,4,4,2.17900544801071,1.8285721519892912,0,0.0
none_9,none,1,5,4,2.198784313824389,1.808793286175612,0,0.0
none_9,none,1,6,4,2.20075041779055,1.806827182209451,0,0.0
none_9,none,1,7,4,2.1958651417344814,1.8117124582655197,0,0.0
none_9,none,1,8,4,2.1526712697358508,1.8549063302641509,0,0.0
none_9,none,1,9,4,2.2189477366499784,1.7886298633500226,0,0.0
none_9,none,1,0,5,2.2190424088464407,1.7885351911535603,0,0.0
none_9,none,1,1,5,2.1744024747331183,1.8331751252668829,0,0.0
none_9,none,1,2,5,2.199265696752877,1.808311903247124,0,0.0
none_9,none,1,3,5,2.170845416317262,1.8367321836827393,0,0.0
none_9,none,1,4,5,2.1700257800332428,1.837551819966759,0,0.0
none_9,none,1,5,5,2.1999402520091222,1.8076373479908787,0,0.0
none_9,none,1,6,5,2.2150611779948663,1.7925164220051346,0,0.0
none_9,none,1,7,5,2.2135757026043033,1.7940018973956973,0,0.0
none_9,none,1,8,5,2.1820361412446623,1.8255414587553391,0,0.0
none_9,none,1,9,5,2.245524169414629,1.7620534305853717,0,0.0
none_9,none,1,0,6,2.199918108874448,1.8076594911255535,0,0.0
none_9,none,1,1,6,2.1769375920978336,1.8306400079021676,0,0.0
none_9,none,1,2,6,2.2051746000482773,1.8024029999517237,0,0.0
none_9,none,1,3,6,2.206232407401451,1.8013451925985495,0,0.0
none_9,none,1,4,6,2.2171689121805507,1.7904086878194503,0,0.0
none_9,none,1,5,6,2.198537047296955,1.8090405527030462,0,0.0
none_9,none,1,6,6,2.2183239680186904,1.7892536319813104,0,0.0
none_9,none,1,7,6,2.2093862949828993,1.798191305017102,0,0.0
none_9,none,1,8,6,2.2299093172508226,1.777668282749178,0,0.0
none_9,none,1,9,6,2.265458905727869,1.7421186942721318,0,0.0
none_9,none,1,0,7,2.228513839485793,1.7790637605142081,0,0.0
none_9,none,1,1,7,2.1808240697524375,1.8267535302475637,0,0.0
none_9,none,1,2,7,2.1850884057808293,1.8224891942191719,0,0.0
none_9,none,1,3,7,2.229088526872388,1.7784890731276124,0,0.0
none_9,none,1,4,7,2.1933631183808084,1.8142144816191927,0,0.0
none_9,none,1,5,7,2.1925267636530323,1.8150508363469688,0,0.0
none_9,none,1,6,7,2.217247522133547,1.7903300778664542,0,0.0
none_9,none,1,7,7,2.1904790816779345,1.8170985183220663,0,0.0
none_9,none,1,8,7,2.1960053967236743,1.8115722032763268,0,0.0
none_9,none,1,9,7,2.239739308481958,1.7678382915180428,0,0.0
none_9,none,1,0,8,2.200828632285768,1.806748967714233,0,0.0
none_9,none,1,1,8,2.2271641650806804,1.7804134349193206,0,0.0
none_9,none,1,2,8,2.1661758909481486,1.8414017090518524,0,0.0
none_9,none,1,3,8,2.1698951689566663,1.8376824310433353,0,0.0
none_9,none,1,4,8,2.1578950905808942,1.849682509419107,0,0.0
none_9,none,1,5,8,2.170332000035983,1.8372455999640185,0,0.0
none_9,none,1,6,8,2.161974952855546,1.8456026471444558,0,0.0
none_9,none,1,7,8,2.177249741318749,1.8303278586812526,0,0.0
none_9,none,1,8,8,2.1693774790998104,1.8382001209001908,0,0.0
none_9,none,1,9,8,2.2131886556105655,1.7943889443894356,0,0.0
none_9,none,1,0,9,2.2986727134607836,1.708904886539217,0,0.0
none_9,none,1,1,9,2.219061205078676,1.7885163949213252,0,0.0
none_9,none,1,2,9,2.2179934253450666,1.7895841746549346,0,0.0
none_9,none,1,3,9,2.2069391947960755,1.8006384052039248,0,0.0
none_9,none,1,4,9,2.232405881720318,1.7751717182796833,0,0.0
none_9,none,1,5,9,2.215854888783019,1.791722711216982,0,0.0
none_9,none,1,6,9,2.1952792625110016,1.8122983374889996,0,0.0
none_9,none,1,7,9,2.1965039948535647,1.8110736051464367,0,0.0
none_9,none,1,8,9,2.1880064975413935,1.8195711024586074,0,0.0
none_9,none,1,9,9,2.2766794647646336,1.730898135235367,0,0.0
none_10,none,1,0,0,2.2925697851605427,1.7150078148394574,0,0.0
none_10,none,1,1,0,2.1954786102730384,1.812098989726963,0,0.0
none_10,none,1,2,0,2.2138484134166974,1.7937291865833038,0,0.0
none_10,none,1,3,0,2.200385592451083,1.8071920075489183,0,0.0
none_10,none,1,4,0,2.229805511558625,1.7777720884413755,0,0.0
none_10,none,1,5,0,2.20837763634399,1.799199963656011,0,0.0
none_10,none,1,6,0,2.1862083006349713,1.8213692993650301,0,0.0
none_10,none,1,7,0,2.2076304618140736,1.7999471381859278,0,0.0
none_10,none,1,8,0,2.1761384145099583,1.8314391854900436,0,0.0
none_10,none,1,9,0,2.24995390058295,1.757623699417051,0,0.0
none_10,none,1,0,1,2.208540724968996,1.7990368750310048,0,0.0
none_10,none,1,1,1,2.1709152460118935,1.8366623539881082,0,0.0
none_10,none,1,2,1,2.176750950218065,1.8308266497819363,0,0.0
none_10,none,1,3,1,2.175177322034258,1.8324002779657438,0,0.0
none_10,none,1,4,1,2.1536935766860585,1.8538840233139429,0,0.0
none_10,none,1,5,1,2.154510283091992,1.8530673169080094,0,0.0
none_10,none,1,6,1,2.184362552397384,1.8232150476026174,0,0.0
none_10,none,1,7,1,2.1907118207907867,1.8168657792092142,0,0.0
none_10,none,1,8,1,2.165836779083633,1.8417408209163686,0,0.0
none_10,none,1,9,1,2.1867503575377056,1.820827242462296,0,0.0
none_10,none,1,0,2,2.227021324848718,1.780556275151283,0,0.0
none_10,none,1,1,2,2.1737795634357577,1.8337980365642432,0,0.0
none_10,none,1,2,2,2.1947084151647624,1.8128691848352383,0,0.0
none_10,none,1,3,2,2.1986946769810154,1.808882923018986,0,0.0
none_10,none,1,4,2,2.1779033755297075,1.8296742244702937,0,0.0
none_10,none,1,5,2,2.175422604258048,1.8321549957419536,0,0.0
none_10,none,1,6,2,2.174031256588524,1.833546343411477,0,0.0
none_10,none,1,7,2,2.1809400913295347,1.8266375086704665,0,0.0
none_10,none,1,8,2,2.1963778169062667,1.8111997830937347,0,0.0
none_10,none,1,9,2,2.2191521056716916,1.788425494328309,0,0.0
none_10,none,1,0,3,2.2211294642939547,1.7864481357060462,0,0.0
none_10,none,1,1,3,2.166850560856725,1.8407270391432764,0,0.0
none_10,none,1,2,3,2.183005885536653,1.8245717144633482,0,0.0
none_10,none,1,3,3,2.1767199069190135,1.830857693080988,0,0.0
none_10,none,1,4,3,2.199254745028088,1.8083228549719133,0,0.0
none_10,none,1,5,3,2.1668195576594242,1.8407580423405774,0,0.0
none_10,none,1,6,3,2.194846604154231,1.8127309958457702,0,0.0
none_10,none,1,7,3,2.201710815211018,1.8058667847889833,0,0.0
none_10,none,1,8,3,2.1863920071029885,1.8211855928970127,0,0.0
none_10,none,1,9,3,2.2521424832463937,1.7554351167536073,0,0.0
none_10,none,1,0,4,2.210080917210186,1.7974966827898156,0,0.0
none_10,none,1,1,4,2.1586932698625088,1.8488843301374929,0,0.0
none_10,none,1,2,4,2.1727449033897095,1.834832696610292,0,0.0
none_10,none,1,3,4,2.1969022820180406,1.8106753179819606,0,0.0
none_10,none,1,4,4,2.1988358474096463,1.8087417525903546,0,0.0
none_10,none,1,5,4,2.1999608994926554,1.8076167005073456,0,0.0
none_10,none,1,6,4,2.205105578501977,1.8024720214980239,0,0.0
none_10,none,1,7,4,2.199285549581695,1.8082920504183062,0,0.0
none_10,none,1,8,4,2.168092461309325,1.8394851386906763,0,0.0
none_10,none,1,9,4,2.2330474422928455,1.774530157707156,0,0.0
none_10,none,1,0,5,2.246252696602804,1.761324903397197,0,0.0
none_10,none,1,1,5,2.1713390141344244,1.8362385858655768,0,0.0
none_10,none,1,2,5,2.2120098758528046,1.7955677241471957,0,0.0
none_10,none,1,3,5,2.2148113164570336,1.7927662835429674,0,0.0
none_10,none,1,4,5,2.2251890009582036,1.7823885990417971,0,0.0
none_10,none,1,5,5,2.2206481054081553,1.7869294945918461,0,0.0
none_10,none,1,6,5,2.184237598654703,1.8233400013452978,0,0.0
none_10,none,1,7,5,2.1742463022855962,1.833331297714405,0,0.0
none_10,none,1,8,5,2.180467032929368,1.8271105670706336,0,0.0
none_10,none,1,9,5,2.2161371916191572,1.7914404083808442,0,0.0
none_10,none,1,0,6,2.223266596051988,1.784311003948013,0,0.0
none_10,none,1,1,6,2.2015345905448656,1.8060430094551354,0,0.0
none_10,none,1,2,6,2.18239462631874,1.8251829736812613,0,0.0
none_10,none,1,3,6,2.2054013404478194,1.8021762595521817,0,0.0
none_10,none,1,4,6,2.18524487530948,1.8223327246905217,0,0.0
none_10,none,1,5,6,2.1734290157165748,1.8341485842834266,0,0.0
none_10,none,1,6,6,2.1961197731304156,1.8114578268695858,0,0.0
none_10,none,1,7,6,2.1836512152321745,1.8239263847678266,0,0.0
none_10,none,1,8,6,2.182455413753721,1.8251221862462803,0,0.0
none_10,none,1,9,6,2.21136374667289,1.7962138533271113,0,0.0
none_10,none,1,0,7,2.220338959994035,1.7872386400059666,0,0.0
none_10,none,1,1,7,2.161759613884745,1.845817986115257,0,0.0
none_10,none,1,2,7,2.2065855042027125,1.8009920957972885,0,0.0
none_10,none,1,3,7,2.182427462081137,1.8251501379188646,0,0.0
none_10,none,1,4,7,2.1861573825123735,1.8214202174876277,0,0.0
none_10,none,1,5,7,2.1785843431327927,1.8289932568672083,0,0.0
none_10,none,1,6,7,2.1993765855424368,1.8082010144575642,0,0.0
none_10,none,1,7,7,2.169893465588669,1.8376841344113322,0,0.0
none_10,none,1,8,7,2.180395181290216,1.8271824187097856,0,0.0
none_10,none,1,9,7,2.273287749299191,1.7342898507008093,0,0.0
none_10,none,1,0,8,2.1709782402772597,1.8365993597227417,0,0.0
none_10,none,1,1,8,2.1687392309430513,1.8388383690569499,0,0.0
none_10,none,1,2,8,2.1700391783418187,1.8375384216581827,0,0.0
none_10,none,1,3,8,2.182504695530789,1.825072904469212,0,0.0
none_10,none,1,4,8,2.19849446621545,1.809083133784551,0,0.0
none_10,none,1,5,8,2.2066734262472143,1.8009041737527869,0,0.0
none_10,none,1,6,8,2.20738769923431,1.8001899007656905,0,0.0
none_10,none,1,7,8,2.1608729668087627,1.846704633191239,0,0.0
none_10,none,1,8,8,2.170204569432519,1.8373730305674822,0,0.0
none_10,none,1,9,8,2.190591613096955,1.8169859869030467,0,0.0
none_10,none,1,0,9,2.253100558181364,1.7544770418186366,0,0.0
none_10,none,1,1,9,2.2000310085810737,1.8075465914189277,0,0.0
none_10,none,1,2,9,2.196935096518013,1.8106425034819886,0,0.0
none_10,none,1,3,9,2.2091583482147175,1.7984192517852835,0,0.0
none_10,none,1,4,9,2.246790166392752,1.7607874336072487,0,0.0
none_10,none,1,5,9,2.2988961005165804,1.70868149948342,0,0.0
none_10,none,1,6,9,2.227903139853176,1.779674460146825,0,0.0
none_10,none,1,7,9,2.240840992626658,1.7667366073733428,0,0.0
none_10,none,1,8,9,2.225290258777238,1.782287341222763,0,0.0
none_10,none,1,9,9,2.288424967104188,1.7191526328958122,0,0.0
none_11,none,1,0,0,2.2702776914685496,1.7372999085314504,0,0.0
none_11,none,1,1,0,2.1978631093427654,1.8097144906572356,0,0.0
none_11,none,1,2,0,2.241461592369314,1.7661160076306868,0,0.0
none_11,none,1,3,0,2.2296045930584656,1.7779730069415352,0,0.0
none_11,none,1,4,0,2.248723000656873,1.758854599343128,0,0.0
none_11,none,1,5,0,2.2449917436901226,1.7625858563098786,0,0.0
none_11,none,1,6,0,2.2372845557496217,1.770293044250379,0,0.0
none_11,none,1,7,0,2.238195403845749,1.769382196154252,0,0.0
none_11,none,1,8,0,2.1898682406053505,1.8177093593946507,0,0.0
none_11,none,1,9,0,2.224434196369052,1.7831434036309488,0,0.0
none_11,none,1,0,1,2.1869291166213523,1.8206484833786492,0,0.0
none_11,none,1,1,1,2.144962118007114,1.862615481992888,0,0.0
none_11,none,1,2,1,2.1774104713118483,1.8301671286881531,0,0.0
none_11,none,1,3,1,2.191528680362677,1.816048919637324,0,0.0
none_11,none,1,4,1,2.182229927177667,1.8253476728223341,0,0.0
none_11,none,1,5,1,2.1940590103970896,1.8135185896029118,0,0.0
none_11,none,1,6,1,2.202290071596719,1.8052875284032823,0,0.0
none_11,none,1,7,1,2.1937594234660525,1.8138181765339487,0,0.0
none_11,none,1,8,1,2.1567737429495053,1.8508038570504957,0,0.0
none_11,none,1,9,1,2.1910003171812518,1.8165772828187496,0,0.0
none_11,none,1,0,2,2.23326377788474,1.7743138221152606,0,0.0
none_11,none,1,1,2,2.1902042895774416,1.8173733104225596,0,0.0
none_11,none,1,2,2,2.223130265996726,1.784447334003275,0,0.0
none_11,none,1,3,2,2.189596509021696,1.8179810909783052,0,0.0
none_11,none,1,4,2,2.2015680370012083,1.8060095629987927,0,0.0
none_11,none,1,5,2,2.2369786408616226,1.7705989591383784,0,0.0
none_11,none,1,6,2,2.212418657303008,1.795158942696993,0,0.0
none_11,none,1,7,2,2.205794791140882,1.8017828088591188,0,0.0
none_11,none,1,8,2,2.156010299776101,1.8515673002239006,0,0.0
none_11,none,1,9,2,2.2229698757271987,1.7846077242728027,0,0.0
none_11,none,1,0,3,2.2407396545915303,1.7668379454084702,0,0.0
none_11,none,1,1,3,2.1588897819269555,1.848687818073046,0,0.0
none_11,none,1,2,3,2.1903599210102214,1.8172176789897803,0,0.0
none_11,none,1,3,3,2.1800759036470634,1.8275016963529378,0,0.0
none_11,none,1,4,3,2.1841761025566404,1.823401497443361,0,0.0
none_11,none,1,5,3,2.1810216134729594,1.8265559865270415,0,0.0
none_11,none,1,6,3,2.19793620882798,1.809641391172021,0,0.0
none_11,none,1,7,3,2.1806307374265983,1.8269468625734029,0,0.0
none_11,none,1,8,3,2.1577811865953023,1.849796413404699,0,0.0
none_11,none,1,9,3,2.2110059382381313,1.7965716617618706,0,0.0
none_11,none,1,0,4,2.2128472545520554,1.7947303454479455,0,0.0
none_11,none,1,1,4,2.1722398421721745,1.8353377578278267,0,0.0
none_11,none,1,2,4,2.1897134856798672,1.8178641143201342,0,0.0
none_11,none,1,3,4,2.1778299383495403,1.8297476616504609,0,0.0
none_11,none,1,4,4,2.215644370474978,1.791933229525023,0,0.0
none_11,none,1,5,4,2.1829375693676862,1.8246400306323154,0,0.0
none_11,none,1,6,4,2.16827113514846,1.8393064648515414,0,0.0
none_11,none,1,7,4,2.191385663464771,1.8161919365352301,0,0.0
none_11,none,1,8,4,2.2047033213292644,1.802874278670737,0,0.0
none_11,none,1,9,4,2.2053208777217614,1.80225672227824,0,0.0
none_11,none,1,0,5,2.196603489097472,1.8109741109025297,0,0.0
none_11,none,1,1,5,2.1693664220723528,1.8382111779276482,0,0.0
none_11,none,1,2,5,2.183743075143435,1.8238345248565666,0,0.0
none_11,none,1,3,5,2.214942086408444,1.7926355135915568,0,0.0
none_11,none,1,4,5,2.204320361969352,1.8032572380306493,0,0.0
none_11,none,1,5,5,2.1971838748751455,1.8103937251248559,0,0.0
none_11,none,1,6,5,2.1793939458941796,1.8281836541058218,0,0.0
none_11,none,1,7,5,2.197064071956259,1.810513528043742,0,0.0
none_11,none,1,8,5,2.182548321017388,1.8250292789826135,0,0.0
none_11,none,1,9,5,2.200428274050432,1.8071493259495695,0,0.0
none_11,none,1,0,6,2.2165246330560358,1.7910529669439652,0,0.0
none_11,none,1,1,6,2.1760365260237418,1.8315410739762592,0,0.0
none_11,none,1,2,6,2.179152281312786,1.8284253186872153,0,0.0
none_11,none,1,3,6,2.1775760800616926,1.8300015199383088,0,0.0
none_11,none,1,4,6,2.213094414576544,1.7944831854234569,0,0.0
none_11,none,1,5,6,2.1893078495032965,1.818269750496705,0,0.0
none_11,none,1,6,6,2.1994538062756437,1.8081237937243575,0,0.0
none_11,none,1,7,6,2.191312673822728,1.8162649261772732,0,0.0
none_11,none,1,8,6,2.186517808518819,1.8210597914811824,0,0.0
none_11,none,1,9,6,2.1902178222888846,1.8173597777111166,0,0.0
none_11,none,1,0,7,2.202740809279387,1.804836790720614,0,0.0
none_11,none,1,1,7,2.182451747995181,1.8251258520048204,0,0.0
none_11,none,1,2,7,2.2216358097017137,1.785941790298287,0,0.0
none_11,none,1,3,7,2.176227624069434,1.8313499759305674,0,0.0
none_11,none,1,4,7,2.183164055505003,1.8244135444949985,0,0.0
none_11,none,1,5,7,2.2128524315118874,1.7947251684881136,0,0.0
none_11,none,1,6,7,2.2286946903419502,1.778882909658051,0,0.0
none_11,none,1,7,7,2.18962131311517,1.817956286884831,0,0.0
none_11,none,1,8,7,2.184775146444725,1.8228024535552765,0,0.0
none_11,none,1,9,7,2.205051542324999,1.8025260576750026,0,0.0
none_11,none,1,0,8,2.2115260154035785,1.7960515845964224,0,0.0
none_11,none,1,1,8,2.1574044278360303,1.8501731721639711,0,0.0
none_11,none,1,2,8,2.1736671869289514,1.8339104130710495,0,0.0
none_11,none,1,3,8,2.179672515742457,1.8279050842575444,0,0.0
none_11,none,1,4,8,2.173173510414113,1.8344040895858884,0,0.0
none_11,none,1,5,8,2.207077554064519,1.8005000459354816,0,0.0
none_11,none,1,6,8,2.203473555981657,1.804104044018344,0,0.0
none_11,none,1,7,8,2.188286808935922,1.819290791064079,0,0.0
none_11,none,1,8,8,2.1681978010085787,1.8393797989914225,0,0.0
none_11,none,1,9,8,2.1810162558257287,1.8265613441742727,0,0.0
none_11,none,1,0,9,2.277427588843572,1.7301500111564274,0,0.0
none_11,none,1,1,9,2.191190355257657,1.8163872447423446,0,0.0
none_11,none,1,2,9,2.200993217807411,1.8065843821925904,0,0.0
none_11,none,1,3,9,2.20020924801093,1.807368351989071,0,0.0
none_11,none,1,4,9,2.2458022527305705,1.7617753472694304,0,0.0
none_11,none,1,5,9,2.239649878661865,1.7679277213381361,0,0.0
none_11,none,1,6,9,2.2280469765912234,1.7795306234087782,0,0.0
none_11,none,1,7,9,2.222103995186604,1.7854736048133972,0,0.0
none_11,none,1,8,9,2.2220765505979934,1.7855010494020076,0,0.0
none_11,none,1,9,9,2.2751470039140846,1.732430596085916,0,0.0
none_8,none,2,0,0,2.2896005615386112,1.7179770384613893,0,0.0
none_8,none,2,1,0,2.2148655336468996,1.7927120663531009,0,0.0
none_8,none,2,2,0,2.224892959547279,1.782684640452722,0,0.0
none_8,none,2,3,0,2.2101118237107187,1.7974657762892827,0,0.0
none_8,none,2,4,0,2.214873223564311,1.7927043764356905,0,0.0
none_8,none,2,5,0,2.20045152921975,1.8071260707802512,0,0.0
none_8,none,2,6,0,2.222945676452055,1.7846319235479464,0,0.0
none_8,none,2,7,0,2.2052844029934056,1.8022931970065954,0,0.0
none_8,none,2,8,0,2.1856754181417934,1.821902181858208,0,0.0
none_8,none,2,9,0,2.249630480063255,1.757947119936745,0,0.0
none_8,none,2,0,1,2.2081169398621974,1.799460660137804,0,0.0
none_8,none,2,1,1,2.159450826248894,1.8481267737511078,0,0.0
none_8,none,2,2,1,2.1771085874567855,1.8304690125432157,0,0.0
none_8,none,2,3,1,2.161737797998564,1.8458398020014375,0,0.0
none_8,none,2,4,1,2.1814319204855317,1.8261456795144693,0,0.0
none_8,none,2,5,1,2.164616588739298,1.842961011260703,0,0.0
none_8,none,2,6,1,2.1779731159841784,1.8296044840158228,0,0.0
none_8,none,2,7,1,2.173417671278397,1.834159928721604,0,0.0
none_8,none,2,8,1,2.16901654295167,1.8385610570483315,0,0.0
none_8,none,2,9,1,2.195760041093846,1.8118175589061554,0,0.0
none_8,none,2,0,2,2.2185390129143028,1.7890385870856984,0,0.0
none_8,none,2,1,2,2.192651598537069,1.8149260014629318,0,0.0
none_8,none,2,2,2,2.182698493765438,1.8248791062345635,0,0.0
none_8,none,2,3,2,2.1781260511071365,1.8294515488928647,0,0.0
none_8,none,2,4,2,2.1945946929237157,1.8129829070762855,0,0.0
none_8,none,2,5,2,2.2067077053646353,1.8008698946353658,0,0.0
none_8,none,2,6,2,2.2082621005941134,1.7993154994058878,0,0.0
none_8,none,2,7,2,2.19600091708987,1.811576682910131,0,0.0
none_8,none,2,8,2,2.202346308898222,1.8052312911017792,0,0.0
none_8,none,2,9,2,2.236733621758604,1.7708439782413967,0,0.0
none_8,none,2,0,3,2.2334192863312974,1.7741583136687036,0,0.0
none_8,none,2,1,3,2.1779811150705144,1.8295964849294868,0,0.0
none_8,none,2,2,3,2.185292318641937,1.8222852813580646,0,0.0
none_8,none,2,3,3,2.1826261296997815,1.8249514703002196,0,0.0
none_8,none,2,4,3,2.18844727929619,1.819130320703811,0,0.0
none_8,none,2,5,3,2.21733472453214,1.7902428754678605,0,0.0
none_8,none,2,6,3,2.190525772127096,1.8170518278729049,0,0.0
none_8,none,2,7,3,2.176535846548167,1.8310417534518346,0,0.0
none_8,none,2,8,3,2.182107324704209,1.8254702752957923,0,0.0
none_8,none,2,9,3,2.2527875483283033,1.7547900516716979,0,0.0
none_8,none,2,0,4,2.219090739976743,1.788486860023258,0,0.0
none_8,none,2,1,4,2.177370207611042,1.8302073923889595,0,0.0
none_8,none,2,2,4,2.194904126358492,1.8126734736415089,0,0.0
none_8,none,2,3,4,2.1820207983779305,1.8255568016220707,0,0.0
none_8,none,2,4,4,2.2337730078379843,1.7738045921620167,0,0.0
none_8,none,2,5,4,2.2094874571299736,1.7980901428700276,0,0.0
none_8,none,2,6,4,2.2030928568505352,1.804484743149466,0,0.0
none_8,none,2,7,4,2.1847297330740787,1.8228478669259227,0,0.0
none_8,none,2,8,4,2.1848462992065043,1.822731300793497,0,0.0
none_8,none,2,9,4,2.228917877002694,1.778659722997307,0,0.0
none_8,none,2,0,5,2.2155074670107924,1.7920701329892086,0,0.0
none_8,none,2,1,5,2.176371051830699,1.8312065481693023,0,0.0
none_8,none,2,2,5,2.19116634342612,1.8164112565738817,0,0.0
none_8,none,2,3,5,2.2043089085791374,1.8032686914208638,0,0.0
none_8,none,2,4,5,2.221895830784788,1.7856817692152127,0,0.0
none_8,none,2,5,5,2.226440644075711,1.7811369559242898,0,0.0
none_8,none,2,6,5,2.1950363521210794,1.8125412478789216,0,0.0
none_8,none,2,7,5,2.2062681810028004,1.8013094189972003,0,0.0
none_8,none,2,8,5,2.1741577210627487,1.8334198789372522,0,0.0
none_8,none,2,9,5,2.223183940312881,1.7843936596871204,0,0.0
none_8,none,2,0,6,2.203959376294059,1.8036182237059424,0,0.0
none_8,none,2,1,6,2.1793240717894644,1.8282535282105372,0,0.0
none_8,none,2,2,6,2.179129356458191,1.8284482435418101,0,0.0
none_8,none,2,3,6,2.172765998996393,1.834811601003608,0,0.0
none_8,none,2,4,6,2.177974991274877,1.829602608725124,0,0.0
none_8,none,2,5,6,2.1838038050707294,1.8237737949292723,0,0.0
none_8,none,2,6,6,2.2166090501624955,1.7909685498375054,0,0.0
none_8,none,2,7,6,2.1928750049937134,1.8147025950062874,0,0.0
none_8,none,2,8,6,2.1912127606518625,1.816364839348139,0,0.0
none_8,none,2,9,6,2.2203621299540384,1.7872154700459628,0,0.0
none_8,none,2,0,7,2.2031166372437174,1.8044609627562842,0,0.0
none_8,none,2,1,7,2.1829057563103,1.8246718436897014,0,0.0
none_8,none,2,2,7,2.2042949292859495,1.8032826707140515,0,0.0
none_8,none,2,3,7,2.2013919711764935,1.8061856288235079,0,0.0
none_8,none,2,4,7,2.1882971403444285,1.8192804596555727,0,0.0
none_8,none,2,5,7,2.191437195587595,1.8161404044124063,0,0.0
none_8,none,2,6,7,2.1735284062352096,1.834049193764792,0,0.0
none_8,none,2,7,7,2.2128877582751225,1.7946898417248782,0,0.0
none_8,none,2,8,7,2.181986170287697,1.8255914297123041,0,0.0
none_8,none,2,9,7,2.2233469442268574,1.7842306557731435,0,0.0
none_8,none,2,0,8,2.2230523673713325,1.7845252326286685,0,0.0
none_8,none,2,1,8,2.1871951945582895,1.8203824054417117,0,0.0
none_8,none,2,2,8,2.16979252919684,1.8377850708031613,0,0.0
none_8,none,2,3,8,2.187592112013323,1.8199854879866784,0,0.0
none_8,none,2,4,8,2.179018288438079,1.8285593115619225,0,0.0
none_8,none,2,5,8,2.1685525958053207,1.8390250041946803,0,0.0
none_8,none,2,6,8,2.1572814895577186,1.8502961104422833,0,0.0
none_8,none,2,7,8,2.185884054625097,1.821693545374904,0,0.0
none_8,none,2,8,8,2.1674463106127373,1.8401312893872643,0,0.0
none_8,none,2,9,8,2.232071288842223,1.7755063111577785,0,0.0
none_8,none,2,0,9,2.2691174816388657,1.7384601183611343,0,0.0
none_8,none,2,1,9,2.2030793586424338,1.8044982413575676,0,0.0
none_8,none,2,2,9,2.255286213038237,1.7522913869617633,0,0.0
none_8,none,2,3,9,2.270423524579531,1.7371540754204697,0,0.0
none_8,none,2,4,9,2.233056805135139,1.7745207948648625,0,0.0
none_8,none,2,5,9,2.2294786744110695,1.7780989255889317,0,0.0
none_8,none,2,6,9,2.2597600541448073,1.7478175458551934,0,0.0
none_8,none,2,7,9,2.227344052295443,1.7802335477045577,0,0.0
none_8,none,2,8,9,2.2333472692045966,1.7742303307954042,0,0.0
none_8,none,2,9,9,2.346579853199719,1.6609977468002808,0,0.0
none_9,none,2,0,0,2.307402880818752,1.7001747191812482,0,0.0
none_9,none,2,1,0,2.234558505745279,1.7730190942547226,0,0.0
none_9,none,2,2,0,2.215020565442788,1.7925570345572133,0,0.0
none_9,none,2,3,0,2.219231658717977,1.7883459412820242,0,0.0
none_9,none,2,4,0,2.2663161489044668,1.7412614510955342,0,0.0
none_9,none,2,5,0,2.222931829141519,1.7846457708584822,0,0.0
none_9,none,2,6,0,2.214233871906189,1.793343728093812,0,0.0
none_9,none,2,7,0,2.2420878201210983,1.7654897798789022,0,0.0
none_9,none,2,8,0,2.169104347535599,1.8384732524644027,0,0.0
none_9,none,2,9,0,2.224788081546804,1.7827895184531968,0,0.0
none_9,none,2,0,1,2.2328692501160603,1.774708349883941,0,0.0
none_9,none,2,1,1,2.1486204767037003,1.8589571232963014,0,0.0
none_9,none,2,2,1,2.178354777160607,1.829222822839394,0,0.0
none_9,none,2,3,1,2.1562532663910927,1.8513243336089091,0,0.0
none_9,none,2,4,1,2.1803435240683666,1.8272340759316346,0,0.0
none_9,none,2,5,1,2.1661623864943182,1.8414152135056834,0,0.0
none_9,none,2,6,1,2.1790203237699752,1.828557276230026,0,0.0
none_9,none,2,7,1,2.1757665283666343,1.8318110716333673,0,0.0
none_9,none,2,8,1,2.141509435123155,1.8660681648768462,0,0.0
none_9,none,2,9,1,2.191371595954477,1.8162060040455241,0,0.0
none_9,none,2,0,2,2.2268717392517874,1.780705860748214,0,0.0
none_9,none,2,1,2,2.1828379927424,1.8247396072576012,0,0.0
none_9,none,2,2,2,2.1902389488497978,1.8173386511502037,0,0.0
none_9,none,2,3,2,2.1728258229032624,1.8347517770967392,0,0.0
none_9,none,2,4,2,2.186728930129082,1.8208486698709192,0,0.0
none_9,none,2,5,2,2.1839717123575078,1.8236058876424932,0,0.0
none_9,none,2,6,2,2.219898750225211,1.78767884977479,0,0.0
none_9,none,2,7,2,2.1967866750121265,1.8107909249878742,0,0.0
none_9,none,2,8,2,2.192832115981763,1.8147454840182382,0,0.0
none_9,none,2,9,2,2.215780228321771,1.7917973716782303,0,0.0
none_9,none,2,0,3,2.204545847967296,1.8030317520327053,0,0.0
none_9,none,2,1,3,2.160477210484456,1.8471003895155453,0,0.0
none_9,none,2,2,3,2.1907776311637948,1.816799968836206,0,0.0
none_9,none,2,3,3,2.1865329474467474,1.8210446525532538,0,0.0
none_9,none,2,4,3,2.1722497636855698,1.8353278363144316,0,0.0
none_9,none,2,5,3,2.1894491603797013,1.8181284396202995,0,0.0
none_9,none,2,6,3,2.2042069674001663,1.8033706325998347,0,0.0
none_9,none,2,7,3,2.22341091705046,1.784166682949541,0,0.0
none_9,none,2,8,3,2.1915471447101758,1.8160304552898257,0,0.0
none_9,none,2,9,3,2.2152484737319487,1.7923291262680523,0,0.0
none_9,none,2,0,4,2.20655881990255,1.8010187800974513,0,0.0
none_9,none,2,1,4,2.1928273238059317,1.8147502761940695,0,0.0
none_9,none,2,2,4,2.1979581414229314,1.8096194585770697,0,0.0
none_9,none,2,3,4,2.1987056076876295,1.8088719923123717,0,0.0
none_9,none,2,4,4,2.193030504146333,1.8145470958536678,0,0.0
none_9,none,2,5,4,2.1929544043375966,1.8146231956624044,0,0.0
none_9,none,2,6,4,2.212541853885681,1.7950357461143194,0,0.0
none_9,none,2,7,4,2.202399927430656,1.805177672569345,0,0.0
none_9,none,2,8,4,2.17988085579579,1.827696744204211,0,0.0
none_9,none,2,9,4,2.210619998078209,1.7969576019217925,0,0.0
none_9,none,2,0,5,2.216255579460854,1.791322020539147,0,0.0
none_9,none,2,1,5,2.175145295014818,1.832432304985183,0,0.0
none_9,none,2,2,5,2.1689070722456587,1.8386705277543423,0,0.0
none_9,none,2,3,5,2.165504322103175,1.842073277896826,0,0.0
none_9,none,2,4,5,2.1830335496663724,1.8245440503336292,0,0.0
none_9,none,2,5,5,2.25124904339984,1.7563285566001605,0,0.0
none_9,none,2,6,5,2.208816190932281,1.7987614090677198,0,0.0
none_9,none,2,7,5,2.20645301873232,1.801124581267681,0,0.0
none_9,none,2,8,5,2.1824471944923305,1.8251304055076705,0,0.0
none_9,none,2,9,5,2.2338746934835116,1.7737029065164895,0,0.0
none_9,none,2,0,6,2.2127263974270353,1.794851202572966,0,0.0
none_9,none,2,1,6,2.1960470018643865,1.8115305981356145,0,0.0
none_9,none,2,2,6,2.192324778025816,1.8152528219741855,0,0.0
none_9,none,2,3,6,2.1837757410340397,1.8238018589659615,0,0.0
none_9,none,2,4,6,2.1680516737026374,1.8395259262973642,0,0.0
none_9,none,2,5,6,2.193625378568376,1.8139522214316248,0,0.0
none_9,none,2,6,6,2.2236887104275005,1.7838888895725,0,0.0
none_9,none,2,7,6,2.191861212647013,1.815716387352988,0,0.0
none_9,none,2,8,6,2.2252712179097283,1.7823063820902727,0,0.0
none_9,none,2,9,6,2.248796100295604,1.7587814997043967,0,0.0
none_9,none,2,0,7,2.2174114620546472,1.790166137945354,0,0.0
none_9,none,2,1,7,2.157470881827201,1.8501067181728001,0,0.0
none_9,none,2,2,7,2.1600282633036763,1.8475493366963252,0,0.0
none_9,none,2,3,7,2.1898179102814943,1.8177596897185069,0,0.0
none_9,none,2,4,7,2.198976399341815,1.8086012006581857,0,0.0
none_9,none,2,5,7,2.1982111033855016,1.8093664966144996,0,0.0
none_9,none,2,6,7,2.1938728616148744,1.813704738385126,0,0.0
none_9,none,2,7,7,2.200476602402052,1.807100997597949,0,0.0
none_9,none,2,8,7,2.1814777145079605,1.8260998854920405,0,0.0
none_9,none,2,9,7,2.2563606725453322,1.7512169274546685,0,0.0
none_9,none,2,0,8,2.1983389282159926,1.8092386717840083,0,0.0
none_9,none,2,1,8,2.1443439945584304,1.8632336054415715,0,0.0
none_9,none,2,2,8,2.158748124421849,1.8488294755781525,0,0.0
none_9,none,2,3,8,2.1717420279241715,1.8358355720758295,0,0.0
none_9,none,2,4,8,2.177145163740513,1.8304324362594881,0,0.0
none_9,none,2,5,8,2.181458769057185,1.8261188309428165,0,0.0
none_9,none,2,6,8,2.172779389811946,1.8347982101880556,0,0.0
none_9,none,2,7,8,2.1886405106268625,1.8189370893731385,0,0.0
none_9,none,2,8,8,2.197598424494946,1.8099791755050552,0,0.0
none_9,none,2,9,8,2.2009612789035318,1.806616321096469,0,0.0
none_9,none,2,0,9,2.2661510864609946,1.7414265135390055,0,0.0
none_9,none,2,1,9,2.198222732976259,1.809354867023742,0,0.0
none_9,none,2,2,9,2.2441776533165454,1.763399946683455,0,0.0
none_9,none,2,3,9,2.223538589495186,1.7840390105048152,0,0.0
none_9,none,2,4,9,2.221397352525664,1.7861802474743365,0,0.0
none_9,none,2,5,9,2.207755974304238,1.7998216256957633,0,0.0
none_9,none,2,6,9,2.2026629911864566,1.8049146088135448,0,0.0
none_9,none,2,7,9,2.219189487000625,1.788388112999376,0,0.0
none_9,none,2,8,9,2.200984421640958,1.8065931783590432,0,0.0
none_9,none,2,9,9,2.273266217819507,1.7343113821804936,0,0.0
none_10,none,2,0,0,2.3193592044888365,1.6882183955111638,0,0.0
none_10,none,2,1,0,2.182698165205092,1.8248794347949093,0,0.0
none_10,none,2,2,0,2.216568210576315,1.791009389423686,0,0.0
none_10,none,2,3,0,2.196708229998299,1.810869370001702,0,0.0
none_10,none,2,4,0,2.2177649194772706,1.7898126805227303,0,0.0
none_10,none,2,5,0,2.2112425080130573,1.796335091986944,0,0.0
none_10,none,2,6,0,2.2535648237895605,1.7540127762104405,0,0.0
none_10,none,2,7,0,2.1849600507361457,1.8226175492638559,0,0.0
none_10,none,2,8,0,2.178769920177536,1.8288076798224655,0,0.0
none_10,none,2,9,0,2.259766908609695,1.747810691390306,0,0.0
none_10,none,2,0,1,2.1972704641613787,1.8103071358386222,0,0.0
none_10,none,2,1,1,2.1482776394702827,1.859299960529719,0,0.0
none_10,none,2,2,1,2.1674729359132345,1.8401046640867669,0,0.0
none_10,none,2,3,1,2.1854234645257913,1.8221541354742101,0,0.0
none_10,none,2,4,1,2.1623725540754575,1.845205045924544,0,0.0
none_10,none,2,5,1,2.1687407978649778,1.8388368021350232,0,0.0
none_10,none,2,6,1,2.1628117312766997,1.844765868723302,0,0.0
none_10,none,2,7,1,2.1799958060292326,1.8275817939707686,0,0.0
none_10,none,2,8,1,2.142959143777117,1.8646184562228842,0,0.0
none_10,none,2,9,1,2.1821439161279863,1.8254336838720155,0,0.0
none_10,none,2,0,2,2.2088859401149037,1.7986916598850977,0,0.0
none_10,none,2,1,2,2.165474601039875,1.842102998960127,0,0.0
none_10,none,2,2,2,2.169285503631051,1.8382920963689504,0,0.0
none_10,none,2,3,2,2.1717054511544713,1.8358721488455303,0,0.0
none_10,none,2,4,2,2.1703066952651064,1.837270904734895,0,0.0
none_10,none,2,5,2,2.2008439965934987,1.8067336034065022,0,0.0
none_10,none,2,6,2,2.2009160036143705,1.8066615963856307,0,0.0
none_10,none,2,7,2,2.1827024414363088,1.8248751585636924,0,0.0
none_10,none,2,8,2,2.17590157964539,1.8316760203546116,0,0.0
none_10,none,2,9,2,2.2112061429202505,1.7963714570797509,0,0.0
none_10,none,2,0,3,2.227052437740297,1.780525162259704,0,0.0
none_10,none,2,1,3,2.1720826311031134,1.8354949688968878,0,0.0
none_10,none,2,2,3,2.1704327639921184,1.837144836007883,0,0.0
none_10,none,2,3,3,2.175004446788416,1.8325731532115856,0,0.0
none_10,none,2,4,3,2.176298260064623,1.8312793399353786,0,0.0
none_10,none,2,5,3,2.2014058196369435,1.8061717803630573,0,0.0
none_10,none,2,6,3,2.2024763526685613,1.805101247331439,0,0.0
none_10,none,2,7,3,2.1881303142445594,1.8194472857554416,0,0.0
none_10,none,2,8,3,2.181458691998484,1.8261189080015174,0,0.0
none_10,none,2,9,3,2.213912087918145,1.7936655120818565,0,0.0
none_10,none,2,0,4,2.2398152411898615,1.7677623588101392,0,0.0
none_10,none,2,1,4,2.1673620165103387,1.840215583489662,0,0.0
none_10,none,2,2,4,2.173387129311827,1.8341904706881746,0,0.0
none_10,none,2,3,4,2.18310094629559,1.8244766537044113,0,0.0
none_10,none,2,4,4,2.196129367703456,1.811448232296545,0,0.0
none_10,none,2,5,4,2.1790839972430702,1.8284936027569314,0,0.0
none_10,none,2,6,4,2.20139994743637,1.806177652563631,0,0.0
none_10,none,2,7,4,2.205182075023683,1.8023955249763182,0,0.0
none_10,none,2,8,4,2.1897418190892135,1.8178357809107877,0,0.0
none_10,none,2,9,4,2.1979722688714562,1.8096053311285452,0,0.0
none_10,none,2,0,5,2.235571984666101,1.7720056153339006,0,0.0
none_10,none,2,1,5,2.1941962021691945,1.8133813978308062,0,0.0
none_10,none,2,2,5,2.1803152671635937,1.8272623328364077,0,0.0
none_10,none,2,3,5,2.1979481726065297,1.8096294273934714,0,0.0
none_10,none,2,4,5,2.1936429168937726,1.8139346831062282,0,0.0
none_10,none,2,5,5,2.211648797823002,1.7959288021769986,0,0.0
none_10,none,2,6,5,2.177924241255425,1.8296533587445758,0,0.0
none_10,none,2,7,5,2.1672617542528356,1.8403158457471656,0,0.0
none_10,none,2,8,5,2.1580104956452466,1.8495671043547546,0,0.0
none_10,none,2,9,5,2.2233672962458404,1.7842103037541606,0,0.0
none_10,none,2,0,6,2.236401190297704,1.7711764097022968,0,0.0
none_10,none,2,1,6,2.1760242289019733,1.8315533710980278,0,0.0
none_10,none,2,2,6,2.2155728742632452,1.792004725736756,0,0.0
none_10,none,2,3,6,2.1878376045987804,1.819739995401221,0,0.0
none_10,none,2,4,6,2.2102192632680717,1.7973583367319292,0,0.0
none_10,none,2,5,6,2.1890562942388447,1.8185213057611562,0,0.0
none_10,none,2,6,6,2.200879114340623,1.8066984856593777,0,0.0
none_10,none,2,7,6,2.1832648707778555,1.8243127292221457,0,0.0
none_10,none,2,8,6,2.1698123564760685,1.837765243523933,0,0.0
none_10,none,2,9,6,2.1985645769847686,1.8090130230152328,0,0.0
none_10,none,2,0,7,2.234686259297794,1.7728913407022069,0,0.0
none_10,none,2,1,7,2.175661154055864,1.8319164459441373,0,0.0
none_10,none,2,2,7,2.1923354826050603,1.8152421173949407,0,0.0
none_10,none,2,3,7,2.210876287609103,1.7967013123908977,0,0.0
none_10,none,2,4,7,2.190392505394693,1.8171850946053085,0,0.0
none_10,none,2,5,7,2.1675308403077365,1.840046759692265,0,0.0
none_10,none,2,6,7,2.201106013189797,1.8064715868102037,0,0.0
none_10,none,2,7,7,2.190095902892716,1.8174816971072847,0,0.0
none_10,none,2,8,7,2.1585156520235915,1.84906194797641,0,0.0
none_10,none,2,9,7,2.215644014384093,1.7919335856159075,0,0.0
none_10,none,2,0,8,2.1988463797223754,1.808731220277626,0,0.0
none_10,none,2,1,8,2.1570654836971586,1.850512116302843,0,0.0
none_10,none,2,2,8,2.1607321554565195,1.8468454445434819,0,0.0
none_10,none,2,3,8,2.190421122523382,1.8171564774766193,0,0.0
none_10,none,2,4,8,2.17256428140012,1.835013318599881,0,0.0
none_10,none,2,5,8,2.1808641324728684,1.8267134675271328,0,0.0
none_10,none,2,6,8,2.155197159096355,1.8523804409036466,0,0.0
none_10,none,2,7,8,2.2053414136769414,1.8022361863230598,0,0.0
none_10,none,2,8,8,2.152876147076205,1.8547014529237966,0,0.0
none_10,none,2,9,8,2.184498736251522,1.8230788637484798,0,0.0
none_10,none,2,0,9,2.2626343391042805,1.7449432608957205,0,0.0
none_10,none,2,1,9,2.1760989432571107,1.831478656742891,0,0.0
none_10,none,2,2,9,2.2151626477689312,1.7924149522310702,0,0.0
none_10,none,2,3,9,2.2413450548874994,1.7662325451125014,0,0.0
none_10,none,2,4,9,2.2105016507297273,1.7970759492702741,0,0.0
none_10,none,2,5,9,2.2063993564097037,1.8011782435902972,0,0.0
none_10,none,2,6,9,2.2114316431627077,1.796145956837294,0,0.0
none_10,none,2,7,9,2.2375364750534894,1.7700411249465111,0,0.0
none_10,none,2,8,9,2.2182714289572476,1.7893061710427534,0,0.0
none_10,none,2,9,9,2.254761304284971,1.7528162957150304,0,0.0
none_11,none,2,0,0,2.2548142736428605,1.7527633263571403,0,0.0
none_11,none,2,1,0,2.1931868043364444,1.814390795663557,0,0.0
none_11,none,2,2,0,2.212773676627045,1.7948039233729558,0,0.0
none_11,none,2,3,0,2.2154428815691594,1.792134718430842,0,0.0
none_11,none,2,4,0,2.230125373435782,1.777452226564219,0,0.0
none_11,none,2,5,0,2.243623584985027,1.7639540150149737,0,0.0
none_11,none,2,6,0,2.2346744196833668,1.7729031803166342,0,0.0
none_11,none,2,7,0,2.2141213833882585,1.7934562166117427,0,0.0
none_11,none,2,8,0,2.1932891981883107,1.8142884018116903,0,0.0
none_11,none,2,9,0,2.2761601770678688,1.7314174229321313,0,0.0
none_11,none,2,0,1,2.1967086975728107,1.8108689024271905,0,0.0
none_11,none,2,1,1,2.1620941303932084,1.8454834696067934,0,0.0
none_11,none,2,2,1,2.1774578030412206,1.830119796958781,0,0.0
none_11,none,2,3,1,2.18333252918306,1.824245070816941,0,0.0
none_11,none,2,4,1,2.1952999910473388,1.812277608952662,0,0.0
none_11,none,2,5,1,2.180304819577845,1.8272727804221562,0,0.0
none_11,none,2,6,1,2.1695425250048372,1.8380350749951644,0,0.0
none_11,none,2,7,1,2.1829958694732996,1.8245817305267014,0,0.0
none_11,none,2,8,1,2.1675451186644668,1.8400324813355342,0,0.0
none_11,none,2,9,1,2.2062329277893236,1.801344672210678,0,0.0
none_11,none,2,0,2,2.214084130322321,1.79349346967768,0,0.0
none_11,none,2,1,2,2.188185987768857,1.8193916122311442,0,0.0
none_11,none,2,2,2,2.1887702891378833,1.8188073108621179,0,0.0
none_11,none,2,3,2,2.1793434605696578,1.8282341394303436,0,0.0
none_11,none,2,4,2,2.1932311131410778,1.8143464868589232,0,0.0
none_11,none,2,5,2,2.2025284549745767,1.805049145025424,0,0.0
none_11,none,2,6,2,2.2350495260411414,1.7725280739588596,0,0.0
none_11,none,2,7,2,2.197894643589423,1.8096829564105783,0,0.0
none_11,none,2,8,2,2.2077105754977793,1.7998670245022215,0,0.0
none_11,none,2,9,2,2.22168188813386,1.7858957118661412,0,0.0
none_11,none,2,0,3,2.2200976013487854,1.787479998651216,0,0.0
none_11,none,2,1,3,2.169839902170838,1.8377376978291633,0,0.0
none_11,none,2,2,3,2.1794891508802796,1.8280884491197216,0,0.0
none_11,none,2,3,3,2.1884875847352676,1.819090015264734,0,0.0
none_11,none,2,4,3,2.200799908532119,1.8067776914678824,0,0.0
none_11,none,2,5,3,2.1936327083476757,1.8139448916523255,0,0.0
none_11,none,2,6,3,2.2117492308049473,1.7958283691950538,0,0.0
none_11,none,2,7,3,2.2126351209455266,1.7949424790544743,0,0.0
none_11,none,2,8,3,2.1921198517988736,1.8154577482011272,0,0.0
none_11,none,2,9,3,2.2346391573701845,1.7729384426298165,0,0.0
none_11,none,2,0,4,2.2331491438430424,1.774428456156959,0,0.0
none_11,none,2,1,4,2.1518655751762417,1.8557120248237595,0,0.0
none_11,none,2,2,4,2.1838737797378074,1.823703820262194,0,0.0
none_11,none,2,3,4,2.192296993474798,1.8152806065252032,0,0.0
none_11,none,2,4,4,2.21987833787204,1.7876992621279602,0,0.0
none_11,none,2,5,4,2.2069007370083153,1.8006768629916858,0,0.0
none_11,none,2,6,4,2.20321657407537,1.804361025924631,0,0.0
none_11,none,2,7,4,2.2074621266670373,1.8001154733329636,0,0.0
none_11,none,2,8,4,2.1722236379266686,1.835353962073333,0,0.0
none_11,none,2,9,4,2.233918567067996,1.7736590329320046,0,0.0
none_11,none,2,0,5,2.2091038498671596,1.798473750132842,0,0.0
none_11,none,2,1,5,2.173376122316912,1.8342014776830897,0,0.0
none_11,none,2,2,5,2.174346837312177,1.8332307626878244,0,0.0
none_11,none,2,3,5,2.2049430082226,1.802634591777401,0,0.0
none_11,none,2,4,5,2.1980162513448964,1.8095613486551045,0,0.0
none_11,none,2,5,5,2.177127072089552,1.830450527910449,0,0.0
none_11,none,2,6,5,2.186953067006155,1.8206245329938455,0,0.0
none_11,none,2,7,5,2.1976474419521828,1.809930158047818,0,0.0
none_11,none,2,8,5,2.1880985134137534,1.8194790865862482,0,0.0
none_11,none,2,9,5,2.240919392237009,1.766658207762992,0,0.0
none_11,none,2,0,6,2.238788343422806,1.768789256577194,0,0.0
none_11,none,2,1,6,2.165363346364225,1.8422142536357762,0,0.0
none_11,none,2,2,6,2.191938708804529,1.8156388911954728,0,0.0
none_11,none,2,3,6,2.203677284214225,1.8039003157857758,0,0.0
none_11,none,2,4,6,2.204284977839707,1.8032926221602943,0,0.0
none_11,none,2,5,6,2.197081600403612,1.810495999596389,0,0.0
none_11,none,2,6,6,2.1877753853305317,1.8198022146694692,0,0.0
none_11,none,2,7,6,2.1959561160073227,1.8116214839926787,0,0.0
none_11,none,2,8,6,2.1829905192363093,1.8245870807636917,0,0.0
none_11,none,2,9,6,2.245126293291175,1.7624513067088259,0,0.0
none_11,none,2,0,7,2.2543716507517115,1.753205949248289,0,0.0
none_11,none,2,1,7,2.1805360055705396,1.8270415944294618,0,0.0
none_11,none,2,2,7,2.1684178058171835,1.8391597941828177,0,0.0
none_11,none,2,3,7,2.194395383404918,1.8131822165950835,0,0.0
none_11,none,2,4,7,2.239051054374737,1.7685265456252637,0,0.0
none_11,none,2,5,7,2.2019256606795916,1.8056519393204093,0,0.0
none_11,none,2,6,7,2.183118624304783,1.8244589756952183,0,0.0
none_11,none,2,7,7,2.1841139026761627,1.8234636973238383,0,0.0
none_11,none,2,8,7,2.190141229895095,1.8174363701049057,0,0.0
none_11,none,2,9,7,2.2062208459825055,1.8013567540174957,0,0.0
none_11,none,2,0,8,2.2545426860942146,1.7530349139057864,0,0.0
none_11,none,2,1,8,2.1905822050257577,1.8169953949742432,0,0.0
none_11,none,2,2,8,2.1718883987984725,1.835689201201529,0,0.0
none_11,none,2,3,8,2.2062975270201273,1.801280072979874,0,0.0
none_11,none,2,4,8,2.185056689099859,1.8225209109001421,0,0.0
none_11,none,2,5,8,2.184854183381005,1.8227234166189963,0,0.0
none_11,none,2,6,8,2.1926421107198477,1.8149354892801537,0,0.0
none_11,none,2,7,8,2.1962795572090053,1.8112980427909962,0,0.0
none_11,none,2,8,8,2.1719305995318523,1.8356470004681489,0,0.0
none_11,none,2,9,8,2.228956632452608,1.778620967547392,0,0.0
none_11,none,2,0,9,2.28530660360184,1.7222709963981604,0,0.0
none_11,none,2,1,9,2.21266302175546,1.7949145782445408,0,0.0
none_11,none,2,2,9,2.197445889964147,1.8101317100358545,0,0.0
none_11,none,2,3,9,2.195451801799037,1.8121257982009638,0,0.0
none_11,none,2,4,9,2.208381361087408,1.799196238912593,0,0.0
none_11,none,2,5,9,2.226877640764867,1.7806999592351342,0,0.0
none_11,none,2,6,9,2.2222061435323,1.7853714564677012,0,0.0
none_11,none,2,7,9,2.217704523466724,1.7898730765332769,0,0.0
none_11,none,2,8,9,2.2212501786747256,1.7863274213252758,0,0.0
none_11,none,2,9,9,2.292290500296999,1.7152870997030016,0,0.0
none_8,none,3,0,0,2.244410907554814,1.7631666924451868,0,0.0
none_8,none,3,1,0,2.2235426756178174,1.784034924382184,0,0.0
none_8,none,3,2,0,2.2270781812438303,1.7804994187561713,0,0.0
none_8,none,3,3,0,2.2327677404622346,1.7748098595377662,0,0.0
none_8,none,3,4,0,2.2309016332529095,1.7766759667470917,0,0.0
none_8,none,3,5,0,2.232919812435174,1.774657787564827,0,0.0
none_8,none,3,6,0,2.2054296526818384,1.8021479473181632,0,0.0
none_8,none,3,7,0,2.256782736644222,1.7507948633557788,0,0.0
none_8,none,3,8,0,2.210523909521887,1.7970536904781145,0,0.0
none_8,none,3,9,0,2.2728338503917764,1.7347437496082243,0,0.0
none_8,none,3,0,1,2.208133886893186,1.799443713106815,0,0.0
none_8,none,3,1,1,2.156129336673243,1.8514482633267586,0,0.0
none_8,none,3,2,1,2.18811311984446,1.8194644801555406,0,0.0
none_8,none,3,3,1,2.201006546550181,1.80657105344982,0,0.0
none_8,none,3,4,1,2.174685291477818,1.8328923085221829,0,0.0
none_8,none,3,5,1,2.1841136034656645,1.823463996534337,0,0.0
none_8,none,3,6,1,2.191121051290114,1.8164565487098876,0,0.0
none_8,none,3,7,1,2.1788243485149756,1.8287532514850258,0,0.0
none_8,none,3,8,1,2.195977863886254,1.8115997361137466,0,0.0
none_8,none,3,9,1,2.2058783550334895,1.801699244966512,0,0.0
none_8,none,3,0,2,2.211481799143202,1.7960958008567998,0,0.0
none_8,none,3,1,2,2.1771464121448987,1.8304311878551027,0,0.0
none_8,none,3,2,2,2.186327380332531,1.8212502196674702,0,0.0
none_8,none,3,3,2,2.208493742174465,1.799083857825536,0,0.0
none_8,none,3,4,2,2.2037868984724263,1.8037907015275745,0,0.0
none_8,none,3,5,2,2.207309815710786,1.800267784289215,0,0.0
none_8,none,3,6,2,2.179308144383852,1.8282694556161494,0,0.0
none_8,none,3,7,2,2.1880308490090736,1.8195467509909273,0,0.0
none_8,none,3,8,2,2.164861150366164,1.8427164496338373,0,0.0
none_8,none,3,9,2,2.192215279063594,1.8153623209364074,0,0.0
none_8,none,3,0,3,2.249006202170926,1.7585713978290747,0,0.0
none_8,none,3,1,3,2.166609741408449,1.8409678585915523,0,0.0
none_8,none,3,2,3,2.1923396752388338,1.8152379247611672,0,0.0
none_8,none,3,3,3,2.1879788009189687,1.8195987990810323,0,0.0
none_8,none,3,4,3,2.1882133504488785,1.8193642495511222,0,0.0
none_8,none,3,5,3,2.223873517807575,1.7837040821924262,0,0.0
none_8,none,3,6,3,2.208938554663145,1.798639045336856,0,0.0
none_8,none,3,7,3,2.2084303219485593,1.7991472780514415,0,0.0
none_8,none,3,8,3,2.157628251669882,1.849949348330119,0,0.0
none_8,none,3,9,3,2.2298706107306514,1.7777069892693498,0,0.0
none_8,none,3,0,4,2.2040005205485604,1.8035770794514405,0,0.0
none_8,none,3,1,4,2.1709934176281727,1.8365841823718287,0,0.0
none_8,none,3,2,4,2.1928025927511556,1.8147750072488458,0,0.0
none_8,none,3,3,4,2.2104339334558887,1.7971436665441125,0,0.0
none_8,none,3,4,4,2.1944590365093037,1.8131185634906972,0,0.0
none_8,none,3,5,4,2.1974154255045,1.8101621744955012,0,0.0
none_8,none,3,6,4,2.1891775754084946,1.8184000245915064,0,0.0
none_8,none,3,7,4,2.1757037893268203,1.8318738106731811,0,0.0
none_8,none,3,8,4,2.1702107020817976,1.8373668979182036,0,0.0
none_8,none,3,9,4,2.220362366112846,1.787215233887155,0,0.0
none_8,none,3,0,5,2.240657763370407,1.766919836629594,0,0.0
none_8,none,3,1,5,2.182452160267767,1.8251254397322336,0,0.0
none_8,none,3,2,5,2.2087713696877738,1.7988062303122272,0,0.0
none_8,none,3,3,5,2.1827430676890875,1.8248345323109139,0,0.0
none_8,none,3,4,5,2.1937052958023497,1.8138723041976514,0,0.0
none_8,none,3,5,5,2.199695547755867,1.8078820522441337,0,0.0
none_8,none,3,6,5,2.1778746375906217,1.82970296240938,0,0.0
none_8,none,3,7,5,2.1854462040443394,1.822131395955662,0,0.0
none_8,none,3,8,5,2.1856763084587447,1.8219012915412562,0,0.0
none_8,none,3,9,5,2.201348284511835,1.8062293154881663,0,0.0
none_8,none,3,0,6,2.2140785339643876,1.7934990660356136,0,0.0
none_8,none,3,1,6,2.198052012167443,1.809525587832558,0,0.0
none_8,none,3,2,6,2.204566013893491,1.80301158610651,0,0.0
none_8,none,3,3,6,2.210807129012541,1.79677047098746,0,0.0
none_8,none,3,4,6,2.2202724049643643,1.7873051950356371,0,0.0
none_8,none,3,5,6,2.2312532044537443,1.7763243955462564,0,0.0
none_8,none,3,6,6,2.1967716251750087,1.810805974824992,0,0.0
none_8,none,3,7,6,2.1792066346573997,1.8283709653426012,0,0.0
none_8,none,3,8,6,2.177337578376691,1.8302400216233106,0,0.0
none_8,none,3,9,6,2.237156511425321,1.7704210885746805,0,0.0
none_8,none,3,0,7,2.2391499498824814,1.7684276501175193,0,0.0
none_8,none,3,1,7,2.1753007811242666,1.8322768188757348,0,0.0
none_8,none,3,2,7,2.1939615970364192,1.8136160029635817,0,0.0
none_8,none,3,3,7,2.1815701111892283,1.826007488810773,0,0.0
none_8,none,3,4,7,2.1968666342933343,1.810710965706667,0,0.0
none_8,none,3,5,7,2.1795238969376536,1.8280537030623478,0,0.0
none_8,none,3,6,7,2.196098405360219,1.8114791946397828,0,0.0
none_8,none,3,7,7,2.1932490879653073,1.814328512034694,0,0.0
none_8,none,3,8,7,2.189870547750631,1.8177070522493701,0,0.0
none_8,none,3,9,7,2.2210365413378,1.7865410586622008,0,0.0
none_8,none,3,0,8,2.2054938347207984,1.8020837652792028,0,0.0
none_8,none,3,1,8,2.1574148580188504,1.8501627419811513,0,0.0
none_8,none,3,2,8,2.168809672531128,1.8387679274688733,0,0.0
none_8,none,3,3,8,2.1688987573194343,1.8386788426805671,0,0.0
none_8,none,3,4,8,2.1710431730526163,1.836534426947385,0,0.0
none_8,none,3,5,8,2.19094066130467,1.8166369386953312,0,0.0
none_8,none,3,6,8,2.2006956528483372,1.8068819471516637,0,0.0
none_8,none,3,7,8,2.163645405505669,1.8439321944943325,0,0.0
none_8,none,3,8,8,2.155376555857313,1.8522010441426886,0,0.0
none_8,none,3,9,8,2.1876796185736085,1.8198979814263925,0,0.0
none_8,none,3,0,9,2.24465126583411,1.7629263341658907,0,0.0
none_8,none,3,1,9,2.188715544180493,1.8188620558195085,0,0.0
none_8,none,3,2,9,2.201730461741913,1.8058471382580883,0,0.0
none_8,none,3,3,9,2.2151842108897477,1.792393389110254,0,0.0
none_8,none,3,4,9,2.228962684002294,1.7786149159977063,0,0.0
none_8,none,3,5,9,2.2147985681720574,1.7927790318279435,0,0.0
none_8,none,3,6,9,2.215378982868461,1.7921986171315398,0,0.0
none_8,none,3,7,9,2.191108002970431,1.8164695970295706,0,0.0
none_8,none,3,8,9,2.1767343886388897,1.8308432113611115,0,0.0
none_8,none,3,9,9,2.214363278757904,1.7932143212420968,0,0.0
none_9,none,3,0,0,2.2378943772312745,1.7696832227687262,0,0.0
none_9,none,3,1,0,2.2060083985378705,1.8015692014621312,0,0.0
none_9,none,3,2,0,2.2360114786996808,1.7715661213003202,0,0.0
none_9,none,3,3,0,2.2246997125640933,1.7828778874359077,0,0.0
none_9,none,3,4,0,2.2356381395892884,1.7719394604107126,0,0.0
none_9,none,3,5,0,2.2139799359270746,1.793597664072926,0,0.0
none_9,none,3,6,0,2.232325584739279,1.775252015260722,0,0.0
none_9,none,3,7,0,2.2203443492214743,1.7872332507785271,0,0.0
none_9,none,3,8,0,2.214480426537503,1.793097173462498,0,0.0
none_9,none,3,9,0,2.292868058036824,1.7147095419631766,0,0.0
none_9,none,3,0,1,2.2009114628298825,1.806666137170119,0,0.0
none_9,none,3,1,1,2.147988595266603,1.8595890047333987,0,0.0
none_9,none,3,2,1,2.1790448081673173,1.8285327918326837,0,0.0
none_9,none,3,3,1,2.1637684907298715,1.8438091092701299,0,0.0
none_9,none,3,4,1,2.178146631567374,1.8294309684326269,0,0.0
none_9,none,3,5,1,2.171099345097718,1.8364782549022838,0,0.0
none_9,none,3,6,1,2.1725770308055896,1.8350005691944113,0,0.0
none_9,none,3,7,1,2.1600809974333486,1.8474966025666533,0,0.0
none_9,none,3,8,1,2.1745380567573505,1.8330395432426507,0,0.0
none_9,none,3,9,1,2.2011132675241787,1.806464332475823,0,0.0
none_9,none,3,0,2,2.226946159918053,1.7806314400819485,0,0.0
none_9,none,3,1,2,2.182262115362077,1.8253154846379238,0,0.0
none_9,none,3,2,2,2.1692857778754058,1.8382918221245956,0,0.0
none_9,none,3,3,2,2.2044793856130322,1.803098214386969,0,0.0
none_9,none,3,4,2,2.189466001472544,1.8181115985274567,0,0.0
none_9,none,3,5,2,2.1856481807919166,1.8219294192080842,0,0.0
none_9,none,3,6,2,2.1977345836491655,1.8098430163508354,0,0.0
none_9,none,3,7,2,2.1938633795865363,1.8137142204134644,0,0.0
none_9,none,3,8,2,2.2045822080108017,1.8029953919891994,0,0.0
none_9,none,3,9,2,2.2432379080419147,1.7643396919580863,0,0.0
none_9,none,3,0,3,2.260838855749518,1.746738744250483,0,0.0
none_9,none,3,1,3,2.174108442243578,1.8334691577564233,0,0.0
none_9,none,3,2,3,2.169411847341364,1.8381657526586375,0,0.0
none_9,none,3,3,3,2.202078248178433,1.8054993518215678,0,0.0
none_9,none,3,4,3,2.2255887088701662,1.7819888911298345,0,0.0
none_9,none,3,5,3,2.209701433738661,1.7978761662613403,0,0.0
none_9,none,3,6,3,2.196998831295278,1.8105787687047232,0,0.0
none_9,none,3,7,3,2.1866534991709012,1.8209241008290997,0,0.0
none_9,none,3,8,3,2.176605450353947,1.8309721496460543,0,0.0
none_9,none,3,9,3,2.244272231146802,1.763305368853199,0,0.0
none_9,none,3,0,4,2.242206377338246,1.7653712226617546,0,0.0
none_9,none,3,1,4,2.1884458855296858,1.8191317144703152,0,0.0
none_9,none,3,2,4,2.201441390616146,1.8061362093838547,0,0.0
none_9,none,3,3,4,2.2162919081351697,1.791285691864831,0,0.0
none_9,none,3,4,4,2.1972593738307036,1.8103182261692974,0,0.0
none_9,none,3,5,4,2.2203039721330597,1.7872736278669408,0,0.0
none_9,none,3,6,4,2.2219603549565305,1.7856172450434704,0,0.0
none_9,none,3,7,4,2.1855453519280275,1.8220322480719737,0,0.0
none_9,none,3,8,4,2.18480300571855,1.822774594281451,0,0.0
none_9,none,3,9,4,2.2273861520247515,1.7801914479752494,0,0.0
none_9,none,3,0,5,2.2349230620313425,1.7726545379686585,0,0.0
none_9,none,3,1,5,2.167323812082527,1.840253787917474,0,0.0
none_9,none,3,2,5,2.215394854841697,1.7921827451583041,0,0.0
none_9,none,3,3,5,2.2074568009565043,1.8001207990434966,0,0.0
none_9,none,3,4,5,2.2185769689246992,1.7890006310753017,0,0.0
none_9,none,3,5,5,2.18099047435707,1.8265871256429316,0,0.0
none_9,none,3,6,5,2.214687869856736,1.7928897301432645,0,0.0
none_9,none,3,7,5,2.209634563803288,1.7979430361967128,0,0.0
none_9,none,3,8,5,2.220943674259103,1.786633925740898,0,0.0
none_9,none,3,9,5,2.2293881290039406,1.7781894709960606,0,0.0
none_9,none,3,0,6,2.2268654900638984,1.7807121099361027,0,0.0
none_9,none,3,1,6,2.17686936159464,1.8307082384053612,0,0.0
none_9,none,3,2,6,2.2004457023753754,1.8071318976246258,0,0.0
none_9,none,3,3,6,2.186397732343162,1.821179867656839,0,0.0
none_9,none,3,4,6,2.190663233279523,1.8169143667204781,0,0.0
none_9,none,3,5,6,2.1815038390651553,1.8260737609348463,0,0.0
none_9,none,3,6,6,2.2102926183311795,1.7972849816688217,0,0.0
none_9,none,3,7,6,2.2181960746049394,1.7893815253950616,0,0.0
none_9,none,3,8,6,2.196502829686002,1.8110747703139993,0,0.0
none_9,none,3,9,6,2.236736997796675,1.7708406022033258,0,0.0
none_9,none,3,0,7,2.2273107664584937,1.7802668335415075,0,0.0
none_9,none,3,1,7,2.1737079529788295,1.8338696470211722,0,0.0
none_9,none,3,2,7,2.1985044362495647,1.8090731637504363,0,0.0
none_9,none,3,3,7,2.203465242788371,1.80411235721163,0,0.0
none_9,none,3,4,7,2.1723402110093684,1.8352373889906333,0,0.0
none_9,none,3,5,7,2.2264134078454014,1.7811641921545993,0,0.0
none_9,none,3,6,7,2.204895422537084,1.8026821774629174,0,0.0
none_9,none,3,7,7,2.233344117815991,1.7742334821840096,0,0.0
none_9,none,3,8,7,2.1836708318053883,1.823906768194613,0,0.0
none_9,none,3,9,7,2.232012740617418,1.7755648593825828,0,0.0
none_9,none,3,0,8,2.19574506815084,1.811832531849161,0,0.0
none_9,none,3,1,8,2.1661022845316005,1.8414753154684014,0,0.0
none_9,none,3,2,8,2.201620654585261,1.8059569454147404,0,0.0
none_9,none,3,3,8,2.2069147294946756,1.8006628705053254,0,0.0
none_9,none,3,4,8,2.1800129504213954,1.8275646495786058,0,0.0
none_9,none,3,5,8,2.18874605434348,1.8188315456565212,0,0.0
none_9,none,3,6,8,2.1835023881457967,1.8240752118542043,0,0.0
none_9,none,3,7,8,2.1984490322578223,1.809128567742179,0,0.0
none_9,none,3,8,8,2.181622345652652,1.8259552543473492,0,0.0
none_9,none,3,9,8,2.2138784045686526,1.7936991954313488,0,0.0
none_9,none,3,0,9,2.2755636855112558,1.7320139144887445,0,0.0
none_9,none,3,1,9,2.194911905112772,1.812665694887229,0,0.0
none_9,none,3,2,9,2.221381358650108,1.786196241349893,0,0.0
none_9,none,3,3,9,2.254117983613098,1.753459616386903,0,0.0
none_9,none,3,4,9,2.2490588005373433,1.7585187994626577,0,0.0
none_9,none,3,5,9,2.216711826010246,1.7908657739897547,0,0.0
none_9,none,3,6,9,2.233494224923359,1.7740833750766418,0,0.0
none_9,none,3,7,9,2.2502694140210027,1.7573081859789983,0,0.0
none_9,none,3,8,9,2.2381387225850493,1.7694388774149514,0,0.0
none_9,none,3,9,9,2.26665957644412,1.7409180235558799,0,0.0
none_10,none,3,0,0,2.279049755058733,1.7285278449412673,0,0.0
none_10,none,3,1,0,2.182705473230917,1.8248721267690846,0,0.0
none_10,none,3,2,0,2.2023922647128886,1.8051853352871123,0,0.0
none_10,none,3,3,0,2.234269524552059,1.7733080754479427,0,0.0
none_10,none,3,4,0,2.255024895798347,1.7525527042016538,0,0.0
none_10,none,3,5,0,2.242611551685706,1.7649660483142946,0,0.0
none_10,none,3,6,0,2.1888901614538403,1.818687438546161,0,0.0
none_10,none,3,7,0,2.2173257688246477,1.790251831175353,0,0.0
none_10,none,3,8,0,2.2247401403362757,1.7828374596637253,0,0.0
none_10,none,3,9,0,2.2987053407955873,1.708872259204413,0,0.0
none_10,none,3,0,1,2.234771027357397,1.7728065726426037,0,0.0
none_10,none,3,1,1,2.1854862270205118,1.8220913729794896,0,0.0
none_10,none,3,2,1,2.1726466061044056,1.8349309938955958,0,0.0
none_10,none,3,3,1,2.1794096514941397,1.8281679485058617,0,0.0
none_10,none,3,4,1,2.193654636845126,1.8139229631548748,0,0.0
none_10,none,3,5,1,2.1837809947146347,1.8237966052853665,0,0.0
none_10,none,3,6,1,2.1713803310121,1.8361972689879014,0,0.0
none_10,none,3,7,1,2.1587838917825777,1.848793708217424,0,0.0
none_10,none,3,8,1,2.1674895367190077,1.840088063280994,0,0.0
none_10,none,3,9,1,2.24046200706072,1.767115592939281,0,0.0
none_10,none,3,0,2,2.241242518155869,1.7663350818441317,0,0.0
none_10,none,3,1,2,2.192727092915122,1.8148505070848793,0,0.0
none_10,none,3,2,2,2.1969434334161946,1.8106341665838068,0,0.0
none_10,none,3,3,2,2.202494646962993,1.805082953037008,0,0.0
none_10,none,3,4,2,2.1950013918551092,1.8125762081448917,0,0.0
none_10,none,3,5,2,2.1787699330452623,1.8288076669547388,0,0.0
none_10,none,3,6,2,2.1865970896074867,1.8209805103925145,0,0.0
none_10,none,3,7,2,2.1715553339817752,1.836022266018226,0,0.0
none_10,none,3,8,2,2.1885592405989853,1.8190183594010154,0,0.0
none_10,none,3,9,2,2.256853236334596,1.7507243636654048,0,0.0
none_10,none,3,0,3,2.221393637901351,1.7861839620986504,0,0.0
none_10,none,3,1,3,2.169716479780251,1.8378611202197506,0,0.0
none_10,none,3,2,3,2.2166516005574466,1.7909259994425546,0,0.0
none_10,none,3,3,3,2.2202363233562523,1.7873412766437486,0,0.0
none_10,none,3,4,3,2.2161690881985887,1.7914085118014118,0,0.0
none_10,none,3,5,3,2.186560326479418,1.8210172735205836,0,0.0
none_10,none,3,6,3,2.1950012028142236,1.8125763971857773,0,0.0
none_10,none,3,7,3,2.1879972885485515,1.8195803114514497,0,0.0
none_10,none,3,8,3,2.179982121760476,1.8275954782395258,0,0.0
none_10,none,3,9,3,2.20245727427423,1.805120325725771,0,0.0
none_10,none,3,0,4,2.1983536648717488,1.8092239351282526,0,0.0
none_10,none,3,1,4,2.1774225930849957,1.8301550069150054,0,0.0
none_10,none,3,2,4,2.2180693925172084,1.7895082074827926,0,0.0
none_10,none,3,3,4,2.2032918807705295,1.8042857192294717,0,0.0
none_10,none,3,4,4,2.2053914947921935,1.8021861052078076,0,0.0
none_10,none,3,5,4,2.1897374718173617,1.8178401281826397,0,0.0
none_10,none,3,6,4,2.178973869590745,1.8286037304092566,0,0.0
none_10,none,3,7,4,2.1740373847392336,1.833540215260768,0,0.0
none_10,none,3,8,4,2.1566627584969935,1.8509148415030077,0,0.0
none_10,none,3,9,4,2.2226173401275218,1.7849602598724794,0,0.0
none_10,none,3,0,5,2.211818308446435,1.7957592915535665,0,0.0
none_10,none,3,1,5,2.173239861197809,1.8343377388021918,0,0.0
none_10,none,3,2,5,2.1981983701764953,1.8093792298235054,0,0.0
none_10,none,3,3,5,2.192841339142305,1.8147362608576962,0,0.0
none_10,none,3,4,5,2.187593269443437,1.8199843305565642,0,0.0
none_10,none,3,5,5,2.215166891961872,1.792410708038129,0,0.0
none_10,none,3,6,5,2.17071426101152,1.836863338988481,0,0.0
none_10,none,3,7,5,2.197872639566949,1.8097049604330522,0,0.0
none_10,none,3,8,5,2.1844805313463196,1.8230970686536818,0,0.0
none_10,none,3,9,5,2.2222581326142317,1.7853194673857695,0,0.0
none_10,none,3,0,6,2.1995967137916166,1.8079808862083853,0,0.0
none_10,none,3,1,6,2.200240025707427,1.8073375742925744,0,0.0
none_10,none,3,2,6,2.239857650776933,1.7677199492230677,0,0.0
none_10,none,3,3,6,2.1730702469954712,1.8345073530045304,0,0.0
none_10,none,3,4,6,2.2095408359863327,1.7980367640136685,0,0.0
none_10,none,3,5,6,2.194551040629994,1.8130265593700066,0,0.0
none_10,none,3,6,6,2.176414172175062,1.8311634278249391,0,0.0
none_10,none,3,7,6,2.2031860940240304,1.8043915059759703,0,0.0
none_10,none,3,8,6,2.1858557339478293,1.821721866052172,0,0.0
none_10,none,3,9,6,2.2233849615066767,1.7841926384933247,0,0.0
none_10,none,3,0,7,2.2045659712632815,1.80301162873672,0,0.0
none_10,none,3,1,7,2.1952864983534144,1.812291101646587,0,0.0
none_10,none,3,2,7,2.1839409271274586,1.8236366728725428,0,0.0
none_10,none,3,3,7,2.2325474916558754,1.7750301083441258,0,0.0
none_10,none,3,4,7,2.20119921695403,1.806378383045971,0,0.0
none_10,none,3,5,7,2.175433879663468,1.8321437203365336,0,0.0
none_10,none,3,6,7,2.2070520294377336,1.8005255705622676,0,0.0
none_10,none,3,7,7,2.1930853979362674,1.8144922020637335,0,0.0
none_10,none,3,8,7,2.1756194207317487,1.8319581792682527,0,0.0
none_10,none,3,9,7,2.189796161898458,1.8177814381015436,0,0.0
none_10,none,3,0,8,2.189902133675284,1.8176754663247172,0,0.0
none_10,none,3,1,8,2.177148660798465,1.830428939201536,0,0.0
none_10,none,3,2,8,2.1655917629272885,1.841985837072713,0,0.0
none_10,none,3,3,8,2.1846939184228806,1.8228836815771206,0,0.0
none_10,none,3,4,8,2.170543572595758,1.8370340274042434,0,0.0
none_10,none,3,5,8,2.187158705700248,1.8204188942997532,0,0.0
none_10,none,3,6,8,2.176585082013896,1.8309925179861057,0,0.0
none_10,none,3,7,8,2.173614165641044,1.8339634343589573,0,0.0
none_10,none,3,8,8,2.1717070638568785,1.835870536143123,0,0.0
none_10,none,3,9,8,2.180107654675847,1.827469945324155,0,0.0
none_10,none,3,0,9,2.2468849754818896,1.760692624518111,0,0.0
none_10,none,3,1,9,2.18895306253533,1.8186245374646712,0,0.0
none_10,none,3,2,9,2.1971531269021276,1.8104244730978738,0,0.0
none_10,none,3,3,9,2.2099529498236197,1.797624650176382,0,0.0
none_10,none,3,4,9,2.235858730890993,1.7717188691090082,0,0.0
none_10,none,3,5,9,2.235743102843144,1.771834497156857,0,0.0
none_10,none,3,6,9,2.2146334316063947,1.792944168393607,0,0.0
none_10,none,3,7,9,2.2429395992585315,1.7646380007414693,0,0.0
none_10,none,3,8,9,2.188990817386188,1.8185867826138131,0,0.0
none_10,none,3,9,9,2.235968619810357,1.7716089801896433,0,0.0
none_11,none,3,0,0,2.241514443416504,1.7660631565834968,0,0.0
none_11,none,3,1,0,2.1991837362727464,1.8083938637272547,0,0.0
none_11,none,3,2,0,2.2198910532638823,1.7876865467361185,0,0.0
none_11,none,3,3,0,2.232592133921147,1.7749854660788544,0,0.0
none_11,none,3,4,0,2.231312497333015,1.776265102666986,0,0.0
none_11,none,3,5,0,2.2620042373873552,1.7455733626126455,0,0.0
none_11,none,3,6,0,2.223106847747202,1.784470752252799,0,0.0
none_11,none,3,7,0,2.2279956316555594,1.7795819683444414,0,0.0
none_11,none,3,8,0,2.1726975587240855,1.8348800412759159,0,0.0
none_11,none,3,9,0,2.240353780289027,1.7672238197109738,0,0.0
none_11,none,3,0,1,2.1950867791929434,1.812490820807058,0,0.0
none_11,none,3,1,1,2.1594864932668316,1.84809110673317,0,0.0
none_11,none,3,2,1,2.1683524327956993,1.8392251672043016,0,0.0
none_11,none,3,3,1,2.174191665223001,1.8333859347770005,0,0.0
none_11,none,3,4,1,2.1738095019843526,1.8337680980156486,0,0.0
none_11,none,3,5,1,2.1832478533080972,1.8243297466919044,0,0.0
none_11,none,3,6,1,2.206751095993313,1.8008265040066882,0,0.0
none_11,none,3,7,1,2.179941487291384,1.8276361127086171,0,0.0
none_11,none,3,8,1,2.1433461807640666,1.8642314192359346,0,0.0
none_11,none,3,9,1,2.1779746260278223,1.8296029739721789,0,0.0
none_11,none,3,0,2,2.208397152799339,1.799180447200662,0,0.0
none_11,none,3,1,2,2.168982293272463,1.8385953067275385,0,0.0
none_11,none,3,2,2,2.1913983930712457,1.8161792069287552,0,0.0
none_11,none,3,3,2,2.21244416218823,1.7951334378117714,0,0.0
none_11,none,3,4,2,2.182869084073029,1.8247085159269725,0,0.0
none_11,none,3,5,2,2.1847738971033057,1.822803702896696,0,0.0
none_11,none,3,6,2,2.1994438469949418,1.808133753005059,0,0.0
none_11,none,3,7,2,2.2048918301625724,1.8026857698374283,0,0.0
none_11,none,3,8,2,2.1650474721234025,1.8425301278765986,0,0.0
none_11,none,3,9,2,2.2218856038221997,1.785691996177802,0,0.0
none_11,none,3,0,3,2.19406681104575,1.813510788954251,0,0.0
none_11,none,3,1,3,2.1806232010929962,1.826954398907005,0,0.0
none_11,none,3,2,3,2.1888293244183306,1.8187482755816706,0,0.0
none_11,none,3,3,3,2.171381071397981,1.8361965286020203,0,0.0
none_11,none,3,4,3,2.173635899261505,1.8339417007384964,0,0.0
none_11,none,3,5,3,2.1629216331585512,1.8446559668414504,0,0.0
none_11,none,3,6,3,2.1858337697243098,1.8217438302756919,0,0.0
none_11,none,3,7,3,2.1798501408740174,1.8277274591259838,0,0.0
none_11,none,3,8,3,2.192598268647406,1.814979331352595,0,0.0
none_11,none,3,9,3,2.2211859676751833,1.7863916323248175,0,0.0
none_11,none,3,0,4,2.2076004661008874,1.7999771338991135,0,0.0
none_11,none,3,1,4,2.1649877748707262,1.8425898251292752,0,0.0
none_11,none,3,2,4,2.1926512558939364,1.8149263441060646,0,0.0
none_11,none,3,3,4,2.1957354112201064,1.8118421887798943,0,0.0
none_11,none,3,4,4,2.221859844343996,1.7857177556560053,0,0.0
none_11,none,3,5,4,2.1724228393705127,1.8351547606294885,0,0.0
none_11,none,3,6,4,2.1597645170055455,1.8478130829944561,0,0.0
none_11,none,3,7,4,2.161743914975289,1.8458336850247128,0,0.0
none_11,none,3,8,4,2.2101792975006838,1.7973983024993174,0,0.0
none_11,none,3,9,4,2.230601345086465,1.7769762549135368,0,0.0
none_11,none,3,0,5,2.2014983269282307,1.8060792730717705,0,0.0
none_11,none,3,1,5,2.1710969156843456,1.836480684315656,0,0.0
none_11,none,3,2,5,2.193744703631937,1.8138328963680643,0,0.0
none_11,none,3,3,5,2.188546175646088,1.8190314243539134,0,0.0
none_11,none,3,4,5,2.1833350560550038,1.8242425439449972,0,0.0
none_11,none,3,5,5,2.1943447068894226,1.8132328931105786,0,0.0
none_11,none,3,6,5,2.1712996441820653,1.8362779558179358,0,0.0
none_11,none,3,7,5,2.1856046830843163,1.8219729169156846,0,0.0
none_11,none,3,8,5,2.1747613978011855,1.8328162021988161,0,0.0
none_11,none,3,9,5,2.2250827456927413,1.78249485430726,0,0.0
none_11,none,3,0,6,2.219794266482177,1.787783333517824,0,0.0
none_11,none,3,1,6,2.180422759580499,1.827154840419502,0,0.0
none_11,none,3,2,6,2.191611381644659,1.8159662183553418,0,0.0
none_11,none,3,3,6,2.1671953287665353,1.840382271233466,0,0.0
none_11,none,3,4,6,2.194469922440826,1.8131076775591748,0,0.0
none_11,none,3,5,6,2.1796178810017857,1.8279597189982153,0,0.0
none_11,none,3,6,6,2.1822919041416133,1.8252856958583876,0,0.0
none_11,none,3,7,6,2.1815519921686346,1.8260256078313664,0,0.0
none_11,none,3,8,6,2.16135273242646,1.8462248675735418,0,0.0
none_11,none,3,9,6,2.2308192598939,1.776758340106101,0,0.0
none_11,none,3,0,7,2.2275347077350154,1.7800428922649854,0,0.0
none_11,none,3,1,7,2.191556933673426,1.8160206663265754,0,0.0
none_11,none,3,2,7,2.184748055245415,1.8228295447545868,0,0.0
none_11,none,3,3,7,2.1822011213208996,1.8253764786791018,0,0.0
none_11,none,3,4,7,2.203650976182624,1.803926623817377,0,0.0
none_11,none,3,5,7,2.190132988736896,1.8174446112631049,0,0.0
none_11,none,3,6,7,2.1814206398493816,1.8261569601506196,0,0.0
none_11,none,3,7,7,2.185038645221113,1.8225389547788882,0,0.0
none_11,none,3,8,7,2.1682477518112577,1.8393298481887437,0,0.0
none_11,none,3,9,7,2.2077237369278864,1.7998538630721148,0,0.0
none_11,none,3,0,8,2.2022763149432136,1.8053012850567873,0,0.0
none_11,none,3,1,8,2.1553046721243527,1.8522729278756487,0,0.0
none_11,none,3,2,8,2.1651922538723922,1.8423853461276094,0,0.0
none_11,none,3,3,8,2.1758180068487194,1.8317595931512818,0,0.0
none_11,none,3,4,8,2.170518852541447,1.8370587474585542,0,0.0
none_11,none,3,5,8,2.1568697854573124,1.8507078145426894,0,0.0
none_11,none,3,6,8,2.173849905726905,1.8337276942730965,0,0.0
none_11,none,3,7,8,2.1562627843297006,1.8513148156703012,0,0.0
none_11,none,3,8,8,2.143876431176056,1.863701168823946,0,0.0
none_11,none,3,9,8,2.2148840369564455,1.7926935630435554,0,0.0
none_11,none,3,0,9,2.2536932713563664,1.753884328643634,0,0.0
none_11,none,3,1,9,2.1802907516411976,1.8272868483588038,0,0.0
none_11,none,3,2,9,2.1948782341263007,1.8126993658737007,0,0.0
none_11,none,3,3,9,2.20776042542112,1.7998171745788814,0,0.0
none_11,none,3,4,9,2.193399760022876,1.8141778399771251,0,0.0
none_11,none,3,5,9,2.181611990720845,1.8259656092791563,0,0.0
none_11,none,3,6,9,2.2222883200561028,1.785289279943898,0,0.0
none_11,none,3,7,9,2.214013742788313,1.793563857211688,0,0.0
none_11,none,3,8,9,2.215405256514573,1.7921723434854278,0,0.0
none_11,none,3,9,9,2.281518757075766,1.7260588429242345,0,0.0
none_12,none,1,0,0,2.2517461811935098,1.755831418806491,0,0.0
none_12,none,1,1,0,2.1869778955081594,1.8205997044918414,0,0.0
none_12,none,1,2,0,2.217237305633129,1.7903402943668725,0,0.0
none_12,none,1,3,0,2.204158437345182,1.8034191626548188,0,0.0
none_12,none,1,4,0,2.241276329556694,1.7663012704433072,0,0.0
none_12,none,1,5,0,2.212251464059517,1.7953261359404846,0,0.0
none_12,none,1,6,0,2.2375358860420387,1.7700417139579627,0,0.0
none_12,none,1,7,0,2.2599949314075336,1.7475826685924674,0,0.0
none_12,none,1,8,0,2.19400318140115,1.8135744185988507,0,0.0
none_12,none,1,9,0,2.2641335064699164,1.743444093530084,0,0.0
none_12,none,1,0,1,2.1812127656224223,1.8263648343775787,0,0.0
none_12,none,1,1,1,2.1388461223967847,1.8687314776032165,0,0.0
none_12,none,1,2,1,2.1718442678653984,1.8357333321346028,0,0.0
none_12,none,1,3,1,2.2067677865778426,1.8008098134221586,0,0.0
none_12,none,1,4,1,2.1645384840929642,1.8430391159070374,0,0.0
none_12,none,1,5,1,2.1939241411612294,1.8136534588387718,0,0.0
none_12,none,1,6,1,2.2047902260825154,1.8027873739174853,0,0.0
none_12,none,1,7,1,2.183519863531829,1.824057736468172,0,0.0
none_12,none,1,8,1,2.158951194916162,1.8486264050838395,0,0.0
none_12,none,1,9,1,2.173850316887687,1.8337272831123144,0,0.0
none_12,none,1,0,2,2.2276611322499162,1.7799164677500852,0,0.0
none_12,none,1,1,2,2.178691987517745,1.8288856124822566,0,0.0
none_12,none,1,2,2,2.182005006360443,1.8255725936395584,0,0.0
none_12,none,1,3,2,2.1740194177249528,1.8335581822750484,0,0.0
none_12,none,1,4,2,2.1859833653898457,1.8215942346101555,0,0.0
none_12,none,1,5,2,2.1845846804398867,1.8229929195601144,0,0.0
none_12,none,1,6,2,2.185019181913001,1.8225584180870003,0,0.0
none_12,none,1,7,2,2.1785117873294197,1.8290658126705814,0,0.0
none_12,none,1,8,2,2.178879497353914,1.8286981026460873,0,0.0
none_12,none,1,9,2,2.2341698342082434,1.7734077657917575,0,0.0
none_12,none,1,0,3,2.238483120629536,1.7690944793704646,0,0.0
none_12,none,1,1,3,2.201299189087218,1.806278410912783,0,0.0
none_12,none,1,2,3,2.177885932729984,1.829691667270017,0,0.0
none_12,none,1,3,3,2.17729650296805,1.830281097031951,0,0.0
none_12,none,1,4,3,2.18173248925924,1.8258451107407616,0,0.0
none_12,none,1,5,3,2.2054033666220616,1.8021742333779391,0,0.0
none_12,none,1,6,3,2.216137169101367,1.791440430898634,0,0.0
none_12,none,1,7,3,2.199634397181945,1.8079432028180558,0,0.0
none_12,none,1,8,3,2.1871682194574134,1.8204093805425878,0,0.0
none_12,none,1,9,3,2.235229775266444,1.7723478247335567,0,0.0
none_12,none,1,0,4,2.228117017234129,1.7794605827658723,0,0.0
none_12,none,1,1,4,2.2088507900126304,1.7987268099873706,0,0.0
none_12,none,1,2,4,2.1858260244159484,1.821751575584053,0,0.0
none_12,none,1,3,4,2.1995139596541575,1.8080636403458437,0,0.0
none_12,none,1,4,4,2.189478764114808,1.8180988358851928,0,0.0
none_12,none,1,5,4,2.186222380173335,1.8213552198266663,0,0.0
none_12,none,1,6,4,2.2047431254966545,1.8028344745033464,0,0.0
none_12,none,1,7,4,2.1973497495795686,1.810227850420433,0,0.0
none_12,none,1,8,4,2.1737088721526705,1.8338687278473305,0,0.0
none_12,none,1,9,4,2.209835679620173,1.7977419203798286,0,0.0
none_12,none,1,0,5,2.270289527577867,1.7372880724221336,0,0.0
none_12,none,1,1,5,2.1913699578068826,1.8162076421931184,0,0.0
none_12,none,1,2,5,2.2282905441182543,1.7792870558817464,0,0.0
none_12,none,1,3,5,2.2086361053471406,1.7989414946528604,0,0.0
none_12,none,1,4,5,2.220484794228799,1.7870928057712017,0,0.0
none_12,none,1,5,5,2.2167517507465684,1.7908258492534324,0,0.0
none_12,none,1,6,5,2.1951704977682684,1.812407102231733,0,0.0
none_12,none,1,7,5,2.195097280969897,1.8124803190301044,0,0.0
none_12,none,1,8,5,2.17106177427477,1.8365158257252312,0,0.0
none_12,none,1,9,5,2.188412564902983,1.8191650350970188,0,0.0
none_12,none,1,0,6,2.286918492616221,1.7206591073837796,0,0.0
none_12,none,1,1,6,2.203907979954091,1.8036696200459101,0,0.0
none_12,none,1,2,6,2.2310600716722147,1.776517528327786,0,0.0
none_12,none,1,3,6,2.2480189263862167,1.7595586736137838,0,0.0
none_12,none,1,4,6,2.2311612620273946,1.7764163379726057,0,0.0
none_12,none,1,5,6,2.1890236724519676,1.8185539275480331,0,0.0
none_12,none,1,6,6,2.1958274783349525,1.8117501216650487,0,0.0
none_12,none,1,7,6,2.1821613280041277,1.8254162719958735,0,0.0
none_12,none,1,8,6,2.179148551732362,1.828429048267639,0,0.0
none_12,none,1,9,6,2.228998565659469,1.778579034340532,0,0.0
none_12,none,1,0,7,2.270510085885378,1.7370675141146223,0,0.0
none_12,none,1,1,7,2.228177128707606,1.7794004712923945,0,0.0
none_12,none,1,2,7,2.1935620154644058,1.8140155845355952,0,0.0
none_12,none,1,3,7,2.20815904051388,1.7994185594861207,0,0.0
none_12,none,1,4,7,2.2025330205934637,1.8050445794065375,0,0.0
none_12,none,1,5,7,2.197986227972194,1.8095913720278072,0,0.0
none_12,none,1,6,7,2.198171679197313,1.8094059208026887,0,0.0
none_12,none,1,7,7,2.1651939320563547,1.8423836679436465,0,0.0
none_12,none,1,8,7,2.17203194532095,1.8355456546790516,0,0.0
none_12,none,1,9,7,2.2185419247703484,1.7890356752296526,0,0.0
none_12,none,1,0,8,2.224558013981302,1.783019586018699,0,0.0
none_12,none,1,1,8,2.171337382854571,1.8362402171454302,0,0.0
none_12,none,1,2,8,2.2019714396088967,1.8056061603911044,0,0.0
none_12,none,1,3,8,2.1925153567674247,1.8150622432325765,0,0.0
none_12,none,1,4,8,2.202307999733883,1.8052696002661182,0,0.0
none_12,none,1,5,8,2.196039552049211,1.81153804795079,0,0.0
none_12,none,1,6,8,2.194431011568193,1.813146588431808,0,0.0
none_12,none,1,7,8,2.16771325501019,1.839864344989811,0,0.0
none_12,none,1,8,8,2.1848126828495174,1.8227649171504836,0,0.0
none_12,none,1,9,8,2.2144123227504156,1.7931652772495852,0,0.0
none_12,none,1,0,9,2.2774680795172197,1.7301095204827803,0,0.0
none_12,none,1,1,9,2.218277128677434,1.789300471322567,0,0.0
none_12,none,1,2,9,2.254132068893493,1.753445531106508,0,0.0
none_12,none,1,3,9,2.217877042484707,1.7897005575152938,0,0.0
none_12,none,1,4,9,2.220182946650594,1.787394653349407,0,0.0
none_12,none,1,5,9,2.231687003979265,1.775890596020736,0,0.0
none_12,none,1,6,9,2.244802669592966,1.762774930407035,0,0.0
none_12,none,1,7,9,2.2284528950561766,1.7791247049438244,0,0.0
none_12,none,1,8,9,2.187127182990596,1.8204504170094058,0,0.0
none_12,none,1,9,9,2.304651191620799,1.7029264083792015,0,0.0
none_13,none,1,0,0,2.2780048260328702,1.7295727739671305,0,0.0
none_13,none,1,1,0,2.2375098442657264,1.7700677557342746,0,0.0
none_13,none,1,2,0,2.2355035725042884,1.7720740274957125,0,0.0
none_13,none,1,3,0,2.243464912410656,1.7641126875893451,0,0.0
none_13,none,1,4,0,2.2151115074621477,1.792466092537853,0,0.0
none_13,none,1,5,0,2.2183597773315578,1.7892178226684434,0,0.0
none_13,none,1,6,0,2.2370153315108205,1.7705622684891804,0,0.0
none_13,none,1,7,0,2.248645510726269,1.7589320892737317,0,0.0
none_13,none,1,8,0,2.2211151422295603,1.7864624577704407,0,0.0
none_13,none,1,9,0,2.2867870578313036,1.7207905421686966,0,0.0
none_13,none,1,0,1,2.2162629412624697,1.7913146587375313,0,0.0
none_13,none,1,1,1,2.168613070746694,1.8389645292533072,0,0.0
none_13,none,1,2,1,2.194552575213373,1.8130250247866277,0,0.0
none_13,none,1,3,1,2.1912211545402345,1.8163564454597672,0,0.0
none_13,none,1,4,1,2.182970919258974,1.824606680741027,0,0.0
none_13,none,1,5,1,2.168629809977477,1.8389477900225246,0,0.0
none_13,none,1,6,1,2.181369780979491,1.8262078190205102,0,0.0
none_13,none,1,7,1,2.17524015765484,1.8323374423451615,0,0.0
none_13,none,1,8,1,2.17944561826638,1.8281319817336208,0,0.0
none_13,none,1,9,1,2.223353175337179,1.7842244246628218,0,0.0
none_13,none,1,0,2,2.1870612469439688,1.8205163530560327,0,0.0
none_13,none,1,1,2,2.152450422415932,1.8551271775840696,0,0.0
none_13,none,1,2,2,2.185368215344298,1.8222093846557033,0,0.0
none_13,none,1,3,2,2.19802256444432,1.8095550355556806,0,0.0
none_13,none,1,4,2,2.20386024406409,1.803717355935911,0,0.0
none_13,none,1,5,2,2.168489903491623,1.8390876965083787,0,0.0
none_13,none,1,6,2,2.182312309289668,1.8252652907103335,0,0.0
none_13,none,1,7,2,2.1924504291407674,1.8151271708592336,0,0.0
none_13,none,1,8,2,2.2066606935776547,1.8009169064223463,0,0.0
none_13,none,1,9,2,2.2492840360736173,1.7582935639263835,0,0.0
none_13,none,1,0,3,2.207777472664613,1.7998001273353887,0,0.0
none_13,none,1,1,3,2.17778551523364,1.8297920847663616,0,0.0
none_13,none,1,2,3,2.1946097415111545,1.8129678584888465,0,0.0
none_13,none,1,3,3,2.2236433310280046,1.7839342689719961,0,0.0
none_13,none,1,4,3,2.168925070439161,1.8386525295608405,0,0.0
none_13,none,1,5,3,2.2030513538057366,1.8045262461942644,0,0.0
none_13,none,1,6,3,2.1630113498412658,1.8445662501587359,0,0.0
none_13,none,1,7,3,2.1904130755926907,1.8171645244073105,0,0.0
none_13,none,1,8,3,2.176347539487971,1.8312300605120302,0,0.0
none_13,none,1,9,3,2.280975240034107,1.7266023599658937,0,0.0
none_13,none,1,0,4,2.233188869641506,1.774388730358495,0,0.0
none_13,none,1,1,4,2.1758320156860007,1.8317455843140007,0,0.0
none_13,none,1,2,4,2.2226145597280524,1.7849630402719487,0,0.0
none_13,none,1,3,4,2.20311746160774,1.8044601383922614,0,0.0
none_13,none,1,4,4,2.17816940490217,1.8294081950978314,0,0.0
none_13,none,1,5,4,2.1728724046665984,1.8347051953334026,0,0.0
none_13,none,1,6,4,2.1959605163997655,1.8116170836002357,0,0.0
none_13,none,1,7,4,2.179876111295146,1.8277014887048553,0,0.0
none_13,none,1,8,4,2.1982323710262017,1.8093452289737995,0,0.0
none_13,none,1,9,4,2.272014873171704,1.7355627268282967,0,0.0
none_13,none,1,0,5,2.2484289014197363,1.7591486985802647,0,0.0
none_13,none,1,1,5,2.17476826465056,1.8328093353494417,0,0.0
none_13,none,1,2,5,2.2019720340891356,1.8056055659108656,0,0.0
none_13,none,1,3,5,2.2511925019353702,1.7563850980646307,0,0.0
none_13,none,1,4,5,2.2068544185636707,1.8007231814363298,0,0.0
none_13,none,1,5,5,2.1770686856690675,1.8305089143309337,0,0.0
none_13,none,1,6,5,2.185109058691131,1.8224685413088704,0,0.0
none_13,none,1,7,5,2.191824765491242,1.815752834508759,0,0.0
none_13,none,1,8,5,2.1767974927531597,1.8307801072468408,0,0.0
none_13,none,1,9,5,2.265036785666942,1.7425408143330583,0,0.0
none_13,none,1,0,6,2.238518006718984,1.7690595932810171,0,0.0
none_13,none,1,1,6,2.184565049939178,1.823012550060823,0,0.0
none_13,none,1,2,6,2.1900951740536407,1.8174824259463602,0,0.0
none_13,none,1,3,6,2.191979258772697,1.815598341227304,0,0.0
none_13,none,1,4,6,2.220723041526111,1.7868545584738902,0,0.0
none_13,none,1,5,6,2.220499886196712,1.7870777138032896,0,0.0
none_13,none,1,6,6,2.1938182442508998,1.813759355749101,0,0.0
none_13,none,1,7,6,2.195329262169202,1.8122483378307996,0,0.0
none_13,none,1,8,6,2.2101179570345497,1.7974596429654515,0,0.0
none_13,none,1,9,6,2.2488876312299437,1.7586899687700575,0,0.0
none_13,none,1,0,7,2.2515979605198475,1.7559796394801535,0,0.0
none_13,none,1,1,7,2.155908542588892,1.8516690574111092,0,0.0
none_13,none,1,2,7,2.173558457432346,1.834019142567655,0,0.0
none_13,none,1,3,7,2.188253172753449,1.8193244272465523,0,0.0
none_13,none,1,4,7,2.206317516245191,1.8012600837548098,0,0.0
none_13,none,1,5,7,2.2066980835794245,1.8008795164205769,0,0.0
none_13,none,1,6,7,2.2129063717375446,1.794671228262456,0,0.0
none_13,none,1,7,7,2.20348307519794,1.8040945248020612,0,0.0
none_13,none,1,8,7,2.2063213187701254,1.8012562812298756,0,0.0
none_13,none,1,9,7,2.2417095057982084,1.7658680942017924,0,0.0
none_13,none,1,0,8,2.2135075062962297,1.794070093703771,0,0.0
none_13,none,1,1,8,2.169581402549786,1.8379961974502155,0,0.0
none_13,none,1,2,8,2.1707789362559624,1.8367986637440388,0,0.0
none_13,none,1,3,8,2.188825431729789,1.8187521682702126,0,0.0
none_13,none,1,4,8,2.187120536318044,1.8204570636819575,0,0.0
none_13,none,1,5,8,2.185152509132902,1.8224250908670994,0,0.0
none_13,none,1,6,8,2.188757563664218,1.8188200363357836,0,0.0
none_13,none,1,7,8,2.196074292176964,1.8115033078230371,0,0.0
none_13,none,1,8,8,2.1709804458587785,1.8365971541412232,0,0.0
none_13,none,1,9,8,2.1975930060873345,1.8099845939126662,0,0.0
none_13,none,1,0,9,2.304805672374518,1.702771927625483,0,0.0
none_13,none,1,1,9,2.2357367120012506,1.7718408879987502,0,0.0
none_13,none,1,2,9,2.2280051418370816,1.7795724581629195,0,0.0
none_13,none,1,3,9,2.2100866483301793,1.797490951669822,0,0.0
none_13,none,1,4,9,2.243265956375201,1.7643116436248005,0,0.0
none_13,none,1,5,9,2.216454279413168,1.791123320586833,0,0.0
none_13,none,1,6,9,2.251024184751254,1.756553415248747,0,0.0
none_13,none,1,7,9,2.2245352710114537,1.7830423289885473,0,0.0
none_13,none,1,8,9,2.2070515344144033,1.8005260655855977,0,0.0
none_13,none,1,9,9,2.276407402364807,1.7311701976351932,0,0.0
none_14,none,1,0,0,2.2940559030394434,1.7135216969605571,0,0.0
none_14,none,1,1,0,2.190386739288827,1.817190860711174,0,0.0
none_14,none,1,2,0,2.2316387002089555,1.7759388997910457,0,0.0
none_14,none,1,3,0,2.2272053225027366,1.7803722774972648,0,0.0
none_14,none,1,4,0,2.2315475235092723,1.7760300764907289,0,0.0
none_14,none,1,5,0,2.2137264836009543,1.793851116399047,0,0.0
none_14,none,1,6,0,2.1989222585865433,1.8086553414134583,0,0.0
none_14,none,1,7,0,2.200383686489811,1.8071939135101895,0,0.0
none_14,none,1,8,0,2.199359812910941,1.8082177870890603,0,0.0
none_14,none,1,9,0,2.2522874589774515,1.755290141022549,0,0.0
none_14,none,1,0,1,2.193576353700031,1.8140012462999704,0,0.0
none_14,none,1,1,1,2.166112928497916,1.8414646715020857,0,0.0
none_14,none,1,2,1,2.192147898749999,1.815429701250002,0,0.0
none_14,none,1,3,1,2.1704675706629355,1.8371100293370655,0,0.0
none_14,none,1,4,1,2.1746745308172755,1.832903069182726,0,0.0
none_14,none,1,5,1,2.200581652522716,1.8069959474772856,0,0.0
none_14,none,1,6,1,2.1814364653116947,1.8261411346883065,0,0.0
none_14,none,1,7,1,2.1682346196396787,1.839342980360323,0,0.0
none_14,none,1,8,1,2.1782400340386303,1.8293375659613709,0,0.0
none_14,none,1,9,1,2.2055299448608285,1.8020476551391726,0,0.0
none_14,none,1,0,2,2.201516642431553,1.806060957568448,0,0.0
none_14,none,1,1,2,2.1704125127235074,1.837165087276494,0,0.0
none_14,none,1,2,2,2.2008792084052975,1.8066983915947037,0,0.0
none_14,none,1,3,2,2.2054794519921974,1.8020981480078029,0,0.0
none_14,none,1,4,2,2.195339507585529,1.8122380924144719,0,0.0
none_14,none,1,5,2,2.2531087827670477,1.7544688172329526,0,0.0
none_14,none,1,6,2,2.204189658565462,1.803387941434539,0,0.0
none_14,none,1,7,2,2.1878944560559175,1.8196831439440837,0,0.0
none_14,none,1,8,2,2.197256492480067,1.8103211075199344,0,0.0
none_14,none,1,9,2,2.2196896468053424,1.787887953194659,0,0.0
none_14,none,1,0,3,2.2266060088900965,1.7809715911099042,0,0.0
none_14,none,1,1,3,2.1753889313714483,1.832188668628553,0,0.0
none_14,none,1,2,3,2.181429225724829,1.8261483742751725,0,0.0
none_14,none,1,3,3,2.2081461765393224,1.7994314234606783,0,0.0
none_14,none,1,4,3,2.2283341378649504,1.7792434621350506,0,0.0
none_14,none,1,5,3,2.189068370789152,1.8185092292108491,0,0.0
none_14,none,1,6,3,2.221031552129776,1.7865460478702246,0,0.0
none_14,none,1,7,3,2.199493867023508,1.8080837329764927,0,0.0
none_14,none,1,8,3,2.182879160160785,1.824698439839216,0,0.0
none_14,none,1,9,3,2.230376315455385,1.7772012845446166,0,0.0
none_14,none,1,0,4,2.2120990941779533,1.7954785058220477,0,0.0
none_14,none,1,1,4,2.163796997309221,1.8437806026907806,0,0.0
none_14,none,1,2,4,2.205460520648588,1.8021170793514127,0,0.0
none_14,none,1,3,4,2.1988989533992513,1.8086786466007496,0,0.0
none_14,none,1,4,4,2.2028694463169654,1.8047081536830358,0,0.0
none_14,none,1,5,4,2.1977645918919793,1.8098130081080217,0,0.0
none_14,none,1,6,4,2.177004047252836,1.8305735527471654,0,0.0
none_14,none,1,7,4,2.197528237009869,1.8100493629901317,0,0.0
none_14,none,1,8,4,2.2013889318113,1.8061886681887012,0,0.0
none_14,none,1,9,4,2.217639942128909,1.7899376578710926,0,0.0
none_14,none,1,0,5,2.211400872669351,1.7961767273306501,0,0.0
none_14,none,1,1,5,2.178921007776159,1.8286565922238418,0,0.0
none_14,none,1,2,5,2.19826685211266,1.8093107478873414,0,0.0
none_14,none,1,3,5,2.24372634544656,1.763851254553441,0,0.0
none_14,none,1,4,5,2.249671421447409,1.757906178552591,0,0.0
none_14,none,1,5,5,2.2209166955897666,1.7866609044102348,0,0.0
none_14,none,1,6,5,2.168424366185402,1.8391532338145993,0,0.0
none_14,none,1,7,5,2.171250329331443,1.8363272706685578,0,0.0
none_14,none,1,8,5,2.162369654838984,1.8452079451610175,0,0.0
none_14,none,1,9,5,2.2250569649422416,1.7825206350577594,0,0.0
none_14,none,1,0,6,2.187205119600742,1.8203724803992591,0,0.0
none_14,none,1,1,6,2.1677484323296436,1.8398291676703573,0,0.0
none_14,none,1,2,6,2.2317772323322824,1.7758003676677183,0,0.0
none_14,none,1,3,6,2.2053058470312723,1.8022717529687287,0,0.0
none_14,none,1,4,6,2.2338616680585797,1.7737159319414206,0,0.0
none_14,none,1,5,6,2.1954027065672577,1.8121748934327435,0,0.0
none_14,none,1,6,6,2.1768687070001267,1.8307088929998745,0,0.0
none_14,none,1,7,6,2.1716105509559367,1.835967049044064,0,0.0
none_14,none,1,8,6,2.156426665747145,1.8511509342528567,0,0.0
none_14,none,1,9,6,2.234509092679006,1.7730685073209953,0,0.0
none_14,none,1,0,7,2.2056346500160564,1.801942949983945,0,0.0
none_14,none,1,1,7,2.1646380412202335,1.8429395587797681,0,0.0
none_14,none,1,2,7,2.180769789075082,1.826807810924919,0,0.0
none_14,none,1,3,7,2.202325128408573,1.8052524715914278,0,0.0
none_14,none,1,4,7,2.1928939922979227,1.814683607702078,0,0.0
none_14,none,1,5,7,2.2035156287436397,1.8040619712563615,0,0.0
none_14,none,1,6,7,2.195685542507054,1.8118920574929465,0,0.0
none_14,none,1,7,7,2.1806272044788217,1.8269503955211794,0,0.0
none_14,none,1,8,7,2.1611757793220763,1.8464018206779254,0,0.0
none_14,none,1,9,7,2.204241003335296,1.803336596664705,0,0.0
none_14,none,1,0,8,2.188627543344062,1.8189500566559391,0,0.0
none_14,none,1,1,8,2.1841828476044585,1.8233947523955432,0,0.0
none_14,none,1,2,8,2.15518539243931,1.8523922075606916,0,0.0
none_14,none,1,3,8,2.1755115245788854,1.8320660754211155,0,0.0
none_14,none,1,4,8,2.1829378464303204,1.8246397535696808,0,0.0
none_14,none,1,5,8,2.1821155126228335,1.8254620873771676,0,0.0
none_14,none,1,6,8,2.197212304961779,1.810365295038222,0,0.0
none_14,none,1,7,8,2.1823822089285065,1.8251953910714946,0,0.0
none_14,none,1,8,8,2.1674571031028456,1.8401204968971558,0,0.0
none_14,none,1,9,8,2.2220519880191674,1.7855256119808334,0,0.0
none_14,none,1,0,9,2.2974031903706575,1.7101744096293428,0,0.0
none_14,none,1,1,9,2.2241114453798545,1.783466154620146,0,0.0
none_14,none,1,2,9,2.2459488521551303,1.7616287478448707,0,0.0
none_14,none,1,3,9,2.239634443794708,1.7679431562052923,0,0.0
none_14,none,1,4,9,2.2042263895094276,1.8033512104905733,0,0.0
none_14,none,1,5,9,2.233940239758844,1.7736373602411573,0,0.0
none_14,none,1,6,9,2.2580829768533337,1.749494623146667,0,0.0
none_14,none,1,7,9,2.2205736496085193,1.7870039503914816,0,0.0
none_14,none,1,8,9,2.2294037119500563,1.7781738880499447,0,0.0
none_14,none,1,9,9,2.276297716370818,1.731279883629183,0,0.0
none_12,none,2,0,0,2.2676582023891236,1.7399193976108764,0,0.0
none_12,none,2,1,0,2.239421921783013,1.7681556782169876,0,0.0
none_12,none,2,2,0,2.237612059520984,1.7699655404790167,0,0.0
none_12,none,2,3,0,2.236320757385548,1.7712568426144528,0,0.0
none_12,none,2,4,0,2.225187121256982,1.7823904787430191,0,0.0
none_12,none,2,5,0,2.21577690832266,1.7918006916773406,0,0.0
none_12,none,2,6,0,2.2707162223273603,1.7368613776726403,0,0.0
none_12,none,2,7,0,2.208539926531615,1.7990376734683864,0,0.0
none_12,none,2,8,0,2.1731581145547842,1.8344194854452172,0,0.0
none_12,none,2,9,0,2.218105835136943,1.789471764863058,0,0.0
none_12,none,2,0,1,2.2020599643976375,1.8055176356023634,0,0.0
none_12,none,2,1,1,2.142097709153783,1.8654798908462187,0,0.0
none_12,none,2,2,1,2.1731966339408255,1.8343809660591754,0,0.0
none_12,none,2,3,1,2.1767885444206017,1.8307890555793997,0,0.0
none_12,none,2,4,1,2.1660863655722973,1.841491234427704,0,0.0
none_12,none,2,5,1,2.185654980688007,1.8219226193119944,0,0.0
none_12,none,2,6,1,2.188132856979729,1.819444743020272,0,0.0
none_12,none,2,7,1,2.2031003449337656,1.8044772550662354,0,0.0
none_12,none,2,8,1,2.1518287011348516,1.85574889886515,0,0.0
none_12,none,2,9,1,2.183493304399563,1.8240842956004386,0,0.0
none_12,none,2,0,2,2.205053944032448,1.802523655967553,0,0.0
none_12,none,2,1,2,2.165024803529657,1.8425527964703445,0,0.0
none_12,none,2,2,2,2.18829800512715,1.8192795948728513,0,0.0
none_12,none,2,3,2,2.1850612823015916,1.8225163176984098,0,0.0
none_12,none,2,4,2,2.1935214755318393,1.814056124468162,0,0.0
none_12,none,2,5,2,2.193289919470803,1.8142876805291983,0,0.0
none_12,none,2,6,2,2.2056892819977434,1.8018883180022573,0,0.0
none_12,none,2,7,2,2.1955024002911365,1.8120751997088649,0,0.0
none_12,none,2,8,2,2.2131295739660306,1.79444802603397,0,0.0
none_12,none,2,9,2,2.2275418722535356,1.7800357277464651,0,0.0
none_12,none,2,0,3,2.206547373482572,1.8010302265174287,0,0.0
none_12,none,2,1,3,2.1598806896970575,1.847696910302944,0,0.0
none_12,none,2,2,3,2.1672487194424814,1.8403288805575198,0,0.0
none_12,none,2,3,3,2.1723009563872573,1.835276643612744,0,0.0
none_12,none,2,4,3,2.193255748327467,1.8143218516725341,0,0.0
none_12,none,2,5,3,2.186498089453739,1.8210795105462623,0,0.0
none_12,none,2,6,3,2.1851745351289265,1.822403064871075,0,0.0
none_12,none,2,7,3,2.186329725841672,1.821247874158329,0,0.0
none_12,none,2,8,3,2.1841410601334754,1.8234365398665255,0,0.0
none_12,none,2,9,3,2.2398858762275053,1.7676917237724954,0,0.0
none_12,none,2,0,4,2.1988309450880865,1.808746654911915,0,0.0
none_12,none,2,1,4,2.1743148430755586,1.8332627569244428,0,0.0
none_12,none,2,2,4,2.1991923654441274,1.8083852345558737,0,0.0
none_12,none,2,3,4,2.1969163857546694,1.8106612142453316,0,0.0
none_12,none,2,4,4,2.1771276645766915,1.8304499354233097,0,0.0
none_12,none,2,5,4,2.18602954717572,1.8215480528242813,0,0.0
none_12,none,2,6,4,2.1818075847382152,1.8257700152617862,0,0.0
none_12,none,2,7,4,2.187412380510032,1.8201652194899691,0,0.0
none_12,none,2,8,4,2.2048108320536843,1.8027667679463164,0,0.0
none_12,none,2,9,4,2.233569866233261,1.7740077337667404,0,0.0
none_12,none,2,0,5,2.196995473252298,1.8105821267477036,0,0.0
none_12,none,2,1,5,2.1680062664529003,1.839571333547101,0,0.0
none_12,none,2,2,5,2.2396962287311992,1.7678813712688015,0,0.0
none_12,none,2,3,5,2.214895681565475,1.7926819184345257,0,0.0
none_12,none,2,4,5,2.2243727506921447,1.783204849307856,0,0.0
none_12,none,2,5,5,2.1928672299762013,1.8147103700238,0,0.0
none_12,none,2,6,5,2.220888265862443,1.7866893341375576,0,0.0
none_12,none,2,7,5,2.186843161003015,1.820734438996986,0,0.0
none_12,none,2,8,5,2.1944507975219465,1.8131268024780545,0,0.0
none_12,none,2,9,5,2.2110639019308866,1.7965136980691148,0,0.0
none_12,none,2,0,6,2.2232186406553667,1.7843589593446345,0,0.0
none_12,none,2,1,6,2.2061041738268345,1.8014734261731666,0,0.0
none_12,none,2,2,6,2.1992100980733547,1.8083675019266465,0,0.0
none_12,none,2,3,6,2.210827924903231,1.7967496750967697,0,0.0
none_12,none,2,4,6,2.2095224525522976,1.7980551474477036,0,0.0
none_12,none,2,5,6,2.192520808051155,1.815056791948846,0,0.0
none_12,none,2,6,6,2.200944754143802,1.8066328458561993,0,0.0
none_12,none,2,7,6,2.210209756356983,1.797367843643018,0,0.0
none_12,none,2,8,6,2.15633196637761,1.8512456336223915,0,0.0
none_12,none,2,9,6,2.2071290880582155,1.8004485119417855,0,0.0
none_12,none,2,0,7,2.220987669811975,1.7865899301880266,0,0.0
none_12,none,2,1,7,2.1788996385099653,1.828677961490036,0,0.0
none_12,none,2,2,7,2.2279161773911595,1.779661422608841,0,0.0
none_12,none,2,3,7,2.200734949651579,1.8068426503484218,0,0.0
none_12,none,2,4,7,2.211442405934177,1.7961351940658241,0,0.0
none_12,none,2,5,7,2.1827558676531464,1.824821732346855,0,0.0
none_12,none,2,6,7,2.1969903186563386,1.8105872813436625,0,0.0
none_12,none,2,7,7,2.195985866297036,1.8115917337029646,0,0.0
none_12,none,2,8,7,2.18609670519833,1.821480894801671,0,0.0
none_12,none,2,9,7,2.2096900515253632,1.797887548474638,0,0.0
none_12,none,2,0,8,2.2056471290874256,1.8019304709125754,0,0.0
none_12,none,2,1,8,2.1453182621721756,1.862259337827826,0,0.0
none_12,none,2,2,8,2.2033401546677864,1.8042374453322148,0,0.0
none_12,none,2,3,8,2.170279740915843,1.8372978590841584,0,0.0
none_12,none,2,4,8,2.157352930981244,1.8502246690187576,0,0.0
none_12,none,2,5,8,2.1671303165375866,1.8404472834624148,0,0.0
none_12,none,2,6,8,2.158202501172865,1.8493750988271362,0,0.0
none_12,none,2,7,8,2.178652046643653,1.8289255533563487,0,0.0
none_12,none,2,8,8,2.1677613089723797,1.8398162910276221,0,0.0
none_12,none,2,9,8,2.1777564440442827,1.8298211559557191,0,0.0
none_12,none,2,0,9,2.259366174031581,1.7482114259684192,0,0.0
none_12,none,2,1,9,2.1951750688356135,1.8124025311643879,0,0.0
none_12,none,2,2,9,2.2145863628620295,1.7929912371379715,0,0.0
none_12,none,2,3,9,2.226483540370532,1.781094059629469,0,0.0
none_12,none,2,4,9,2.209355649568696,1.7982219504313053,0,0.0
none_12,none,2,5,9,2.1972373625243615,1.8103402374756394,0,0.0
none_12,none,2,6,9,2.206859149965139,1.8007184500348614,0,0.0
none_12,none,2,7,9,2.234700556734733,1.7728770432652678,0,0.0
none_12,none,2,8,9,2.2242669959731916,1.78331060402681,0,0.0
none_12,none,2,9,9,2.261713877621914,1.7458637223780866,0,0.0
none_13,none,2,0,0,2.284988818890277,1.7225887811097227,0,0.0
none_13,none,2,1,0,2.2089081165474074,1.798669483452594,0,0.0
none_13,none,2,2,0,2.2421199551934587,1.765457644806542,0,0.0
none_13,none,2,3,0,2.200625917996945,1.8069516820030564,0,0.0
none_13,none,2,4,0,2.2414845963844705,1.7660930036155305,0,0.0
none_13,none,2,5,0,2.216692472776594,1.7908851272234072,0,0.0
none_13,none,2,6,0,2.204979071688882,1.802598528311119,0,0.0
none_13,none,2,7,0,2.2121517563390656,1.7954258436609356,0,0.0
none_13,none,2,8,0,2.197071263059364,1.8105063369406376,0,0.0
none_13,none,2,9,0,2.2433249709301393,1.7642526290698612,0,0.0
none_13,none,2,0,1,2.2386356980727933,1.7689419019272075,0,0.0
none_13,none,2,1,1,2.184458511744106,1.8231190882558954,0,0.0
none_13,none,2,2,1,2.183762164566399,1.8238154354336025,0,0.0
none_13,none,2,3,1,2.192027729845124,1.8155498701548773,0,0.0
none_13,none,2,4,1,2.1595469646341328,1.8480306353658689,0,0.0
none_13,none,2,5,1,2.169396069688621,1.8381815303113802,0,0.0
none_13,none,2,6,1,2.1590247032365726,1.8485528967634293,0,0.0
none_13,none,2,7,1,2.1703047363214973,1.837272863678504,0,0.0
none_13,none,2,8,1,2.1680297583538635,1.839547841646138,0,0.0
none_13,none,2,9,1,2.220206847170648,1.7873707528293532,0,0.0
none_13,none,2,0,2,2.226922452823325,1.780655147176676,0,0.0
none_13,none,2,1,2,2.1656076969103775,1.841969903089624,0,0.0
none_13,none,2,2,2,2.2255848660082296,1.781992733991771,0,0.0
none_13,none,2,3,2,2.2095289744213713,1.7980486255786299,0,0.0
none_13,none,2,4,2,2.185238407697515,1.8223391923024863,0,0.0
none_13,none,2,5,2,2.180974948913576,1.826602651086425,0,0.0
none_13,none,2,6,2,2.1817907331088824,1.8257868668911186,0,0.0
none_13,none,2,7,2,2.1902011198399816,1.8173764801600194,0,0.0
none_13,none,2,8,2,2.1770820357540233,1.8304955642459784,0,0.0
none_13,none,2,9,2,2.2250645941816627,1.7825130058183385,0,0.0
none_13,none,2,0,3,2.2517724401740575,1.7558051598259434,0,0.0
none_13,none,2,1,3,2.182303493374403,1.8252741066255982,0,0.0
none_13,none,2,2,3,2.207100496155221,1.8004771038447802,0,0.0
none_13,none,2,3,3,2.2154239365828428,1.7921536634171582,0,0.0
none_13,none,2,4,3,2.2002260347389178,1.807351565261083,0,0.0
none_13,none,2,5,3,2.209711485060506,1.797866114939495,0,0.0
none_13,none,2,6,3,2.209373896919138,1.7982037030808633,0,0.0
none_13,none,2,7,3,2.1764126324624624,1.831164967537539,0,0.0
none_13,none,2,8,3,2.179626834253012,1.8279507657469896,0,0.0
none_13,none,2,9,3,2.2347654235318375,1.7728121764681635,0,0.0
none_13,none,2,0,4,2.217700226558224,1.7898773734417777,0,0.0
none_13,none,2,1,4,2.1805898097491165,1.8269877902508844,0,0.0
none_13,none,2,2,4,2.1947177394269963,1.8128598605730049,0,0.0
none_13,none,2,3,4,2.2393430978090847,1.768234502190916,0,0.0
none_13,none,2,4,4,2.1904459664392477,1.8171316335607535,0,0.0
none_13,none,2,5,4,2.219749621156024,1.7878279788439766,0,0.0
none_13,none,2,6,4,2.2013073553772893,1.806270244622712,0,0.0
none_13,none,2,7,4,2.207650981120199,1.7999266188798024,0,0.0
none_13,none,2,8,4,2.166407388250546,1.8411702117494557,0,0.0
none_13,none,2,9,4,2.2410011971566566,1.7665764028433442,0,0.0
none_13,none,2,0,5,2.2013744946438982,1.806203105356103,0,0.0
none_13,none,2,1,5,2.194449884403959,1.813127715596042,0,0.0
none_13,none,2,2,5,2.23045839180197,1.777119208198031,0,0.0
none_13,none,2,3,5,2.2350480989936576,1.772529501006343,0,0.0
none_13,none,2,4,5,2.2053289085346566,1.8022486914653448,0,0.0
none_13,none,2,5,5,2.2027888879731625,1.8047887120268389,0,0.0
none_13,none,2,6,5,2.2044315536146697,1.8031460463853313,0,0.0
none_13,none,2,7,5,2.2051900959205137,1.802387504079487,0,0.0
none_13,none,2,8,5,2.1964107433301048,1.811166856669896,0,0.0
none_13,none,2,9,5,2.233659247341191,1.7739183526588103,0,0.0
none_13,none,2,0,6,2.219938996262312,1.787638603737689,0,0.0
none_13,none,2,1,6,2.197727202351246,1.8098503976487552,0,0.0
none_13,none,2,2,6,2.2026048305379002,1.8049727694621007,0,0.0
none_13,none,2,3,6,2.198047627501265,1.8095299724987362,0,0.0
none_13,none,2,4,6,2.218154873977391,1.78942272602261,0,0.0
none_13,none,2,5,6,2.1793637233331022,1.828213876666899,0,0.0
none_13,none,2,6,6,2.1984831744004376,1.8090944255995631,0,0.0
none_13,none,2,7,6,2.175509049887336,1.8320685501126652,0,0.0
none_13,none,2,8,6,2.1706487621471395,1.8369288378528614,0,0.0
none_13,none,2,9,6,2.2073952697074075,1.8001823302925934,0,0.0
none_13,none,2,0,7,2.227520060487536,1.7800575395124645,0,0.0
none_13,none,2,1,7,2.200647207334723,1.806930392665278,0,0.0
none_13,none,2,2,7,2.1995892028913158,1.8079883971086852,0,0.0
none_13,none,2,3,7,2.227734722865348,1.7798428771346528,0,0.0
none_13,none,2,4,7,2.222950431060011,1.7846271689399902,0,0.0
none_13,none,2,5,7,2.1980235025156265,1.8095540974843745,0,0.0
none_13,none,2,6,7,2.2056683999860107,1.80190920001399,0,0.0
none_13,none,2,7,7,2.1700896170498165,1.8374879829501847,0,0.0
none_13,none,2,8,7,2.174500236918504,1.8330773630814972,0,0.0
none_13,none,2,9,7,2.2111013033313465,1.7964762966686545,0,0.0
none_13,none,2,0,8,2.1693397163669763,1.838237883633025,0,0.0
none_13,none,2,1,8,2.1440191312054675,1.8635584687945335,0,0.0
none_13,none,2,2,8,2.1885242676494974,1.8190533323505034,0,0.0
none_13,none,2,3,8,2.1714487258248076,1.8361288741751938,0,0.0
none_13,none,2,4,8,2.1985801255802926,1.8089974744197088,0,0.0
none_13,none,2,5,8,2.199298400856285,1.8082791991437162,0,0.0
none_13,none,2,6,8,2.196241412661909,1.8113361873380915,0,0.0
none_13,none,2,7,8,2.182005995694803,1.8255716043051982,0,0.0
none_13,none,2,8,8,2.1609310988880357,1.846646501111966,0,0.0
none_13,none,2,9,8,2.191725837254594,1.8158517627454072,0,0.0
none_13,none,2,0,9,2.2370721635664266,1.7705054364335744,0,0.0
none_13,none,2,1,9,2.1726379362655797,1.8349396637344217,0,0.0
none_13,none,2,2,9,2.2082573576269,1.799320242373101,0,0.0
none_13,none,2,3,9,2.249394912531953,1.7581826874680482,0,0.0
none_13,none,2,4,9,2.271383686438669,1.7361939135613316,0,0.0
none_13,none,2,5,9,2.2342371145371973,1.7733404854628034,0,0.0
none_13,none,2,6,9,2.253793775702916,1.7537838242970847,0,0.0
none_13,none,2,7,9,2.2266573386720725,1.780920261327929,0,0.0
none_13,none,2,8,9,2.1998840730294575,1.8076935269705436,0,0.0
none_13,none,2,9,9,2.251467611200251,1.7561099887997489,0,0.0
none_14,none,2,0,0,2.243815882773705,1.7637617172262956,0,0.0
none_14,none,2,1,0,2.188391566082739,1.8191860339172616,0,0.0
none_14,none,2,2,0,2.217309634418102,1.7902679655818998,0,0.0
none_14,none,2,3,0,2.2427338528458436,1.7648437471541567,0,0.0
none_14,none,2,4,0,2.1993271430351276,1.8082504569648736,0,0.0
none_14,none,2,5,0,2.240956881088932,1.7666207189110688,0,0.0
none_14,none,2,6,0,2.213484535095886,1.7940930649041154,0,0.0
none_14,none,2,7,0,2.2035307134010074,1.804046886598994,0,0.0
none_14,none,2,8,0,2.1862234183249956,1.821354181675006,0,0.0
none_14,none,2,9,0,2.2199370481864675,1.7876405518135334,0,0.0
none_14,none,2,0,1,2.1790971089987528,1.8284804910012489,0,0.0
none_14,none,2,1,1,2.155617655706419,1.8519599442935823,0,0.0
none_14,none,2,2,1,2.1668829073250193,1.8406946926749816,0,0.0
none_14,none,2,3,1,2.184909801671808,1.8226677983281938,0,0.0
none_14,none,2,4,1,2.1823217822908627,1.8252558177091385,0,0.0
none_14,none,2,5,1,2.1717382008781745,1.8358393991218267,0,0.0
none_14,none,2,6,1,2.185528653065104,1.822048946934897,0,0.0
none_14,none,2,7,1,2.1584391344720735,1.8491384655279282,0,0.0
none_14,none,2,8,1,2.1451688374143556,1.8624087625856462,0,0.0
none_14,none,2,9,1,2.1651322386104583,1.8424453613895433,0,0.0
none_14,none,2,0,2,2.210811895579747,1.7967657044202543,0,0.0
none_14,none,2,1,2,2.1623375693354516,1.8452400306645498,0,0.0
none_14,none,2,2,2,2.2109670152616143,1.7966105847383866,0,0.0
none_14,none,2,3,2,2.2083198417673024,1.7992577582326983,0,0.0
none_14,none,2,4,2,2.1810738223869026,1.8265037776130988,0,0.0
none_14,none,2,5,2,2.2093131822818406,1.7982644177181604,0,0.0
none_14,none,2,6,2,2.1979533287200357,1.809624271279966,0,0.0
none_14,none,2,7,2,2.214666827567641,1.7929107724323599,0,0.0
none_14,none,2,8,2,2.168835933470106,1.8387416665298952,0,0.0
none_14,none,2,9,2,2.2205809746314666,1.786996625368534,0,0.0
none_14,none,2,0,3,2.2515229884897896,1.7560546115102111,0,0.0
none_14,none,2,1,3,2.190803977475712,1.8167736225242892,0,0.0
none_14,none,2,2,3,2.1939356744335137,1.8136419255664877,0,0.0
none_14,none,2,3,3,2.2104725608695537,1.797105039130447,0,0.0
none_14,none,2,4,3,2.212592859613999,1.794984740386002,0,0.0
none_14,none,2,5,3,2.2228950740268982,1.784682525973103,0,0.0
none_14,none,2,6,3,2.2121931795965586,1.7953844204034426,0,0.0
none_14,none,2,7,3,2.1860356892632846,1.8215419107367168,0,0.0
none_14,none,2,8,3,2.1899239315818497,1.8176536684181515,0,0.0
none_14,none,2,9,3,2.289203817304582,1.7183737826954184,0,0.0
none_14,none,2,0,4,2.2491894830157024,1.7583881169842985,0,0.0
none_14,none,2,1,4,2.1933874800621793,1.8141901199378219,0,0.0
none_14,none,2,2,4,2.218343188050091,1.7892344119499104,0,0.0
none_14,none,2,3,4,2.1778813596706055,1.8296962403293957,0,0.0
none_14,none,2,4,4,2.2149632938347743,1.7926143061652267,0,0.0
none_14,none,2,5,4,2.198267338675477,1.8093102613245242,0,0.0
none_14,none,2,6,4,2.181692572791494,1.8258850272085072,0,0.0
none_14,none,2,7,4,2.192511556826161,1.8150660431738401,0,0.0
none_14,none,2,8,4,2.175323889951648,1.8322537100483536,0,0.0
none_14,none,2,9,4,2.225059223400846,1.782518376599155,0,0.0
none_14,none,2,0,5,2.2314925434592006,1.7760850565408004,0,0.0
none_14,none,2,1,5,2.1792469749890397,1.8283306250109619,0,0.0
none_14,none,2,2,5,2.188148142784282,1.819429457215719,0,0.0
none_14,none,2,3,5,2.189473045267919,1.8181045547320818,0,0.0
none_14,none,2,4,5,2.2053297258596185,1.8022478741403825,0,0.0
none_14,none,2,5,5,2.1859986830760634,1.821578916923938,0,0.0
none_14,none,2,6,5,2.179269139649421,1.8283084603505801,0,0.0
none_14,none,2,7,5,2.210467814425845,1.7971097855741558,0,0.0
none_14,none,2,8,5,2.177246380415139,1.830331219584862,0,0.0
none_14,none,2,9,5,2.2536546772187775,1.7539229227812232,0,0.0
none_14,none,2,0,6,2.198199436885871,1.8093781631141306,0,0.0
none_14,none,2,1,6,2.163668599270855,1.8439090007291463,0,0.0
none_14,none,2,2,6,2.2394130741111495,1.768164525888851,0,0.0
none_14,none,2,3,6,2.2139426663549275,1.7936349336450732,0,0.0
none_14,none,2,4,6,2.184070856583359,1.823506743416642,0,0.0
none_14,none,2,5,6,2.1940924725318114,1.8134851274681898,0,0.0
none_14,none,2,6,6,2.185990897638162,1.8215867023618393,0,0.0
none_14,none,2,7,6,2.204352680230107,1.803224919769894,0,0.0
none_14,none,2,8,6,2.190588842871291,1.8169887571287102,0,0.0
none_14,none,2,9,6,2.236156646607368,1.7714209533926328,0,0.0
none_14,none,2,0,7,2.1996744702375204,1.8079031297624815,0,0.0
none_14,none,2,1,7,2.165759375910905,1.8418182240890963,0,0.0
none_14,none,2,2,7,2.1888382305638796,1.8187393694361216,0,0.0
none_14,none,2,3,7,2.1958969597943714,1.8116806402056294,0,0.0
none_14,none,2,4,7,2.1892491890770605,1.8183284109229407,0,0.0
none_14,none,2,5,7,2.200514119441249,1.807063480558752,0,0.0
none_14,none,2,6,7,2.1842659798395134,1.8233116201604878,0,0.0
none_14,none,2,7,7,2.200450795274095,1.807126804725906,0,0.0
none_14,none,2,8,7,2.1855109958639254,1.8220666041360758,0,0.0
none_14,none,2,9,7,2.2467442421397705,1.7608333578602302,0,0.0
none_14,none,2,0,8,2.1693620091619974,1.8382155908380042,0,0.0
none_14,none,2,1,8,2.1607138456980444,1.8468637543019575,0,0.0
none_14,none,2,2,8,2.1886770701270275,1.8189005298729737,0,0.0
none_14,none,2,3,8,2.1699510236956177,1.8376265763043835,0,0.0
none_14,none,2,4,8,2.174320059519211,1.83325754048079,0,0.0
none_14,none,2,5,8,2.171697482509406,1.8358801174905952,0,0.0
none_14,none,2,6,8,2.193807291258576,1.8137703087414252,0,0.0
none_14,none,2,7,8,2.1914211130255046,1.816156486974497,0,0.0
none_14,none,2,8,8,2.198019523696104,1.8095580763038968,0,0.0
none_14,none,2,9,8,2.245819934508226,1.7617576654917748,0,0.0
none_14,none,2,0,9,2.2319732098531158,1.775604390146885,0,0.0
none_14,none,2,1,9,2.1930931619957685,1.8144844380042326,0,0.0
none_14,none,2,2,9,2.2424500026528307,1.7651275973471698,0,0.0
none_14,none,2,3,9,2.207391545675554,1.800186054324447,0,0.0
none_14,none,2,4,9,2.223727311786961,1.7838502882130405,0,0.0
none_14,none,2,5,9,2.1981136793311955,1.809463920668806,0,0.0
none_14,none,2,6,9,2.226419002999816,1.7811585970001849,0,0.0
none_14,none,2,7,9,2.2366234872836968,1.7709541127163044,0,0.0
none_14,none,2,8,9,2.205676217220075,1.8019013827799262,0,0.0
none_14,none,2,9,9,2.2495743286293024,1.758003271370698,0,0.0
none_12,none,3,0,0,2.247196141569164,1.7603814584308364,0,0.0
none_12,none,3,1,0,2.1804713801355513,1.8271062198644503,0,0.0
none_12,none,3,2,0,2.2126287533073783,1.7949488466926233,0,0.0
none_12,none,3,3,0,2.2432855887147363,1.7642920112852651,0,0.0
none_12,none,3,4,0,2.24308248838136,1.764495111618641,0,0.0
none_12,none,3,5,0,2.218726704615241,1.78885089538476,0,0.0
none_12,none,3,6,0,2.212296366778083,1.7952812332219186,0,0.0
none_12,none,3,7,0,2.2358586131004645,1.7717189868995364,0,0.0
none_12,none,3,8,0,2.2132187438859927,1.7943588561140087,0,0.0
none_12,none,3,9,0,2.259617528771251,1.747960071228749,0,0.0
none_12,none,3,0,1,2.206985777804365,1.8005918221956367,0,0.0
none_12,none,3,1,1,2.1772200965186257,1.8303575034813753,0,0.0
none_12,none,3,2,1,2.1878669748937645,1.8197106251062365,0,0.0
none_12,none,3,3,1,2.1974354487409946,1.8101421512590066,0,0.0
none_12,none,3,4,1,2.2113892586520505,1.7961883413479507,0,0.0
none_12,none,3,5,1,2.1802475507735806,1.8273300492264204,0,0.0
none_12,none,3,6,1,2.1946447622549443,1.8129328377450569,0,0.0
none_12,none,3,7,1,2.1893648288570424,1.8182127711429588,0,0.0
none_12,none,3,8,1,2.1495241937947673,1.858053406205234,0,0.0
none_12,none,3,9,1,2.1821244307248002,1.8254531692752012,0,0.0
none_12,none,3,0,2,2.2260658843454464,1.7815117156545544,0,0.0
none_12,none,3,1,2,2.189681776400075,1.8178958235999259,0,0.0
none_12,none,3,2,2,2.2268338206010463,1.7807437793989547,0,0.0
none_12,none,3,3,2,2.20645727884169,1.8011203211583109,0,0.0
none_12,none,3,4,2,2.214324773503511,1.7932528264964895,0,0.0
none_12,none,3,5,2,2.1970964344512067,1.8104811655487945,0,0.0
none_12,none,3,6,2,2.176970066100391,1.8306075338996106,0,0.0
none_12,none,3,7,2,2.1857419762615216,1.8218356237384794,0,0.0
none_12,none,3,8,2,2.159451426260171,1.8481261737398307,0,0.0
none_12,none,3,9,2,2.203831558819345,1.8037460411806563,0,0.0
none_12,none,3,0,3,2.231210139009145,1.776367460990856,0,0.0
none_12,none,3,1,3,2.196473938849526,1.8111036611504754,0,0.0
none_12,none,3,2,3,2.1917847553823604,1.815792844617641,0,0.0
none_12,none,3,3,3,2.220142216106829,1.7874353838931718,0,0.0
none_12,none,3,4,3,2.1743324705751963,1.833245129424805,0,0.0
none_12,none,3,5,3,2.2137909003064618,1.7937866996935394,0,0.0
none_12,none,3,6,3,2.187281624083865,1.8202959759161363,0,0.0
none_12,none,3,7,3,2.181455636830941,1.8261219631690602,0,0.0
none_12,none,3,8,3,2.1851485048634975,1.8224290951365039,0,0.0
none_12,none,3,9,3,2.228021687551686,1.7795559124483151,0,0.0
none_12,none,3,0,4,2.2454288484918403,1.7621487515081606,0,0.0
none_12,none,3,1,4,2.197828738137139,1.8097488618628623,0,0.0
none_12,none,3,2,4,2.206471681095152,1.8011059189048493,0,0.0
none_12,none,3,3,4,2.2069094986750577,1.8006681013249435,0,0.0
none_12,none,3,4,4,2.218625823871015,1.7889517761289861,0,0.0
none_12,none,3,5,4,2.214453310250936,1.7931242897490651,0,0.0
none_12,none,3,6,4,2.209063878500664,1.798513721499337,0,0.0
none_12,none,3,7,4,2.1935958225135326,1.8139817774864684,0,0.0
none_12,none,3,8,4,2.1755032652101356,1.8320743347898654,0,0.0
none_12,none,3,9,4,2.2337677313504183,1.7738098686495827,0,0.0
none_12,none,3,0,5,2.214319085694495,1.7932585143055055,0,0.0
none_12,none,3,1,5,2.18686578041702,1.8207118195829817,0,0.0
none_12,none,3,2,5,2.21843753351711,1.7891400664828907,0,0.0
none_12,none,3,3,5,2.209769956022941,1.7978076439770598,0,0.0
none_12,none,3,4,5,2.2061531056757038,1.801424494324297,0,0.0
none_12,none,3,5,5,2.221798761160597,1.7857788388394036,0,0.0
none_12,none,3,6,5,2.2002261168188078,1.8073514831811932,0,0.0
none_12,none,3,7,5,2.195146571058074,1.812431028941927,0,0.0
none_12,none,3,8,5,2.1797106442214473,1.8278669557785536,0,0.0
none_12,none,3,9,5,2.2466154390148936,1.7609621609851072,0,0.0
none_12,none,3,0,6,2.2104466173586386,1.7971309826413626,0,0.0
none_12,none,3,1,6,2.189573814283322,1.8180037857166789,0,0.0
none_12,none,3,2,6,2.190907317282292,1.8166702827177088,0,0.0
none_12,none,3,3,6,2.2077893813937157,1.7997882186062852,0,0.0
none_12,none,3,4,6,2.192826502387257,1.814751097612744,0,0.0
none_12,none,3,5,6,2.2000537799869644,1.8075238200130368,0,0.0
none_12,none,3,6,6,2.2062583486893494,1.8013192513106517,0,0.0
none_12,none,3,7,6,2.1872994747724155,1.8202781252275861,0,0.0
none_12,none,3,8,6,2.1917950807055204,1.8157825192944808,0,0.0
none_12,none,3,9,6,2.20492958293252,1.802648017067481,0,0.0
none_12,none,3,0,7,2.2179079342559924,1.7896696657440085,0,0.0
none_12,none,3,1,7,2.1819024017492494,1.8256751982507515,0,0.0
none_12,none,3,2,7,2.2158413049761374,1.791736295023863,0,0.0
none_12,none,3,3,7,2.195567553976293,1.812010046023708,0,0.0
none_12,none,3,4,7,2.2139426932687742,1.7936349067312267,0,0.0
none_12,none,3,5,7,2.1863576932017597,1.8212199067982417,0,0.0
none_12,none,3,6,7,2.1736767558740597,1.8339008441259415,0,0.0
none_12,none,3,7,7,2.16117802098158,1.8463995790184213,0,0.0
none_12,none,3,8,7,2.184321170397278,1.8232564296027238,0,0.0
none_12,none,3,9,7,2.2162846455762106,1.7912929544237903,0,0.0
none_12,none,3,0,8,2.1936335581529445,1.8139440418470572,0,0.0
none_12,none,3,1,8,2.1618859171260785,1.8456916828739232,0,0.0
none_12,none,3,2,8,2.174530642659826,1.833046957340175,0,0.0
none_12,none,3,3,8,2.170281503343487,1.8372960966565142,0,0.0
none_12,none,3,4,8,2.170635466879897,1.8369421331201041,0,0.0
none_12,none,3,5,8,2.1754620825076705,1.832115517492331,0,0.0
none_12,none,3,6,8,2.156991201716527,1.850586398283474,0,0.0
none_12,none,3,7,8,2.155558802970721,1.8520187970292805,0,0.0
none_12,none,3,8,8,2.153954307116386,1.853623292883616,0,0.0
none_12,none,3,9,8,2.183954799168984,1.8236228008310178,0,0.0
none_12,none,3,0,9,2.23650163523823,1.7710759647617704,0,0.0
none_12,none,3,1,9,2.203453465370323,1.8041241346296784,0,0.0
none_12,none,3,2,9,2.2199196045924423,1.7876579954075587,0,0.0
none_12,none,3,3,9,2.1950064639461786,1.8125711360538221,0,0.0
none_12,none,3,4,9,2.196541750093518,1.8110358499064831,0,0.0
none_12,none,3,5,9,2.2188533744622605,1.7887242255377405,0,0.0
none_12,none,3,6,9,2.1992426937151683,1.808334906284833,0,0.0
none_12,none,3,7,9,2.1852768207775375,1.8223007792224644,0,0.0
none_12,none,3,8,9,2.1640046146075016,1.8435729853925003,0,0.0
none_12,none,3,9,9,2.2221283084303844,1.7854492915696165,0,0.0
none_13,none,3,0,0,2.2957566122943294,1.7118209877056711,0,0.0
none_13,none,3,1,0,2.2244720957915014,1.7831055042085,0,0.0
none_13,none,3,2,0,2.2132654846671844,1.7943121153328168,0,0.0
none_13,none,3,3,0,2.2148934700778957,1.7926841299221048,0,0.0
none_13,none,3,4,0,2.2230321837939306,1.7845454162060705,0,0.0
none_13,none,3,5,0,2.2149235975659813,1.79265400243402,0,0.0
none_13,none,3,6,0,2.240717219981898,1.7668603800181029,0,0.0
none_13,none,3,7,0,2.255524055107881,1.75205354489212,0,0.0
none_13,none,3,8,0,2.2141304756947755,1.7934471243052255,0,0.0
none_13,none,3,9,0,2.283617410738919,1.7239601892610816,0,0.0
none_13,none,3,0,1,2.210527312468956,1.7970502875310452,0,0.0
none_13,none,3,1,1,2.1675925704476233,1.839985029552378,0,0.0
none_13,none,3,2,1,2.1866712954333356,1.820906304566666,0,0.0
none_13,none,3,3,1,2.1772542569359796,1.830323343064022,0,0.0
none_13,none,3,4,1,2.1795063619044117,1.82807123809559,0,0.0
none_13,none,3,5,1,2.170171150056908,1.8374064499430933,0,0.0
none_13,none,3,6,1,2.161151218376396,1.8464263816236055,0,0.0
none_13,none,3,7,1,2.173390297777991,1.8341873022220103,0,0.0
none_13,none,3,8,1,2.164796197853831,1.8427814021461706,0,0.0
none_13,none,3,9,1,2.1889088332553213,1.81866876674468,0,0.0
none_13,none,3,0,2,2.1976305405479204,1.8099470594520808,0,0.0
none_13,none,3,1,2,2.1713978374377967,1.836179762562205,0,0.0
none_13,none,3,2,2,2.2076561156430827,1.7999214843569185,0,0.0
none_13,none,3,3,2,2.219160699631505,1.7884169003684955,0,0.0
none_13,none,3,4,2,2.2213541071969907,1.78622349280301,0,0.0
none_13,none,3,5,2,2.2252385888698405,1.78233901113016,0,0.0
none_13,none,3,6,2,2.172514532019246,1.8350630679807554,0,0.0
none_13,none,3,7,2,2.1849378089658376,1.8226397910341638,0,0.0
none_13,none,3,8,2,2.172449238725175,1.8351283612748261,0,0.0
none_13,none,3,9,2,2.2415995307171728,1.7659780692828282,0,0.0
none_13,none,3,0,3,2.2569382975133703,1.7506393024866307,0,0.0
none_13,none,3,1,3,2.19401779494042,1.8135598050595811,0,0.0
none_13,none,3,2,3,2.242260103854715,1.7653174961452853,0,0.0
none_13,none,3,3,3,2.2140617565881,1.793515843411901,0,0.0
none_13,none,3,4,3,2.2378820090335374,1.7696955909664627,0,0.0
none_13,none,3,5,3,2.1800029861813646,1.8275746138186364,0,0.0
none_13,none,3,6,3,2.1982666339470898,1.8093109660529114,0,0.0
none_13,none,3,7,3,2.176587821561862,1.8309897784381388,0,0.0
none_13,none,3,8,3,2.189253748196937,1.8183238518030638,0,0.0
none_13,none,3,9,3,2.2470932441336364,1.7604843558663645,0,0.0
none_13,none,3,0,4,2.222782922980202,1.7847946770197987,0,0.0
none_13,none,3,1,4,2.201657073998729,1.805920526001272,0,0.0
none_13,none,3,2,4,2.254155609978097,1.7534219900219037,0,0.0
none_13,none,3,3,4,2.1855555985295583,1.822022001470443,0,0.0
none_13,none,3,4,4,2.1898873434892474,1.8176902565107533,0,0.0
none_13,none,3,5,4,2.2012484445474105,1.8063291554525902,0,0.0
none_13,none,3,6,4,2.2096834759455954,1.7978941240544057,0,0.0
none_13,none,3,7,4,2.2038972566953055,1.8036803433046955,0,0.0
none_13,none,3,8,4,2.1911033676845104,1.8164742323154908,0,0.0
none_13,none,3,9,4,2.2524616788341327,1.755115921165868,0,0.0
none_13,none,3,0,5,2.253719702833395,1.753857897166606,0,0.0
none_13,none,3,1,5,2.1925553667947324,1.8150222332052688,0,0.0
none_13,none,3,2,5,2.213693389428641,1.79388421057136,0,0.0
none_13,none,3,3,5,2.1809620090783532,1.826615590921648,0,0.0
none_13,none,3,4,5,2.216620550735895,1.7909570492641056,0,0.0
none_13,none,3,5,5,2.2085496194705914,1.79902798052941,0,0.0
none_13,none,3,6,5,2.187629841426957,1.8199477585730441,0,0.0
none_13,none,3,7,5,2.2033323317492832,1.8042452682507175,0,0.0
none_13,none,3,8,5,2.1761365686002536,1.8314410313997476,0,0.0
none_13,none,3,9,5,2.2151525219961807,1.7924250780038204,0,0.0
none_13,none,3,0,6,2.2127003504569833,1.794877249543018,0,0.0
none_13,none,3,1,6,2.183136315555768,1.8244412844442333,0,0.0
none_13,none,3,2,6,2.18904399461403,1.818533605385971,0,0.0
none_13,none,3,3,6,2.200989542921561,1.80658805707844,0,0.0
none_13,none,3,4,6,2.2346010040295754,1.772976595970425,0,0.0
none_13,none,3,5,6,2.1957217104017897,1.8118558895982113,0,0.0
none_13,none,3,6,6,2.196977626172306,1.810599973827695,0,0.0
none_13,none,3,7,6,2.1718929522921973,1.8356846477078044,0,0.0
none_13,none,3,8,6,2.1842555391696674,1.8233220608303342,0,0.0
none_13,none,3,9,6,2.2371868469615204,1.7703907530384806,0,0.0
none_13,none,3,0,7,2.210621666213476,1.7969559337865255,0,0.0
none_13,none,3,1,7,2.190422585481583,1.8171550145184177,0,0.0
none_13,none,3,2,7,2.1743598006620615,1.8332177993379402,0,0.0
none_13,none,3,3,7,2.2237751516776947,1.783802448322306,0,0.0
none_13,none,3,4,7,2.206325996040665,1.8012516039593356,0,0.0
none_13,none,3,5,7,2.186374968677046,1.8212026313229552,0,0.0
none_13,none,3,6,7,2.1918678966596206,1.8157097033403804,0,0.0
none_13,none,3,7,7,2.1749172881884764,1.8326603118115248,0,0.0
none_13,none,3,8,7,2.1911294085132975,1.8164481914867032,0,0.0
none_13,none,3,9,7,2.2518109174129295,1.7557666825870715,0,0.0
none_13,none,3,0,8,2.190815677972176,1.8167619220278255,0,0.0
none_13,none,3,1,8,2.157432755389234,1.850144844610768,0,0.0
none_13,none,3,2,8,2.1593073415064645,1.848270258493537,0,0.0
none_13,none,3,3,8,2.1818227972663995,1.8257548027336015,0,0.0
none_13,none,3,4,8,2.17222848580237,1.8353491141976315,0,0.0
none_13,none,3,5,8,2.1695985670651527,1.8379790329348487,0,0.0
none_13,none,3,6,8,2.178691076254699,1.8288865237453018,0,0.0
none_13,none,3,7,8,2.1649715394583295,1.8426060605416716,0,0.0
none_13,none,3,8,8,2.16234718581482,1.8452304141851814,0,0.0
none_13,none,3,9,8,2.2190889917220304,1.7884886082779705,0,0.0
none_13,none,3,0,9,2.2886512876105676,1.7189263123894327,0,0.0
none_13,none,3,1,9,2.197044535936658,1.8105330640633432,0,0.0
none_13,none,3,2,9,2.215630603668082,1.791946996331919,0,0.0
none_13,none,3,3,9,2.236485242867651,1.77109235713235,0,0.0
none_13,none,3,4,9,2.215793091793303,1.791784508206698,0,0.0
none_13,none,3,5,9,2.2022674238450253,1.8053101761549761,0,0.0
none_13,none,3,6,9,2.237656090763806,1.769921509236195,0,0.0
none_13,none,3,7,9,2.232403710382132,1.775173889617869,0,0.0
none_13,none,3,8,9,2.19406435115247,1.8135132488475316,0,0.0
none_13,none,3,9,9,2.2850927853630196,1.7224848146369807,0,0.0
none_14,none,3,0,0,2.2297227138833153,1.7778548861166856,0,0.0
none_14,none,3,1,0,2.177170198982391,1.8304074010176106,0,0.0
none_14,none,3,2,0,2.2353432990666433,1.7722343009333574,0,0.0
none_14,none,3,3,0,2.246965721370575,1.7606118786294258,0,0.0
none_14,none,3,4,0,2.2457402521601595,1.7618373478398415,0,0.0
none_14,none,3,5,0,2.218076239517687,1.7895013604823142,0,0.0
none_14,none,3,6,0,2.2242267089669885,1.7833508910330118,0,0.0
none_14,none,3,7,0,2.22983472148084,1.7777428785191611,0,0.0
none_14,none,3,8,0,2.2155855086450904,1.7919920913549112,0,0.0
none_14,none,3,9,0,2.2620667050681273,1.7455108949318732,0,0.0
none_14,none,3,0,1,2.223124887292534,1.784452712707467,0,0.0
none_14,none,3,1,1,2.148204775819837,1.8593728241801648,0,0.0
none_14,none,3,2,1,2.1601565681436066,1.847421031856395,0,0.0
none_14,none,3,3,1,2.1712669241753417,1.8363106758246597,0,0.0
none_14,none,3,4,1,2.1929708534216057,1.8146067465783955,0,0.0
none_14,none,3,5,1,2.1893534384919526,1.8182241615080483,0,0.0
none_14,none,3,6,1,2.1792880728133293,1.828289527186672,0,0.0
none_14,none,3,7,1,2.1630659133599575,1.8445116866400444,0,0.0
none_14,none,3,8,1,2.1679084635153645,1.8396691364846367,0,0.0
none_14,none,3,9,1,2.228161043546938,1.779416556453063,0,0.0
none_14,none,3,0,2,2.2031288830955402,1.804448716904461,0,0.0
none_14,none,3,1,2,2.1839187737414485,1.823658826258553,0,0.0
none_14,none,3,2,2,2.192258081583028,1.815319518416973,0,0.0
none_14,none,3,3,2,2.1918381587310978,1.8157394412689036,0,0.0
none_14,none,3,4,2,2.1900869842249557,1.8174906157750454,0,0.0
none_14,none,3,5,2,2.2092812318171204,1.7982963681828807,0,0.0
none_14,none,3,6,2,2.20387907551043,1.8036985244895711,0,0.0
none_14,none,3,7,2,2.1927168229515903,1.8148607770484106,0,0.0
none_14,none,3,8,2,2.1930775104795592,1.814500089520442,0,0.0
none_14,none,3,9,2,2.2483963151943844,1.7591812848056163,0,0.0
none_14,none,3,0,3,2.2018184635940874,1.8057591364059142,0,0.0
none_14,none,3,1,3,2.1620157078004287,1.8455618921995725,0,0.0
none_14,none,3,2,3,2.1642424786611874,1.8433351213388143,0,0.0
none_14,none,3,3,3,2.1800257635015075,1.8275518364984942,0,0.0
none_14,none,3,4,3,2.2050359066228,1.8025416933772014,0,0.0
none_14,none,3,5,3,2.198997974645734,1.8085796253542672,0,0.0
none_14,none,3,6,3,2.237304475851863,1.7702731241481378,0,0.0
none_14,none,3,7,3,2.2229628155415218,1.7846147844584794,0,0.0
none_14,none,3,8,3,2.195117704588099,1.8124598954119022,0,0.0
none_14,none,3,9,3,2.226554228884892,1.781023371115109,0,0.0
none_14,none,3,0,4,2.2130498237598473,1.7945277762401537,0,0.0
none_14,none,3,1,4,2.1788195249431306,1.8287580750568708,0,0.0
none_14,none,3,2,4,2.2073575905877085,1.8002200094122924,0,0.0
none_14,none,3,3,4,2.1915166984501875,1.8160609015498133,0,0.0
none_14,none,3,4,4,2.170511893999528,1.837065706000473,0,0.0
none_14,none,3,5,4,2.20178671678076,1.805790883219241,0,0.0
none_14,none,3,6,4,2.216911462244986,1.7906661377550148,0,0.0
none_14,none,3,7,4,2.2249788761189357,1.782598723881065,0,0.0
none_14,none,3,8,4,2.170252463097959,1.837325136902042,0,0.0
none_14,none,3,9,4,2.2154515179513856,1.7921260820486158,0,0.0
none_14,none,3,0,5,2.2268352056657,1.780742394334301,0,0.0
none_14,none,3,1,5,2.2146716579783705,1.792905942021631,0,0.0
none_14,none,3,2,5,2.2274052441668153,1.780172355833186,0,0.0
none_14,none,3,3,5,2.1731644972335604,1.834413102766441,0,0.0
none_14,none,3,4,5,2.2076090417441536,1.7999685582558476,0,0.0
none_14,none,3,5,5,2.1857871928151833,1.8217904071848177,0,0.0
none_14,none,3,6,5,2.1878233623930745,1.819754237606927,0,0.0
none_14,none,3,7,5,2.21056267469366,1.7970149253063414,0,0.0
none_14,none,3,8,5,2.1978498487778526,1.809727751222149,0,0.0
none_14,none,3,9,5,2.2141000152329178,1.7934775847670832,0,0.0
none_14,none,3,0,6,2.26424783134384,1.7433297686561602,0,0.0
none_14,none,3,1,6,2.1916956315058536,1.8158819684941474,0,0.0
none_14,none,3,2,6,2.207311969786524,1.800265630213477,0,0.0
none_14,none,3,3,6,2.1939953463000434,1.8135822536999575,0,0.0
none_14,none,3,4,6,2.178118658045867,1.8294589419541343,0,0.0
none_14,none,3,5,6,2.199230063009315,1.808347536990686,0,0.0
none_14,none,3,6,6,2.202840896015093,1.8047367039849085,0,0.0
none_14,none,3,7,6,2.1784745798772867,1.8291030201227148,0,0.0
none_14,none,3,8,6,2.169439560437455,1.8381380395625468,0,0.0
none_14,none,3,9,6,2.2132605124577682,1.7943170875422327,0,0.0
none_14,none,3,0,7,2.254322845819544,1.7532547541804568,0,0.0
none_14,none,3,1,7,2.1732115675177126,1.8343660324822886,0,0.0
none_14,none,3,2,7,2.220319571204974,1.787258028795027,0,0.0
none_14,none,3,3,7,2.1936166166235327,1.8139609833764687,0,0.0
none_14,none,3,4,7,2.2078835157111816,1.7996940842888192,0,0.0
none_14,none,3,5,7,2.18951285117995,1.8180647488200508,0,0.0
none_14,none,3,6,7,2.198580117941792,1.8089974820582087,0,0.0
none_14,none,3,7,7,2.2001733821383023,1.807404217861699,0,0.0
none_14,none,3,8,7,2.1671999943642577,1.8403776056357435,0,0.0
none_14,none,3,9,7,2.2286344727696292,1.778943127230372,0,0.0
none_14,none,3,0,8,2.1887217485837347,1.8188558514162672,0,0.0
none_14,none,3,1,8,2.166012820731232,1.8415647792687693,0,0.0
none_14,none,3,2,8,2.1695083543735665,1.8380692456264347,0,0.0
none_14,none,3,3,8,2.1861197686972473,1.8214578313027538,0,0.0
none_14,none,3,4,8,2.18764121766002,1.8199363823399812,0,0.0
none_14,none,3,5,8,2.1888283575349194,1.818749242465082,0,0.0
none_14,none,3,6,8,2.2045490172888216,1.8030285827111794,0,0.0
none_14,none,3,7,8,2.176484250026166,1.8310933499738358,0,0.0
none_14,none,3,8,8,2.176578443597931,1.8309991564020707,0,0.0
none_14,none,3,9,8,2.196347058956677,1.8112305410433243,0,0.0
none_14,none,3,0,9,2.2618501719424384,1.7457274280575619,0,0.0
none_14,none,3,1,9,2.211093029658634,1.796484570341367,0,0.0
none_14,none,3,2,9,2.242621028305986,1.7649565716940148,0,0.0
none_14,none,3,3,9,2.2146992928104865,1.7928783071895142,0,0.0
none_14,none,3,4,9,2.218167620878785,1.7894099791212161,0,0.0
none_14,none,3,5,9,2.210057275790619,1.797520324209382,0,0.0
none_14,none,3,6,9,2.218925346970593,1.7886522530294076,0,0.0
none_14,none,3,7,9,2.2035135441095366,1.8040640558904641,0,0.0
none_14,none,3,8,9,2.2122190082366116,1.7953585917633896,0,0.0
none_14,none,3,9,9,2.2999180559469936,1.7076595440530067,0,0.0
calendar_18,calendar,1,0,0,3.2417592502182617,0.765818349781739,5,0.1
calendar_18,calendar,1,1,0,3.000474021756249,1.0071035782437507,5,0.1
calendar_18,calendar,1,2,0,3.0339966941563983,0.9735809058436016,5,0.1
calendar_18,calendar,1,3,0,3.055687730568713,0.9518898694312887,5,0.1
calendar_18,calendar,1,4,0,3.084062742093091,0.9235148579069086,5,0.1
calendar_18,calendar,1,5,0,3.1153217732460177,0.8922558267539829,5,0.1
calendar_18,calendar,1,6,0,3.1575721834501285,0.8500054165498714,5,0.1
calendar_18,calendar,1,7,0,3.114638369560361,0.8929392304396391,5,0.1
calendar_18,calendar,1,8,0,2.9958480515693693,1.011729548430631,5,0.1
calendar_18,calendar,1,9,0,3.243521591548683,0.7640560084513177,5,0.1
calendar_18,calendar,1,0,1,2.9979797573764957,1.0095978426235046,5,0.1
calendar_18,calendar,1,1,1,2.7184209033899744,1.2891566966100245,5,0.1
calendar_18,calendar,1,2,1,2.8556444989529894,1.1519331010470106,5,0.1
calendar_18,calendar,1,3,1,2.8313808756802463,1.176196724319754,5,0.1
calendar_18,calendar,1,4,1,2.8595648991540714,1.1480127008459295,5,0.1
calendar_18,calendar,1,5,1,2.8405741524787738,1.1670034475212265,5,0.1
calendar_18,calendar,1,6,1,2.8937922916222134,1.113785308377787,5,0.1
calendar_18,calendar,1,7,1,2.904506086281847,1.103071513718153,5,0.1
calendar_18,calendar,1,8,1,2.7800090914745397,1.2275685085254597,5,0.1
calendar_18,calendar,1,9,1,2.994653757587232,1.0129238424127671,5,0.1
calendar_18,calendar,1,0,2,3.0604142085655925,0.9471633914344062,5,0.1
calendar_18,calendar,1,1,2,2.8300406305030212,1.1775369694969793,5,0.1
calendar_18,calendar,1,2,2,2.9591058808014146,1.0484717191985855,5,0.1
calendar_18,calendar,1,3,2,2.9429703640096427,1.0646072359903576,5,0.1
calendar_18,calendar,1,4,2,2.953912884782418,1.0536647152175822,5,0.1
calendar_18,calendar,1,5,2,2.900520033917399,1.1070575660826005,5,0.1
calendar_18,calendar,1,6,2,3.0065472266265716,1.0010303733734291,5,0.1
calendar_18,calendar,1,7,2,2.979079822420632,1.0284977775793689,5,0.1
calendar_18,calendar,1,8,2,2.906639547226817,1.1009380527731831,5,0.1
calendar_18,calendar,1,9,2,3.0719692672454544,0.9356083327545452,5,0.1
calendar_18,calendar,1,0,3,3.0919565187657487,0.9156210812342509,5,0.1
calendar_18,calendar,1,1,3,2.9073452755014415,1.1002323244985595,5,0.1
calendar_18,calendar,1,2,3,2.902018356150803,1.1055592438491966,5,0.1
calendar_18,calendar,1,3,3,2.9824471232500374,1.0251304767499634,5,0.1
calendar_18,calendar,1,4,3,2.937469652104386,1.0701079478956146,5,0.1
calendar_18,calendar,1,5,3,2.9726541677842544,1.034923432215745,5,0.1
calendar_18,calendar,1,6,3,2.939841283561386,1.0677363164386149,5,0.1
calendar_18,calendar,1,7,3,2.989131514420019,1.0184460855799806,5,0.1
calendar_18,calendar,1,8,3,2.8732816752834665,1.1342959247165332,5,0.1
calendar_18,calendar,1,9,3,3.1085887331360214,0.8989888668639783,5,0.1
calendar_18,calendar,1,0,4,3.0497371982694785,0.9578404017305211,5,0.1
calendar_18,calendar,1,1,4,2.892678400246829,1.1148991997531703,5,0.1
calendar_18,calendar,1,2,4,2.9327553396004875,1.0748222603995115,5,0.1
calendar_18,calendar,1,3,4,2.988297357211836,1.0192802427881638,5,0.1
calendar_18,calendar,1,4,4,2.9385334322585397,1.0690441677414606,5,0.1
calendar_18,calendar,1,5,4,2.900968741059188,1.1066088589408123,5,0.1
calendar_18,calendar,1,6,4,2.972426648758828,1.0351509512411716,5,0.1
calendar_18,calendar,1,7,4,2.959544895288889,1.0480327047111118,5,0.1
calendar_18,calendar,1,8,4,2.841773715859499,1.1658038841405003,5,0.1
calendar_18,calendar,1,9,4,3.0568580716561486,0.9507195283438514,5,0.1
calendar_18,calendar,1,0,5,3.0928380504585578,0.9147395495414428,5,0.1
calendar_18,calendar,1,1,5,2.840092038273154,1.1674855617268463,5,0.1
calendar_18,calendar,1,2,5,2.9688672536456644,1.0387103463543357,5,0.1
calendar_18,calendar,1,3,5,2.902030867586903,1.105546732413096,5,0.1
calendar_18,calendar,1,4,5,2.9147000421895917,1.0928775578104095,5,0.1
calendar_18,calendar,1,5,5,2.93360204028678,1.07397555971322,5,0.1
calendar_18,calendar,1,6,5,2.9722912076987713,1.035286392301229,5,0.1
calendar_18,calendar,1,7,5,3.0057627218317537,1.0018148781682463,5,0.1
calendar_18,calendar,1,8,5,2.828124764250096,1.1794528357499028,5,0.1
calendar_18,calendar,1,9,5,3.0883265807089946,0.9192510192910054,5,0.1
calendar_18,calendar,1,0,6,3.0522757120105046,0.9553018879894972,5,0.1
calendar_18,calendar,1,1,6,2.828305394957166,1.179272205042834,5,0.1
calendar_18,calendar,1,2,6,2.925584806945733,1.0819927930542668,5,0.1
calendar_18,calendar,1,3,6,2.933943016909444,1.0736345830905558,5,0.1
calendar_18,calendar,1,4,6,2.910557771939078,1.0970198280609216,5,0.1
calendar_18,calendar,1,5,6,2.938829426515585,1.0687481734844153,5,0.1
calendar_18,calendar,1,6,6,2.9410481114657556,1.0665294885342451,5,0.1
calendar_18,calendar,1,7,6,2.976813937785587,1.030763662214414,5,0.1
calendar_18,calendar,1,8,6,2.8625250661309933,1.1450525338690072,5,0.1
calendar_18,calendar,1,9,6,3.0496285473826354,0.9579490526173672,5,0.1
calendar_18,calendar,1,0,7,3.0524093608790497,0.9551682391209502,5,0.1
calendar_18,calendar,1,1,7,2.7739693219575794,1.23360827804242,5,0.1
calendar_18,calendar,1,2,7,2.9083326458929672,1.0992449541070333,5,0.1
calendar_18,calendar,1,3,7,2.9552285139331054,1.0523490860668943,5,0.1
calendar_18,calendar,1,4,7,2.9206274493236806,1.08695015067632,5,0.1
calendar_18,calendar,1,5,7,2.9025117767737916,1.105065823226208,5,0.1
calendar_18,calendar,1,6,7,2.928108488900632,1.0794691110993686,5,0.1
calendar_18,calendar,1,7,7,2.912533105412764,1.095044494587236,5,0.1
calendar_18,calendar,1,8,7,2.8389361005955416,1.1686414994044585,5,0.1
calendar_18,calendar,1,9,7,3.1042879774410834,0.9032896225589164,5,0.1
calendar_18,calendar,1,0,8,3.0438364433577223,0.9637411566422764,5,0.1
calendar_18,calendar,1,1,8,2.737621796294497,1.269955803705503,5,0.1
calendar_18,calendar,1,2,8,2.7902766483283132,1.2173009516716875,5,0.1
calendar_18,calendar,1,3,8,2.797002746064501,1.2105748539354997,5,0.1
calendar_18,calendar,1,4,8,2.8563079504921625,1.151269649507838,5,0.1
calendar_18,calendar,1,5,8,2.8333861260797564,1.1741914739202446,5,0.1
calendar_18,calendar,1,6,8,2.822471499216898,1.1851061007831016,5,0.1
calendar_18,calendar,1,7,8,2.8282004476541203,1.1793771523458798,5,0.1
calendar_18,calendar,1,8,8,2.784867278044282,1.2227103219557172,5,0.1
calendar_18,calendar,1,9,8,3.023463672478095,0.9841139275219046,5,0.1
calendar_18,calendar,1,0,9,3.2980262767580037,0.7095513232419975,5,0.1
calendar_18,calendar,1,1,9,3.024311968551747,0.9832656314482522,5,0.1
calendar_18,calendar,1,2,9,3.0315685299065986,0.9760090700934021,5,0.1
calendar_18,calendar,1,3,9,3.0489605470543264,0.9586170529456716,5,0.1
calendar_18,calendar,1,4,9,3.0669888039004904,0.9405887960995091,5,0.1
calendar_18,calendar,1,5,9,3.076963727265797,0.9306138727342027,5,0.1
calendar_18,calendar,1,6,9,3.1036875930539414,0.9038900069460594,5,0.1
calendar_18,calendar,1,7,9,3.0635605847755265,0.9440170152244732,5,0.1
calendar_18,calendar,1,8,9,3.054516416446514,0.9530611835534853,5,0.1
calendar_18,calendar,1,9,9,3.2226664341162166,0.784911165883784,5,0.1
calendar_15,calendar,1,0,0,3.269153270380703,0.738424329619296,5,0.1
calendar_15,calendar,1,1,0,3.0359111157021594,0.9716664842978411,5,0.1
calendar_15,calendar,1,2,0,3.094860951124271,0.9127166488757287,5,0.1
calendar_15,calendar,1,3,0,3.1112079694700414,0.8963696305299572,5,0.1
calendar_15,calendar,1,4,0,3.1240863699219963,0.8834912300780031,5,0.1
calendar_15,calendar,1,5,0,3.1422830953148013,0.865294504685199,5,0.1
calendar_15,calendar,1,6,0,3.125299043230544,0.882278556769458,5,0.1
calendar_15,calendar,1,7,0,3.0839066997243947,0.9236709002756053,5,0.1
calendar_15,calendar,1,8,0,2.9930769011579867,1.0145006988420142,5,0.1
calendar_15,calendar,1,9,0,3.2320516100410925,0.7755259899589086,5,0.1
calendar_15,calendar,1,0,1,2.972347745125503,1.0352298548744963,5,0.1
calendar_15,calendar,1,1,1,2.7781745605823227,1.2294030394176787,5,0.1
calendar_15,calendar,1,2,1,2.912789681764026,1.0947879182359732,5,0.1
calendar_15,calendar,1,3,1,2.81804791354433,1.1895296864556688,5,0.1
calendar_15,calendar,1,4,1,2.815138789974958,1.192438810025042,5,0.1
calendar_15,calendar,1,5,1,2.887575711427875,1.120001888572126,5,0.1
calendar_15,calendar,1,6,1,2.863718398692835,1.1438592013071642,5,0.1
calendar_15,calendar,1,7,1,2.821288237931422,1.1862893620685786,5,0.1
calendar_15,calendar,1,8,1,2.735476850280623,1.2721007497193773,5,0.1
calendar_15,calendar,1,9,1,2.970075359472785,1.0375022405272156,5,0.1
calendar_15,calendar,1,0,2,3.128147532626253,0.8794300673737458,5,0.1
calendar_15,calendar,1,1,2,2.8448094359560527,1.1627681640439478,5,0.1
calendar_15,calendar,1,2,2,2.924412728274078,1.0831648717259217,5,0.1
calendar_15,calendar,1,3,2,2.9668999732687724,1.040677626731228,5,0.1
calendar_15,calendar,1,4,2,2.9561319191105055,1.0514456808894936,5,0.1
calendar_15,calendar,1,5,2,2.9830292288279607,1.0245483711720391,5,0.1
calendar_15,calendar,1,6,2,2.9226678995594173,1.084909700440583,5,0.1
calendar_15,calendar,1,7,2,2.9188742902985267,1.0887033097014733,5,0.1
calendar_15,calendar,1,8,2,2.8422138738454072,1.165363726154592,5,0.1
calendar_15,calendar,1,9,2,3.0316695975729426,0.9759080024270579,5,0.1
calendar_15,calendar,1,0,3,3.0875278734020783,0.9200497265979228,5,0.1
calendar_15,calendar,1,1,3,2.860623946437236,1.1469536535627642,5,0.1
calendar_15,calendar,1,2,3,2.966757630928664,1.0408199690713367,5,0.1
calendar_15,calendar,1,3,3,2.9803445640870145,1.0272330359129833,5,0.1
calendar_15,calendar,1,4,3,2.975809427293575,1.0317681727064254,5,0.1
calendar_15,calendar,1,5,3,2.947557046529721,1.0600205534702791,5,0.1
calendar_15,calendar,1,6,3,2.9476475939625435,1.0599300060374561,5,0.1
calendar_15,calendar,1,7,3,2.9671150665775823,1.0404625334224182,5,0.1
calendar_15,calendar,1,8,3,2.9660742632448147,1.0415033367551851,5,0.1
calendar_15,calendar,1,9,3,3.161843281408969,0.8457343185910312,5,0.1
calendar_15,calendar,1,0,4,3.036917216476587,0.9706603835234132,5,0.1
calendar_15,calendar,1,1,4,2.8674714271552046,1.1401061728447948,5,0.1
calendar_15,calendar,1,2,4,2.883031116472945,1.1245464835270556,5,0.1
calendar_15,calendar,1,3,4,2.963557324549914,1.0440202754500878,5,0.1
calendar_15,calendar,1,4,4,2.9522369893620333,1.0553406106379668,5,0.1
calendar_15,calendar,1,5,4,2.946948124691478,1.0606294753085224,5,0.1
calendar_15,calendar,1,6,4,2.9509962988231138,1.0565813011768865,5,0.1
calendar_15,calendar,1,7,4,2.990413273978122,1.0171643260218783,5,0.1
calendar_15,calendar,1,8,4,2.913823661591571,1.0937539384084292,5,0.1
calendar_15,calendar,1,9,4,3.1039241868959158,0.903653413104084,5,0.1
calendar_15,calendar,1,0,5,3.0270029174044315,0.9805746825955679,5,0.1
calendar_15,calendar,1,1,5,2.802178503846637,1.205399096153363,5,0.1
calendar_15,calendar,1,2,5,3.0025679452468963,1.005009654753104,5,0.1
calendar_15,calendar,1,3,5,2.9563390033028827,1.0512385966971165,5,0.1
calendar_15,calendar,1,4,5,2.9788389984514385,1.0287386015485607,5,0.1
calendar_15,calendar,1,5,5,2.9478199413964994,1.0597576586034996,5,0.1
calendar_15,calendar,1,6,5,2.9566590203412297,1.0509185796587706,5,0.1
calendar_15,calendar,1,7,5,2.9343179794804564,1.0732596205195453,5,0.1
calendar_15,calendar,1,8,5,2.8561236745755805,1.15145392542442,5,0.1
calendar_15,calendar,1,9,5,3.1201449066084037,0.8874326933915977,5,0.1
calendar_15,calendar,1,0,6,3.092003936951442,0.915573663048558,5,0.1
calendar_15,calendar,1,1,6,2.861792628143085,1.145784971856915,5,0.1
calendar_15,calendar,1,2,6,2.900471036050098,1.1071065639499007,5,0.1
calendar_15,calendar,1,3,6,2.983640149139747,1.0239374508602537,5,0.1
calendar_15,calendar,1,4,6,3.0061932782074603,1.0013843217925391,5,0.1
calendar_15,calendar,1,5,6,2.945907405311642,1.0616701946883589,5,0.1
calendar_15,calendar,1,6,6,2.940388089504529,1.0671895104954718,5,0.1
calendar_15,calendar,1,7,6,2.865173288145357,1.1424043118546425,5,0.1
calendar_15,calendar,1,8,6,2.833209204906469,1.17436839509353,5,0.1
calendar_15,calendar,1,9,6,3.0156508320534336,0.9919267679465668,5,0.1
calendar_15,calendar,1,0,7,3.0628174894873927,0.944760110512607,5,0.1
calendar_15,calendar,1,1,7,2.834237553935622,1.1733400460643777,5,0.1
calendar_15,calendar,1,2,7,2.915340916498911,1.0922366835010884,5,0.1
calendar_15,calendar,1,3,7,2.9568769723145274,1.0507006276854731,5,0.1
calendar_15,calendar,1,4,7,2.9572662859365835,1.050311314063418,5,0.1
calendar_15,calendar,1,5,7,2.9662244164852107,1.0413531835147887,5,0.1
calendar_15,calendar,1,6,7,2.917130405935836,1.0904471940641656,5,0.1
calendar_15,calendar,1,7,7,2.8622784310175438,1.145299168982456,5,0.1
calendar_15,calendar,1,8,7,2.78839193871817,1.2191856612818293,5,0.1
calendar_15,calendar,1,9,7,3.0413113321725,0.9662662678274999,5,0.1
calendar_15,calendar,1,0,8,3.031229935074183,0.9763476649258173,5,0.1
calendar_15,calendar,1,1,8,2.6964444416558435,1.3111331583441563,5,0.1
calendar_15,calendar,1,2,8,2.856539602463318,1.1510379975366822,5,0.1
calendar_15,calendar,1,3,8,2.808874446029058,1.198703153970943,5,0.1
calendar_15,calendar,1,4,8,2.865073682626823,1.1425039173731772,5,0.1
calendar_15,calendar,1,5,8,2.8964285600131343,1.1111490399868666,5,0.1
calendar_15,calendar,1,6,8,2.8293549129765583,1.178222687023442,5,0.1
calendar_15,calendar,1,7,8,2.8524669186426714,1.155110681357328,5,0.1
calendar_15,calendar,1,8,8,2.7234577005382214,1.284119899461779,5,0.1
calendar_15,calendar,1,9,8,2.9505925526249466,1.0569850473750517,5,0.1
calendar_15,calendar,1,0,9,3.157047678193403,0.850529921806597,5,0.1
calendar_15,calendar,1,1,9,2.9971018934416964,1.0104757065583039,5,0.1
calendar_15,calendar,1,2,9,3.054122527813904,0.953455072186097,5,0.1
calendar_15,calendar,1,3,9,3.1352946740804084,0.8722829259195937,5,0.1
calendar_15,calendar,1,4,9,3.087507651980337,0.920069948019664,5,0.1
calendar_15,calendar,1,5,9,3.1030152866089145,0.9045623133910853,5,0.1
calendar_15,calendar,1,6,9,3.131450575068251,0.8761270249317494,5,0.1
calendar_15,calendar,1,7,9,3.096693851505198,0.9108837484948026,5,0.1
calendar_15,calendar,1,8,9,2.9819482606081325,1.0256293393918676,5,0.1
calendar_15,calendar,1,9,9,3.2033185838690375,0.8042590161309636,5,0.1
calendar_16,calendar,1,0,0,3.2170424647226388,0.7905351352773613,5,0.1
calendar_16,calendar,1,1,0,2.9625694029861793,1.0450081970138192,5,0.1
calendar_16,calendar,1,2,0,3.0800360112108884,0.9275415887891119,5,0.1
calendar_16,calendar,1,3,0,3.064861838627739,0.9427157613722615,5,0.1
calendar_16,calendar,1,4,0,3.1081550182892173,0.8994225817107828,5,0.1
calendar_16,calendar,1,5,0,3.1308396957198,0.8767379042802,5,0.1
calendar_16,calendar,1,6,0,3.1242365308733246,0.883341069126675,5,0.1
calendar_16,calendar,1,7,0,3.1146353034551284,0.8929422965448737,5,0.1
calendar_16,calendar,1,8,0,3.0452468692793797,0.962330730720621,5,0.1
calendar_16,calendar,1,9,0,3.1613171066388133,0.8462604933611878,5,0.1
calendar_16,calendar,1,0,1,3.0275738207831195,0.9800037792168805,5,0.1
calendar_16,calendar,1,1,1,2.810311141808536,1.1972664581914638,5,0.1
calendar_16,calendar,1,2,1,2.8052102650626485,1.2023673349373505,5,0.1
calendar_16,calendar,1,3,1,2.796746194626465,1.210831405373535,5,0.1
calendar_16,calendar,1,4,1,2.8554788436092657,1.1520987563907348,5,0.1
calendar_16,calendar,1,5,1,2.852885612791702,1.1546919872082977,5,0.1
calendar_16,calendar,1,6,1,2.89878238704768,1.1087952129523198,5,0.1
calendar_16,calendar,1,7,1,2.8043853980711435,1.203192201928855,5,0.1
calendar_16,calendar,1,8,1,2.736108282030938,1.2714693179690628,5,0.1
calendar_16,calendar,1,9,1,3.0071762369325374,1.0004013630674629,5,0.1
calendar_16,calendar,1,0,2,3.131725315383399,0.8758522846166021,5,0.1
calendar_16,calendar,1,1,2,2.8223787378648932,1.1851988621351068,5,0.1
calendar_16,calendar,1,2,2,2.8787202204245896,1.1288573795754113,5,0.1
calendar_16,calendar,1,3,2,2.9395269868820106,1.0680506131179903,5,0.1
calendar_16,calendar,1,4,2,2.9073832206360875,1.1001943793639126,5,0.1
calendar_16,calendar,1,5,2,2.9114464435114598,1.0961311564885403,5,0.1
calendar_16,calendar,1,6,2,2.920100831593172,1.0874767684068285,5,0.1
calendar_16,calendar,1,7,2,2.9235464055192937,1.084031194480705,5,0.1
calendar_16,calendar,1,8,2,2.782970810591995,1.224606789408005,5,0.1
calendar_16,calendar,1,9,2,3.06682674309529,0.9407508569047093,5,0.1
calendar_16,calendar,1,0,3,3.0494628784032023,0.9581147215967974,5,0.1
calendar_16,calendar,1,1,3,2.860342726124174,1.147234873875827,5,0.1
calendar_16,calendar,1,2,3,2.925296232644151,1.0822813673558491,5,0.1
calendar_16,calendar,1,3,3,2.898677335059606,1.1089002649403936,5,0.1
calendar_16,calendar,1,4,3,2.9583643041053787,1.0492132958946216,5,0.1
calendar_16,calendar,1,5,3,2.9644634314199876,1.0431141685800123,5,0.1
calendar_16,calendar,1,6,3,2.924903516307191,1.0826740836928084,5,0.1
calendar_16,calendar,1,7,3,2.900801511845444,1.1067760881545556,5,0.1
calendar_16,calendar,1,8,3,2.8365081106337113,1.1710694893662885,5,0.1
calendar_16,calendar,1,9,3,3.1538152986855224,0.8537623013144774,5,0.1
calendar_16,calendar,1,0,4,3.1149151683542704,0.892662431645731,5,0.1
calendar_16,calendar,1,1,4,2.7959366245473802,1.2116409754526192,5,0.1
calendar_16,calendar,1,2,4,2.9506327370565164,1.056944862943484,5,0.1
calendar_16,calendar,1,3,4,2.946857669280023,1.060719930719977,5,0.1
calendar_16,calendar,1,4,4,2.9357343757087153,1.071843224291285,5,0.1
calendar_16,calendar,1,5,4,2.961581082299228,1.0459965177007726,5,0.1
calendar_16,calendar,1,6,4,2.9481066461248138,1.0594709538751865,5,0.1
calendar_16,calendar,1,7,4,2.8926467915747343,1.114930808425265,5,0.1
calendar_16,calendar,1,8,4,2.835953492448536,1.171624107551463,5,0.1
calendar_16,calendar,1,9,4,3.0571557393061237,0.9504218606938761,5,0.1
calendar_16,calendar,1,0,5,3.128882898131502,0.8786947018684985,5,0.1
calendar_16,calendar,1,1,5,2.837217389295922,1.170360210704078,5,0.1
calendar_16,calendar,1,2,5,2.9542325098219964,1.053345090178004,5,0.1
calendar_16,calendar,1,3,5,2.9023703702948196,1.1052072297051798,5,0.1
calendar_16,calendar,1,4,5,2.899544382504,1.108033217496,5,0.1
calendar_16,calendar,1,5,5,2.953313723330404,1.0542638766695962,5,0.1
calendar_16,calendar,1,6,5,2.947875083248943,1.059702516751056,5,0.1
calendar_16,calendar,1,7,5,2.909060471866187,1.0985171281338135,5,0.1
calendar_16,calendar,1,8,5,2.8214556820857504,1.1861219179142501,5,0.1
calendar_16,calendar,1,9,5,3.1199985285125127,0.8875790714874893,5,0.1
calendar_16,calendar,1,0,6,3.186046114355563,0.8215314856444375,5,0.1
calendar_16,calendar,1,1,6,2.8332047247645797,1.1743728752354194,5,0.1
calendar_16,calendar,1,2,6,2.906584332262347,1.1009932677376528,5,0.1
calendar_16,calendar,1,3,6,2.9293551503007844,1.0782224496992152,5,0.1
calendar_16,calendar,1,4,6,2.93933229891477,1.0682453010852286,5,0.1
calendar_16,calendar,1,5,6,2.925342990295655,1.082234609704345,5,0.1
calendar_16,calendar,1,6,6,2.9041871299201953,1.1033904700798045,5,0.1
calendar_16,calendar,1,7,6,2.9714287548150087,1.0361488451849916,5,0.1
calendar_16,calendar,1,8,6,2.9247684244569276,1.0828091755430733,5,0.1
calendar_16,calendar,1,9,6,3.1625189225474073,0.8450586774525928,5,0.1
calendar_16,calendar,1,0,7,3.0927447112965183,0.9148328887034824,5,0.1
calendar_16,calendar,1,1,7,2.807371827102489,1.200205772897512,5,0.1
calendar_16,calendar,1,2,7,2.865496464804425,1.142081135195574,5,0.1
calendar_16,calendar,1,3,7,2.9173540149747095,1.0902235850252902,5,0.1
calendar_16,calendar,1,4,7,2.925215081900502,1.0823625180994974,5,0.1
calendar_16,calendar,1,5,7,2.9250141139231722,1.0825634860768283,5,0.1
calendar_16,calendar,1,6,7,2.9008612830582208,1.1067163169417784,5,0.1
calendar_16,calendar,1,7,7,2.9066796076193193,1.1008979923806819,5,0.1
calendar_16,calendar,1,8,7,2.854081543095371,1.1534960569046295,5,0.1
calendar_16,calendar,1,9,7,3.1244258855750324,0.8831517144249675,5,0.1
calendar_16,calendar,1,0,8,3.0025274771787736,1.005050122821226,5,0.1
calendar_16,calendar,1,1,8,2.778928702112144,1.2286488978878563,5,0.1
calendar_16,calendar,1,2,8,2.80027257336859,1.2073050266314105,5,0.1
calendar_16,calendar,1,3,8,2.91037330000059,1.0972042999994103,5,0.1
calendar_16,calendar,1,4,8,2.8207843451010595,1.1867932548989397,5,0.1
calendar_16,calendar,1,5,8,2.898520107494992,1.1090574925050076,5,0.1
calendar_16,calendar,1,6,8,2.8250966885572417,1.1824809114427581,5,0.1
calendar_16,calendar,1,7,8,2.7844833821441184,1.2230942178558828,5,0.1
calendar_16,calendar,1,8,8,2.7556721164627933,1.2519054835372065,5,0.1
calendar_16,calendar,1,9,8,3.028838639852127,0.9787389601478722,5,0.1
calendar_16,calendar,1,0,9,3.2172826396860286,0.7902949603139716,5,0.1
calendar_16,calendar,1,1,9,3.0389314618662975,0.9686461381337027,5,0.1
calendar_16,calendar,1,2,9,3.0682009576373233,0.9393766423626759,5,0.1
calendar_16,calendar,1,3,9,3.1404699696749105,0.8671076303250902,5,0.1
calendar_16,calendar,1,4,9,3.117409094490255,0.8901685055097442,5,0.1
calendar_16,calendar,1,5,9,3.0692786917123374,0.9382989082876629,5,0.1
calendar_16,calendar,1,6,9,3.0693242405474024,0.9382533594525982,5,0.1
calendar_16,calendar,1,7,9,3.0480715237942566,0.9595060762057445,5,0.1
calendar_16,calendar,1,8,9,2.966828066852876,1.0407495331471244,5,0.1
calendar_16,calendar,1,9,9,3.1810766147686422,0.8265009852313568,5,0.1
calendar_17,calendar,1,0,0,3.2573123156453887,0.7502652843546107,5,0.1
calendar_17,calendar,1,1,0,2.9727214788140164,1.0348561211859828,5,0.1
calendar_17,calendar,1,2,0,3.127159431772661,0.88041816822734,5,0.1
calendar_17,calendar,1,3,0,3.0938281857641488,0.913749414235851,5,0.1
calendar_17,calendar,1,4,0,3.0995468560615227,0.9080307439384775,5,0.1
calendar_17,calendar,1,5,0,3.03893844519762,0.9686391548023796,5,0.1
calendar_17,calendar,1,6,0,3.05714381415321,0.9504337858467901,5,0.1
calendar_17,calendar,1,7,0,3.101829160333229,0.9057484396667707,5,0.1
calendar_17,calendar,1,8,0,2.998298245767518,1.0092793542324827,5,0.1
calendar_17,calendar,1,9,0,3.2639008909053366,0.7436767090946635,5,0.1
calendar_17,calendar,1,0,1,2.9824431727773226,1.0251344272226768,5,0.1
calendar_17,calendar,1,1,1,2.7599620282973194,1.2476155717026796,5,0.1
calendar_17,calendar,1,2,1,2.8469644796637876,1.1606131203362129,5,0.1
calendar_17,calendar,1,3,1,2.8639354904680214,1.143642109531979,5,0.1
calendar_17,calendar,1,4,1,2.8572556920862335,1.1503219079137668,5,0.1
calendar_17,calendar,1,5,1,2.8262293551834334,1.1813482448165675,5,0.1
calendar_17,calendar,1,6,1,2.799849954596283,1.2077276454037178,5,0.1
calendar_17,calendar,1,7,1,2.8024755306488207,1.205102069351179,5,0.1
calendar_17,calendar,1,8,1,2.732490030372385,1.2750875696276145,5,0.1
calendar_17,calendar,1,9,1,2.977541676178179,1.0300359238218204,5,0.1
calendar_17,calendar,1,0,2,3.051539448125952,0.9560381518740476,5,0.1
calendar_17,calendar,1,1,2,2.8177742124634695,1.1898033875365306,5,0.1
calendar_17,calendar,1,2,2,2.855337277061297,1.152240322938703,5,0.1
calendar_17,calendar,1,3,2,2.8741779330014228,1.133399666998576,5,0.1
calendar_17,calendar,1,4,2,2.9016853171657355,1.1058922828342648,5,0.1
calendar_17,calendar,1,5,2,2.8457988549746114,1.1617787450253882,5,0.1
calendar_17,calendar,1,6,2,2.8560481456359073,1.151529454364093,5,0.1
calendar_17,calendar,1,7,2,2.911247982563264,1.0963296174367356,5,0.1
calendar_17,calendar,1,8,2,2.815888335108098,1.1916892648919026,5,0.1
calendar_17,calendar,1,9,2,3.051104873162326,0.9564727268376743,5,0.1
calendar_17,calendar,1,0,3,3.074957298746357,0.9326203012536438,5,0.1
calendar_17,calendar,1,1,3,2.855422756644552,1.1521548433554483,5,0.1
calendar_17,calendar,1,2,3,2.8891265112656983,1.1184510887343018,5,0.1
calendar_17,calendar,1,3,3,3.0028918288793776,1.0046857711206243,5,0.1
calendar_17,calendar,1,4,3,2.916467430369962,1.091110169630039,5,0.1
calendar_17,calendar,1,5,3,2.9568406001610334,1.0507369998389675,5,0.1
calendar_17,calendar,1,6,3,2.8770490169206893,1.130528583079311,5,0.1
calendar_17,calendar,1,7,3,2.9155310223316655,1.0920465776683346,5,0.1
calendar_17,calendar,1,8,3,2.804533668470053,1.203043931529947,5,0.1
calendar_17,calendar,1,9,3,3.1246540921047385,0.8829235078952611,5,0.1
calendar_17,calendar,1,0,4,3.0934211086203294,0.9141564913796708,5,0.1
calendar_17,calendar,1,1,4,2.882003314398012,1.1255742856019872,5,0.1
calendar_17,calendar,1,2,4,2.9431255019627485,1.0644520980372505,5,0.1
calendar_17,calendar,1,3,4,2.87597464505858,1.131602954941419,5,0.1
calendar_17,calendar,1,4,4,2.9167193090978536,1.0908582909021467,5,0.1
calendar_17,calendar,1,5,4,2.932159473278286,1.0754181267217144,5,0.1
calendar_17,calendar,1,6,4,2.9796932062477293,1.02788439375227,5,0.1
calendar_17,calendar,1,7,4,2.9612199921384876,1.0463576078615124,5,0.1
calendar_17,calendar,1,8,4,2.8583148484181105,1.149262751581889,5,0.1
calendar_17,calendar,1,9,4,3.093424625053797,0.9141529749462035,5,0.1
calendar_17,calendar,1,0,5,3.043876040232293,0.9637015597677068,5,0.1
calendar_17,calendar,1,1,5,2.8819858120940625,1.1255917879059372,5,0.1
calendar_17,calendar,1,2,5,2.999103610439768,1.008473989560233,5,0.1
calendar_17,calendar,1,3,5,2.9441654375098434,1.0634121624901578,5,0.1
calendar_17,calendar,1,4,5,2.9583517226123424,1.0492258773876575,5,0.1
calendar_17,calendar,1,5,5,2.9524996820382086,1.0550779179617924,5,0.1
calendar_17,calendar,1,6,5,2.9397870866974958,1.067790513302503,5,0.1
calendar_17,calendar,1,7,5,2.8847767346523425,1.1228008653476569,5,0.1
calendar_17,calendar,1,8,5,2.951018947512057,1.0565586524879438,5,0.1
calendar_17,calendar,1,9,5,3.0922507486485347,0.9153268513514661,5,0.1
calendar_17,calendar,1,0,6,3.132599871452586,0.8749777285474128,5,0.1
calendar_17,calendar,1,1,6,2.8933696367366775,1.1142079632633215,5,0.1
calendar_17,calendar,1,2,6,2.9607937991329902,1.0467838008670092,5,0.1
calendar_17,calendar,1,3,6,2.9114410001645674,1.0961365998354327,5,0.1
calendar_17,calendar,1,4,6,2.9686123534141986,1.038965246585802,5,0.1
calendar_17,calendar,1,5,6,2.950194115450081,1.0573834845499193,5,0.1
calendar_17,calendar,1,6,6,2.959334498662589,1.048243101337411,5,0.1
calendar_17,calendar,1,7,6,2.9691479378783634,1.0384296621216367,5,0.1
calendar_17,calendar,1,8,6,2.8687628665181046,1.1388147334818945,5,0.1
calendar_17,calendar,1,9,6,3.1414897466367178,0.8660878533632814,5,0.1
calendar_17,calendar,1,0,7,3.178330477418715,0.8292471225812844,5,0.1
calendar_17,calendar,1,1,7,2.865933523372019,1.14164407662798,5,0.1
calendar_17,calendar,1,2,7,2.8917796051682454,1.115797994831754,5,0.1
calendar_17,calendar,1,3,7,2.9212091687352233,1.0863684312647754,5,0.1
calendar_17,calendar,1,4,7,2.9224139632879385,1.0851636367120627,5,0.1
calendar_17,calendar,1,5,7,2.953758054858174,1.0538195451418257,5,0.1
calendar_17,calendar,1,6,7,2.8814099310565457,1.1261676689434543,5,0.1
calendar_17,calendar,1,7,7,2.8941927491687607,1.1133848508312385,5,0.1
calendar_17,calendar,1,8,7,2.8455829384194864,1.1619946615805137,5,0.1
calendar_17,calendar,1,9,7,3.06670786231013,0.9408697376898713,5,0.1
calendar_17,calendar,1,0,8,3.0234802447368994,0.9840973552630999,5,0.1
calendar_17,calendar,1,1,8,2.6851858155887043,1.3223917844112965,5,0.1
calendar_17,calendar,1,2,8,2.7520365171344525,1.2555410828655469,5,0.1
calendar_17,calendar,1,3,8,2.795448508128523,1.2121290918714762,5,0.1
calendar_17,calendar,1,4,8,2.857344346189981,1.1502332538100195,5,0.1
calendar_17,calendar,1,5,8,2.901220345167302,1.1063572548326974,5,0.1
calendar_17,calendar,1,6,8,2.8025538714485556,1.2050237285514458,5,0.1
calendar_17,calendar,1,7,8,2.811688013427983,1.1958895865720165,5,0.1
calendar_17,calendar,1,8,8,2.7459625359525397,1.2616150640474613,5,0.1
calendar_17,calendar,1,9,8,2.9926944329702816,1.0148831670297194,5,0.1
calendar_17,calendar,1,0,9,3.1745787032876644,0.8329988967123358,5,0.1
calendar_17,calendar,1,1,9,3.0337235575514145,0.9738540424485862,5,0.1
calendar_17,calendar,1,2,9,3.060704989266728,0.9468726107332729,5,0.1
calendar_17,calendar,1,3,9,3.0184027063355696,0.9891748936644297,5,0.1
calendar_17,calendar,1,4,9,3.0704087745541977,0.9371688254458027,5,0.1
calendar_17,calendar,1,5,9,3.077673643120586,0.9299039568794152,5,0.1
calendar_17,calendar,1,6,9,3.057902814692749,0.9496747853072506,5,0.1
calendar_17,calendar,1,7,9,3.069263980542448,0.9383136194575517,5,0.1
calendar_17,calendar,1,8,9,2.9516627189372797,1.055914881062719,5,0.1
calendar_17,calendar,1,9,9,3.204509198514288,0.8030684014857122,5,0.1
calendar_18,calendar,2,0,0,3.1293943162926245,0.8781832837073775,5,0.19999999999999998
calendar_18,calendar,2,1,0,2.8517703764751103,1.1558072235248897,5,0.19999999999999998
calendar_18,calendar,2,2,0,2.9355617432951413,1.0720158567048579,5,0.19999999999999998
calendar_18,calendar,2,3,0,2.888474177120161,1.1191034228798384,5,0.19999999999999998
calendar_18,calendar,2,4,0,2.8562739407742925,1.1513036592257082,5,0.19999999999999998
calendar_18,calendar,2,5,0,2.907850791323867,1.0997268086761325,5,0.19999999999999998
calendar_18,calendar,2,6,0,2.8836633840437624,1.1239142159562374,5,0.19999999999999998
calendar_18,calendar,2,7,0,2.9204123228126075,1.0871652771873916,5,0.19999999999999998
calendar_18,calendar,2,8,0,2.8944089433994633,1.1131686566005368,5,0.19999999999999998
calendar_18,calendar,2,9,0,3.096841130369583,0.9107364696304184,5,0.19999999999999998
calendar_18,calendar,2,0,1,2.8271024507338747,1.1804751492661258,5,0.19999999999999998
calendar_18,calendar,2,1,1,2.5340633525776295,1.4735142474223708,5,0.19999999999999998
calendar_18,calendar,2,2,1,2.6295149577007204,1.3780626422992814,5,0.19999999999999998
calendar_18,calendar,2,3,1,2.6564486894271284,1.3511289105728725,5,0.19999999999999998
calendar_18,calendar,2,4,1,2.677582944316692,1.3299946556833093,5,0.19999999999999998
calendar_18,calendar,2,5,1,2.6613582339940884,1.3462193660059112,5,0.19999999999999998
calendar_18,calendar,2,6,1,2.6654283195691835,1.3421492804308164,5,0.19999999999999998
calendar_18,calendar,2,7,1,2.6473226107357157,1.360254989264285,5,0.19999999999999998
calendar_18,calendar,2,8,1,2.546792824465468,1.4607847755345327,5,0.19999999999999998
calendar_18,calendar,2,9,1,2.8042460409071572,1.2033315590928424,5,0.19999999999999998
calendar_18,calendar,2,0,2,2.8972856004360525,1.1102919995639478,5,0.19999999999999998
calendar_18,calendar,2,1,2,2.6077843733849786,1.3997932266150233,5,0.19999999999999998
calendar_18,calendar,2,2,2,2.7413603361629955,1.2662172638370042,5,0.19999999999999998
calendar_18,calendar,2,3,2,2.7919250857138436,1.2156525142861576,5,0.19999999999999998
calendar_18,calendar,2,4,2,2.7134779425800155,1.2940996574199843,5,0.19999999999999998
calendar_18,calendar,2,5,2,2.7530945984974085,1.2544830015025918,5,0.19999999999999998
calendar_18,calendar,2,6,2,2.7270631597530635,1.2805144402469373,5,0.19999999999999998
calendar_18,calendar,2,7,2,2.735918656046885,1.271658943953115,5,0.19999999999999998
calendar_18,calendar,2,8,2,2.5648879841935424,1.4426896158064588,5,0.19999999999999998
calendar_18,calendar,2,9,2,2.937311248392703,1.0702663516072952,5,0.19999999999999998
calendar_18,calendar,2,0,3,2.9131172137240022,1.094460386275998,5,0.19999999999999998
calendar_18,calendar,2,1,3,2.6678688447300387,1.3397087552699611,5,0.19999999999999998
calendar_18,calendar,2,2,3,2.738503591469806,1.2690740085301935,5,0.19999999999999998
calendar_18,calendar,2,3,3,2.8191316988026416,1.1884459011973574,5,0.19999999999999998
calendar_18,calendar,2,4,3,2.7384233556705566,1.269154244329443,5,0.19999999999999998
calendar_18,calendar,2,5,3,2.7658502446338957,1.2417273553661046,5,0.19999999999999998
calendar_18,calendar,2,6,3,2.7804915303581335,1.2270860696418655,5,0.19999999999999998
calendar_18,calendar,2,7,3,2.7105003944577635,1.297077205542237,5,0.19999999999999998
calendar_18,calendar,2,8,3,2.7097595761921354,1.2978180238078647,5,0.19999999999999998
calendar_18,calendar,2,9,3,2.9674907009693885,1.040086899030613,5,0.19999999999999998
calendar_18,calendar,2,0,4,2.938148132437387,1.0694294675626137,5,0.19999999999999998
calendar_18,calendar,2,1,4,2.6961484008263152,1.3114291991736848,5,0.19999999999999998
calendar_18,calendar,2,2,4,2.7304142086195613,1.2771633913804386,5,0.19999999999999998
calendar_18,calendar,2,3,4,2.704701604763053,1.3028759952369482,5,0.19999999999999998
calendar_18,calendar,2,4,4,2.7741478317328347,1.2334297682671647,5,0.19999999999999998
calendar_18,calendar,2,5,4,2.769222287853734,1.2383553121462665,5,0.19999999999999998
calendar_18,calendar,2,6,4,2.7425160423903674,1.2650615576096325,5,0.19999999999999998
calendar_18,calendar,2,7,4,2.7154284159327977,1.2921491840672024,5,0.19999999999999998
calendar_18,calendar,2,8,4,2.7052749808323813,1.3023026191676177,5,0.19999999999999998
calendar_18,calendar,2,9,4,2.9210815198092552,1.0864960801907437,5,0.19999999999999998
calendar_18,calendar,2,0,5,2.919440856512324,1.0881367434876754,5,0.19999999999999998
calendar_18,calendar,2,1,5,2.6735308173650663,1.334046782634933,5,0.19999999999999998
calendar_18,calendar,2,2,5,2.8018673833081125,1.2057102166918885,5,0.19999999999999998
calendar_18,calendar,2,3,5,2.7238520021923835,1.2837255978076159,5,0.19999999999999998
calendar_18,calendar,2,4,5,2.769468498463957,1.238109101536043,5,0.19999999999999998
calendar_18,calendar,2,5,5,2.7917231272790275,1.215854472720972,5,0.19999999999999998
calendar_18,calendar,2,6,5,2.7521116345815306,1.2554659654184686,5,0.19999999999999998
calendar_18,calendar,2,7,5,2.7475043493535654,1.2600732506464336,5,0.19999999999999998
calendar_18,calendar,2,8,5,2.6135611263835,1.3940164736165002,5,0.19999999999999998
calendar_18,calendar,2,9,5,2.9686154447795174,1.038962155220482,5,0.19999999999999998
calendar_18,calendar,2,0,6,2.85717939578213,1.1503982042178693,5,0.19999999999999998
calendar_18,calendar,2,1,6,2.5963945881498955,1.411183011850104,5,0.19999999999999998
calendar_18,calendar,2,2,6,2.7422991971749706,1.2652784028250297,5,0.19999999999999998
calendar_18,calendar,2,3,6,2.7516755716514925,1.2559020283485078,5,0.19999999999999998
calendar_18,calendar,2,4,6,2.77816144612955,1.229416153870451,5,0.19999999999999998
calendar_18,calendar,2,5,6,2.834423415575373,1.1731541844246258,5,0.19999999999999998
calendar_18,calendar,2,6,6,2.7809600570187123,1.2266175429812878,5,0.19999999999999998
calendar_18,calendar,2,7,6,2.7260863679078287,1.2814912320921712,5,0.19999999999999998
calendar_18,calendar,2,8,6,2.6475430279929584,1.3600345720070428,5,0.19999999999999998
calendar_18,calendar,2,9,6,2.9195629909692236,1.0880146090307756,5,0.19999999999999998
calendar_18,calendar,2,0,7,2.851086161209164,1.1564914387908356,5,0.19999999999999998
calendar_18,calendar,2,1,7,2.6126121530916526,1.394965446908347,5,0.19999999999999998
calendar_18,calendar,2,2,7,2.6812279472051914,1.3263496527948078,5,0.19999999999999998
calendar_18,calendar,2,3,7,2.7077651832375533,1.2998124167624463,5,0.19999999999999998
calendar_18,calendar,2,4,7,2.749805005706561,1.2577725942934395,5,0.19999999999999998
calendar_18,calendar,2,5,7,2.7979862445528507,1.2095913554471494,5,0.19999999999999998
calendar_18,calendar,2,6,7,2.7442997868778973,1.2632778131221019,5,0.19999999999999998
calendar_18,calendar,2,7,7,2.6463786673647234,1.3611989326352765,5,0.19999999999999998
calendar_18,calendar,2,8,7,2.677941554680329,1.3296360453196712,5,0.19999999999999998
calendar_18,calendar,2,9,7,2.891814349029143,1.1157632509708573,5,0.19999999999999998
calendar_18,calendar,2,0,8,2.8632211569517656,1.1443564430482345,5,0.19999999999999998
calendar_18,calendar,2,1,8,2.553839134606029,1.453738465393971,5,0.19999999999999998
calendar_18,calendar,2,2,8,2.643934096326693,1.3636435036733077,5,0.19999999999999998
calendar_18,calendar,2,3,8,2.620044479740961,1.3875331202590397,5,0.19999999999999998
calendar_18,calendar,2,4,8,2.6915665324722813,1.3160110675277183,5,0.19999999999999998
calendar_18,calendar,2,5,8,2.7693609705346853,1.2382166294653147,5,0.19999999999999998
calendar_18,calendar,2,6,8,2.6059429232246947,1.401634676775306,5,0.19999999999999998
calendar_18,calendar,2,7,8,2.580236210867256,1.4273413891327444,5,0.19999999999999998
calendar_18,calendar,2,8,8,2.567341230446934,1.4402363695530664,5,0.19999999999999998
calendar_18,calendar,2,9,8,2.809168535005184,1.1984090649948163,5,0.19999999999999998
calendar_18,calendar,2,0,9,3.1736052606236984,0.8339723393763009,5,0.19999999999999998
calendar_18,calendar,2,1,9,2.8356032341342607,1.1719743658657396,5,0.19999999999999998
calendar_18,calendar,2,2,9,2.9009644414704416,1.1066131585295584,5,0.19999999999999998
calendar_18,calendar,2,3,9,2.963544368100256,1.0440332318997443,5,0.19999999999999998
calendar_18,calendar,2,4,9,2.969390669693684,1.0381869303063178,5,0.19999999999999998
calendar_18,calendar,2,5,9,2.9517485576186915,1.055829042381308,5,0.19999999999999998
calendar_18,calendar,2,6,9,2.9624757148321725,1.0451018851678269,5,0.19999999999999998
calendar_18,calendar,2,7,9,2.8860872762933103,1.12149032370669,5,0.19999999999999998
calendar_18,calendar,2,8,9,2.817074835236959,1.1905027647630404,5,0.19999999999999998
calendar_18,calendar,2,9,9,3.1214136270436224,0.8861639729563768,5,0.19999999999999998
calendar_15,calendar,2,0,0,3.108597671477875,0.8989799285221254,5,0.19999999999999998
calendar_15,calendar,2,1,0,2.8662118983081006,1.1413657016918999,5,0.19999999999999998
calendar_15,calendar,2,2,0,2.9180157186115365,1.0895618813884629,5,0.19999999999999998
calendar_15,calendar,2,3,0,2.9336419688430335,1.0739356311569657,5,0.19999999999999998
calendar_15,calendar,2,4,0,3.041303413908652,0.9662741860913492,5,0.19999999999999998
calendar_15,calendar,2,5,0,2.9455595721878463,1.0620180278121532,5,0.19999999999999998
calendar_15,calendar,2,6,0,2.9699451650432422,1.037632434956758,5,0.19999999999999998
calendar_15,calendar,2,7,0,2.8845534573830593,1.1230241426169416,5,0.19999999999999998
calendar_15,calendar,2,8,0,2.882555161709281,1.1250224382907186,5,0.19999999999999998
calendar_15,calendar,2,9,0,3.0971751372511402,0.9104024627488597,5,0.19999999999999998
calendar_15,calendar,2,0,1,2.8991921008974635,1.1083854991025375,5,0.19999999999999998
calendar_15,calendar,2,1,1,2.576915493633476,1.4306621063665241,5,0.19999999999999998
calendar_15,calendar,2,2,1,2.5925955167865875,1.4149820832134123,5,0.19999999999999998
calendar_15,calendar,2,3,1,2.70444281601343,1.3031347839865703,5,0.19999999999999998
calendar_15,calendar,2,4,1,2.6634845058645626,1.3440930941354383,5,0.19999999999999998
calendar_15,calendar,2,5,1,2.7228820917302263,1.2846955082697742,5,0.19999999999999998
calendar_15,calendar,2,6,1,2.6700166232382565,1.3375609767617436,5,0.19999999999999998
calendar_15,calendar,2,7,1,2.6482789735054015,1.359298626494599,5,0.19999999999999998
calendar_15,calendar,2,8,1,2.558808013848909,1.448769586151092,5,0.19999999999999998
calendar_15,calendar,2,9,1,2.800981220456135,1.2065963795438652,5,0.19999999999999998
calendar_15,calendar,2,0,2,2.9541246831009778,1.0534529168990225,5,0.19999999999999998
calendar_15,calendar,2,1,2,2.650527317904668,1.3570502820953323,5,0.19999999999999998
calendar_15,calendar,2,2,2,2.659507880656174,1.3480697193438251,5,0.19999999999999998
calendar_15,calendar,2,3,2,2.6760308721519928,1.3315467278480062,5,0.19999999999999998
calendar_15,calendar,2,4,2,2.7438334325209808,1.2637441674790193,5,0.19999999999999998
calendar_15,calendar,2,5,2,2.719415453351181,1.2881621466488185,5,0.19999999999999998
calendar_15,calendar,2,6,2,2.7289285588571404,1.2786490411428593,5,0.19999999999999998
calendar_15,calendar,2,7,2,2.6844067221087937,1.323170877891206,5,0.19999999999999998
calendar_15,calendar,2,8,2,2.6381794066272146,1.3693981933727855,5,0.19999999999999998
calendar_15,calendar,2,9,2,2.9055257705533744,1.1020518294466257,5,0.19999999999999998
calendar_15,calendar,2,0,3,2.9057054155355027,1.1018721844644974,5,0.19999999999999998
calendar_15,calendar,2,1,3,2.6467216947795755,1.3608559052204263,5,0.19999999999999998
calendar_15,calendar,2,2,3,2.7063521592093953,1.3012254407906054,5,0.19999999999999998
calendar_15,calendar,2,3,3,2.7487383856964063,1.2588392143035945,5,0.19999999999999998
calendar_15,calendar,2,4,3,2.781237129490761,1.2263404705092398,5,0.19999999999999998
calendar_15,calendar,2,5,3,2.783156294465573,1.2244213055344277,5,0.19999999999999998
calendar_15,calendar,2,6,3,2.759503570136102,1.2480740298638977,5,0.19999999999999998
calendar_15,calendar,2,7,3,2.729734420799415,1.2778431792005858,5,0.19999999999999998
calendar_15,calendar,2,8,3,2.637734177806123,1.3698434221938787,5,0.19999999999999998
calendar_15,calendar,2,9,3,2.9370503313694383,1.0705272686305614,5,0.19999999999999998
calendar_15,calendar,2,0,4,3.0168332466288637,0.9907443533711364,5,0.19999999999999998
calendar_15,calendar,2,1,4,2.6748363395465207,1.3327412604534803,5,0.19999999999999998
calendar_15,calendar,2,2,4,2.7214655249254815,1.2861120750745179,5,0.19999999999999998
calendar_15,calendar,2,3,4,2.7264060096367455,1.2811715903632532,5,0.19999999999999998
calendar_15,calendar,2,4,4,2.771368368510627,1.236209231489372,5,0.19999999999999998
calendar_15,calendar,2,5,4,2.7400417632649954,1.2675358367350047,5,0.19999999999999998
calendar_15,calendar,2,6,4,2.74411542008492,1.2634621799150798,5,0.19999999999999998
calendar_15,calendar,2,7,4,2.7490602390103125,1.2585173609896871,5,0.19999999999999998
calendar_15,calendar,2,8,4,2.6809428308686445,1.326634769131356,5,0.19999999999999998
calendar_15,calendar,2,9,4,2.9338369063598897,1.0737406936401104,5,0.19999999999999998
calendar_15,calendar,2,0,5,2.9916653594091662,1.0159122405908325,5,0.19999999999999998
calendar_15,calendar,2,1,5,2.686156989095196,1.321420610904804,5,0.19999999999999998
calendar_15,calendar,2,2,5,2.7356595829280956,1.2719180170719044,5,0.19999999999999998
calendar_15,calendar,2,3,5,2.7599806866409944,1.2475969133590055,5,0.19999999999999998
calendar_15,calendar,2,4,5,2.8243343334154805,1.1832432665845205,5,0.19999999999999998
calendar_15,calendar,2,5,5,2.7636223378538767,1.2439552621461234,5,0.19999999999999998
calendar_15,calendar,2,6,5,2.7532738439780196,1.2543037560219807,5,0.19999999999999998
calendar_15,calendar,2,7,5,2.711719494649808,1.2958581053501916,5,0.19999999999999998
calendar_15,calendar,2,8,5,2.634047346547123,1.373530253452878,5,0.19999999999999998
calendar_15,calendar,2,9,5,2.987163799404567,1.0204138005954326,5,0.19999999999999998
calendar_15,calendar,2,0,6,2.9131228452902156,1.0944547547097832,5,0.19999999999999998
calendar_15,calendar,2,1,6,2.675403914707416,1.332173685292584,5,0.19999999999999998
calendar_15,calendar,2,2,6,2.772732292202956,1.2348453077970434,5,0.19999999999999998
calendar_15,calendar,2,3,6,2.7753182932392986,1.2322593067607015,5,0.19999999999999998
calendar_15,calendar,2,4,6,2.8640551477461793,1.1435224522538223,5,0.19999999999999998
calendar_15,calendar,2,5,6,2.8434840061938873,1.1640935938061139,5,0.19999999999999998
calendar_15,calendar,2,6,6,2.7334510901163016,1.2741265098836985,5,0.19999999999999998
calendar_15,calendar,2,7,6,2.716320072828722,1.2912575271712776,5,0.19999999999999998
calendar_15,calendar,2,8,6,2.7120945688124367,1.2954830311875645,5,0.19999999999999998
calendar_15,calendar,2,9,6,2.9470135610302135,1.0605640389697866,5,0.19999999999999998
calendar_15,calendar,2,0,7,2.893992038442519,1.1135855615574828,5,0.19999999999999998
calendar_15,calendar,2,1,7,2.597242052529925,1.4103355474700758,5,0.19999999999999998
calendar_15,calendar,2,2,7,2.748472034508328,1.2591055654916712,5,0.19999999999999998
calendar_15,calendar,2,3,7,2.8100422257283397,1.1975353742716608,5,0.19999999999999998
calendar_15,calendar,2,4,7,2.7473416690539874,1.260235930946013,5,0.19999999999999998
calendar_15,calendar,2,5,7,2.796284952549205,1.2112926474507941,5,0.19999999999999998
calendar_15,calendar,2,6,7,2.7048871196975943,1.3026904803024062,5,0.19999999999999998
calendar_15,calendar,2,7,7,2.685283263753862,1.3222943362461375,5,0.19999999999999998
calendar_15,calendar,2,8,7,2.6185585164555567,1.3890190835444431,5,0.19999999999999998
calendar_15,calendar,2,9,7,2.81969112089727,1.1878864791027304,5,0.19999999999999998
calendar_15,calendar,2,0,8,2.739078605882196,1.2684989941178046,5,0.19999999999999998
calendar_15,calendar,2,1,8,2.546695537316732,1.4608820626832681,5,0.19999999999999998
calendar_15,calendar,2,2,8,2.709735044887999,1.2978425551120014,5,0.19999999999999998
calendar_15,calendar,2,3,8,2.7021862232876437,1.3053913767123562,5,0.19999999999999998
calendar_15,calendar,2,4,8,2.7448126805846136,1.2627649194153865,5,0.19999999999999998
calendar_15,calendar,2,5,8,2.6608754031830055,1.3467021968169939,5,0.19999999999999998
calendar_15,calendar,2,6,8,2.677466568877339,1.330111031122663,5,0.19999999999999998
calendar_15,calendar,2,7,8,2.61317742356159,1.3944001764384104,5,0.19999999999999998
calendar_15,calendar,2,8,8,2.5397540172001527,1.4678235827998483,5,0.19999999999999998
calendar_15,calendar,2,9,8,2.764502235805244,1.2430753641947565,5,0.19999999999999998
calendar_15,calendar,2,0,9,3.053901815591923,0.9536757844080777,5,0.19999999999999998
calendar_15,calendar,2,1,9,2.7982087697366307,1.209368830263369,5,0.19999999999999998
calendar_15,calendar,2,2,9,2.9155246541856594,1.0920529458143404,5,0.19999999999999998
calendar_15,calendar,2,3,9,3.0276834147601277,0.979894185239871,5,0.19999999999999998
calendar_15,calendar,2,4,9,2.9498113768994974,1.0577662231005014,5,0.19999999999999998
calendar_15,calendar,2,5,9,2.9937293032148156,1.0138482967851847,5,0.19999999999999998
calendar_15,calendar,2,6,9,2.8850868225090442,1.122490777490956,5,0.19999999999999998
calendar_15,calendar,2,7,9,2.9759081510319674,1.0316694489680323,5,0.19999999999999998
calendar_15,calendar,2,8,9,2.8026064150409478,1.2049711849590516,5,0.19999999999999998
calendar_15,calendar,2,9,9,3.106985650893185,0.9005919491068156,5,0.19999999999999998
calendar_16,calendar,2,0,0,3.1118377875388745,0.8957398124611274,5,0.19999999999999998
calendar_16,calendar,2,1,0,2.929197945695221,1.0783796543047797,5,0.19999999999999998
calendar_16,calendar,2,2,0,2.929593823511637,1.0779837764883615,5,0.19999999999999998
calendar_16,calendar,2,3,0,3.0204605232421704,0.9871170767578289,5,0.19999999999999998
calendar_16,calendar,2,4,0,2.9358106444002554,1.0717669555997449,5,0.19999999999999998
calendar_16,calendar,2,5,0,2.90790141229,1.0996761877099988,5,0.19999999999999998
calendar_16,calendar,2,6,0,2.980743030425645,1.0268345695743555,5,0.19999999999999998
calendar_16,calendar,2,7,0,2.8665378681348064,1.141039731865195,5,0.19999999999999998
calendar_16,calendar,2,8,0,2.7942077020140643,1.213369897985936,5,0.19999999999999998
calendar_16,calendar,2,9,0,3.1236776165356077,0.883899983464392,5,0.19999999999999998
calendar_16,calendar,2,0,1,2.798775808336521,1.2088017916634801,5,0.19999999999999998
calendar_16,calendar,2,1,1,2.5870707685721057,1.4205068314278944,5,0.19999999999999998
calendar_16,calendar,2,2,1,2.6492585685394965,1.3583190314605043,5,0.19999999999999998
calendar_16,calendar,2,3,1,2.656176397346434,1.3514012026535664,5,0.19999999999999998
calendar_16,calendar,2,4,1,2.6470460060922214,1.3605315939077787,5,0.19999999999999998
calendar_16,calendar,2,5,1,2.5942826708994318,1.4132949291005696,5,0.19999999999999998
calendar_16,calendar,2,6,1,2.6385342654828765,1.3690433345171247,5,0.19999999999999998
calendar_16,calendar,2,7,1,2.619200016858918,1.3883775831410827,5,0.19999999999999998
calendar_16,calendar,2,8,1,2.480410478944334,1.527167121055666,5,0.19999999999999998
calendar_16,calendar,2,9,1,2.8150868758037397,1.1924907241962606,5,0.19999999999999998
calendar_16,calendar,2,0,2,2.954904913848821,1.0526726861511784,5,0.19999999999999998
calendar_16,calendar,2,1,2,2.6352859051800754,1.3722916948199244,5,0.19999999999999998
calendar_16,calendar,2,2,2,2.7328223532349,1.2747552467651,5,0.19999999999999998
calendar_16,calendar,2,3,2,2.773892470743744,1.233685129256256,5,0.19999999999999998
calendar_16,calendar,2,4,2,2.761451341213948,1.246126258786051,5,0.19999999999999998
calendar_16,calendar,2,5,2,2.720290280955909,1.2872873190440917,5,0.19999999999999998
calendar_16,calendar,2,6,2,2.7305866007551276,1.2769909992448718,5,0.19999999999999998
calendar_16,calendar,2,7,2,2.652134715255806,1.3554428847441948,5,0.19999999999999998
calendar_16,calendar,2,8,2,2.5914063017341205,1.416171298265879,5,0.19999999999999998
calendar_16,calendar,2,9,2,2.8629384037521532,1.1446391962478466,5,0.19999999999999998
calendar_16,calendar,2,0,3,2.9916948735879534,1.0158827264120465,5,0.19999999999999998
calendar_16,calendar,2,1,3,2.6477347546110988,1.3598428453889009,5,0.19999999999999998
calendar_16,calendar,2,2,3,2.7268850554916955,1.2806925445083048,5,0.19999999999999998
calendar_16,calendar,2,3,3,2.744199858396732,1.2633777416032683,5,0.19999999999999998
calendar_16,calendar,2,4,3,2.798441906221851,1.2091356937781494,5,0.19999999999999998
calendar_16,calendar,2,5,3,2.7972768945239297,1.2103007054760706,5,0.19999999999999998
calendar_16,calendar,2,6,3,2.715898340791509,1.2916792592084911,5,0.19999999999999998
calendar_16,calendar,2,7,3,2.7368842538311196,1.270693346168881,5,0.19999999999999998
calendar_16,calendar,2,8,3,2.6960077710867654,1.3115698289132345,5,0.19999999999999998
calendar_16,calendar,2,9,3,2.8615792679289043,1.1459983320710947,5,0.19999999999999998
calendar_16,calendar,2,0,4,2.9035437164691174,1.1040338835308838,5,0.19999999999999998
calendar_16,calendar,2,1,4,2.6324998039336203,1.375077796066381,5,0.19999999999999998
calendar_16,calendar,2,2,4,2.7140663692087723,1.2935112307912269,5,0.19999999999999998
calendar_16,calendar,2,3,4,2.784556231705782,1.2230213682942173,5,0.19999999999999998
calendar_16,calendar,2,4,4,2.747345643713483,1.2602319562865163,5,0.19999999999999998
calendar_16,calendar,2,5,4,2.8084833569538024,1.1990942430461986,5,0.19999999999999998
calendar_16,calendar,2,6,4,2.711511295630497,1.2960663043695035,5,0.19999999999999998
calendar_16,calendar,2,7,4,2.6968894712656373,1.3106881287343621,5,0.19999999999999998
calendar_16,calendar,2,8,4,2.659389552127653,1.3481880478723471,5,0.19999999999999998
calendar_16,calendar,2,9,4,2.9614388487762815,1.046138751223719,5,0.19999999999999998
calendar_16,calendar,2,0,5,2.857945262072361,1.1496323379276374,5,0.19999999999999998
calendar_16,calendar,2,1,5,2.566794153049499,1.440783446950501,5,0.19999999999999998
calendar_16,calendar,2,2,5,2.687739611739587,1.3198379882604134,5,0.19999999999999998
calendar_16,calendar,2,3,5,2.720186170264922,1.2873914297350777,5,0.19999999999999998
calendar_16,calendar,2,4,5,2.7673204964000626,1.2402571035999388,5,0.19999999999999998
calendar_16,calendar,2,5,5,2.74037855285351,1.2671990471464893,5,0.19999999999999998
calendar_16,calendar,2,6,5,2.7779613520954487,1.2296162479045514,5,0.19999999999999998
calendar_16,calendar,2,7,5,2.6935719961141826,1.3140056038858179,5,0.19999999999999998
calendar_16,calendar,2,8,5,2.6000276121117087,1.4075499878882913,5,0.19999999999999998
calendar_16,calendar,2,9,5,2.9499813771802614,1.0575962228197378,5,0.19999999999999998
calendar_16,calendar,2,0,6,2.876106769080012,1.1314708309199888,5,0.19999999999999998
calendar_16,calendar,2,1,6,2.609196969872182,1.398380630127818,5,0.19999999999999998
calendar_16,calendar,2,2,6,2.64473993740256,1.36283766259744,5,0.19999999999999998
calendar_16,calendar,2,3,6,2.76541457718171,1.242163022818289,5,0.19999999999999998
calendar_16,calendar,2,4,6,2.7111911601059786,1.29638643989402,5,0.19999999999999998
calendar_16,calendar,2,5,6,2.7704734086998393,1.2371041913001617,5,0.19999999999999998
calendar_16,calendar,2,6,6,2.8108031032405765,1.1967744967594234,5,0.19999999999999998
calendar_16,calendar,2,7,6,2.8234581309062996,1.1841194690936996,5,0.19999999999999998
calendar_16,calendar,2,8,6,2.6970705727624953,1.3105070272375037,5,0.19999999999999998
calendar_16,calendar,2,9,6,2.862926933270866,1.1446506667291338,5,0.19999999999999998
calendar_16,calendar,2,0,7,2.9217821853266925,1.0857954146733066,5,0.19999999999999998
calendar_16,calendar,2,1,7,2.6573131371395062,1.3502644628604943,5,0.19999999999999998
calendar_16,calendar,2,2,7,2.738812572384832,1.268765027615169,5,0.19999999999999998
calendar_16,calendar,2,3,7,2.6385809489734675,1.3689966510265326,5,0.19999999999999998
calendar_16,calendar,2,4,7,2.6592799205234883,1.3482976794765125,5,0.19999999999999998
calendar_16,calendar,2,5,7,2.760479618963344,1.2470979810366565,5,0.19999999999999998
calendar_16,calendar,2,6,7,2.723123077212913,1.2844545227870867,5,0.19999999999999998
calendar_16,calendar,2,7,7,2.707174515302861,1.3004030846971393,5,0.19999999999999998
calendar_16,calendar,2,8,7,2.651168802528436,1.3564087974715648,5,0.19999999999999998
calendar_16,calendar,2,9,7,2.970956413226738,1.036621186773263,5,0.19999999999999998
calendar_16,calendar,2,0,8,2.91589292871382,1.0916846712861805,5,0.19999999999999998
calendar_16,calendar,2,1,8,2.5519103495112088,1.455667250488791,5,0.19999999999999998
calendar_16,calendar,2,2,8,2.6208684397960935,1.3867091602039063,5,0.19999999999999998
calendar_16,calendar,2,3,8,2.6302162568347285,1.3773613431652714,5,0.19999999999999998
calendar_16,calendar,2,4,8,2.58072966655747,1.4268479334425304,5,0.19999999999999998
calendar_16,calendar,2,5,8,2.710915733251567,1.2966618667484335,5,0.19999999999999998
calendar_16,calendar,2,6,8,2.6105473658694702,1.3970302341305303,5,0.19999999999999998
calendar_16,calendar,2,7,8,2.632918844165006,1.3746587558349945,5,0.19999999999999998
calendar_16,calendar,2,8,8,2.572391310448002,1.4351862895519978,5,0.19999999999999998
calendar_16,calendar,2,9,8,2.8598874717539213,1.1476901282460799,5,0.19999999999999998
calendar_16,calendar,2,0,9,3.1946787951039894,0.8128988048960116,5,0.19999999999999998
calendar_16,calendar,2,1,9,2.9428767522044077,1.064700847795594,5,0.19999999999999998
calendar_16,calendar,2,2,9,3.0054550124610913,1.002122587538909,5,0.19999999999999998
calendar_16,calendar,2,3,9,2.989085883334502,1.0184917166654979,5,0.19999999999999998
calendar_16,calendar,2,4,9,2.8870831379757407,1.120494462024259,5,0.19999999999999998
calendar_16,calendar,2,5,9,2.8646702476978114,1.1429073523021889,5,0.19999999999999998
calendar_16,calendar,2,6,9,2.930551821256831,1.077025778743168,5,0.19999999999999998
calendar_16,calendar,2,7,9,2.9142983802195324,1.0932792197804682,5,0.19999999999999998
calendar_16,calendar,2,8,9,2.8738791439492664,1.1336984560507346,5,0.19999999999999998
calendar_16,calendar,2,9,9,3.130502871890789,0.8770747281092115,5,0.19999999999999998
calendar_17,calendar,2,0,0,3.157150430751641,0.8504271692483591,5,0.19999999999999998
calendar_17,calendar,2,1,0,2.8803800218100686,1.1271975781899317,5,0.19999999999999998
calendar_17,calendar,2,2,0,2.984959478992477,1.022618121007522,5,0.19999999999999998
calendar_17,calendar,2,3,0,3.019241808216078,0.9883357917839205,5,0.19999999999999998
calendar_17,calendar,2,4,0,2.910660846870324,1.0969167531296762,5,0.19999999999999998
calendar_17,calendar,2,5,0,2.880547909769378,1.1270296902306227,5,0.19999999999999998
calendar_17,calendar,2,6,0,2.898531344505501,1.1090462554944993,5,0.19999999999999998
calendar_17,calendar,2,7,0,2.960177667052563,1.0473999329474384,5,0.19999999999999998
calendar_17,calendar,2,8,0,2.777242751968142,1.2303348480318577,5,0.19999999999999998
calendar_17,calendar,2,9,0,3.055586734431577,0.9519908655684236,5,0.19999999999999998
calendar_17,calendar,2,0,1,2.8655801532335325,1.1419974467664677,5,0.19999999999999998
calendar_17,calendar,2,1,1,2.596528602063484,1.411048997936516,5,0.19999999999999998
calendar_17,calendar,2,2,1,2.669908101574521,1.3376694984254787,5,0.19999999999999998
calendar_17,calendar,2,3,1,2.707866965049664,1.2997106349503365,5,0.19999999999999998
calendar_17,calendar,2,4,1,2.617240816357398,1.3903367836426035,5,0.19999999999999998
calendar_17,calendar,2,5,1,2.662278558989101,1.3452990410108994,5,0.19999999999999998
calendar_17,calendar,2,6,1,2.686549646676164,1.3210279533238358,5,0.19999999999999998
calendar_17,calendar,2,7,1,2.675087796381203,1.3324898036187978,5,0.19999999999999998
calendar_17,calendar,2,8,1,2.572899198325507,1.4346784016744931,5,0.19999999999999998
calendar_17,calendar,2,9,1,2.800691816363587,1.2068857836364129,5,0.19999999999999998
calendar_17,calendar,2,0,2,2.880273419325181,1.1273041806748183,5,0.19999999999999998
calendar_17,calendar,2,1,2,2.639368928645738,1.368208671354262,5,0.19999999999999998
calendar_17,calendar,2,2,2,2.7090908970029455,1.2984867029970546,5,0.19999999999999998
calendar_17,calendar,2,3,2,2.7277581903337262,1.2798194096662738,5,0.19999999999999998
calendar_17,calendar,2,4,2,2.727946648406442,1.2796309515935584,5,0.19999999999999998
calendar_17,calendar,2,5,2,2.707935037853547,1.2996425621464542,5,0.19999999999999998
calendar_17,calendar,2,6,2,2.750937590160564,1.256640009839435,5,0.19999999999999998
calendar_17,calendar,2,7,2,2.7696598611815624,1.2379177388184373,5,0.19999999999999998
calendar_17,calendar,2,8,2,2.67189368080992,1.3356839191900813,5,0.19999999999999998
calendar_17,calendar,2,9,2,2.9670252545216846,1.040552345478316,5,0.19999999999999998
calendar_17,calendar,2,0,3,2.969374708753199,1.0382028912468004,5,0.19999999999999998
calendar_17,calendar,2,1,3,2.607294756326735,1.4002828436732648,5,0.19999999999999998
calendar_17,calendar,2,2,3,2.715109660427712,1.2924679395722871,5,0.19999999999999998
calendar_17,calendar,2,3,3,2.780515578132537,1.2270620218674624,5,0.19999999999999998
calendar_17,calendar,2,4,3,2.7995476507565455,1.208029949243455,5,0.19999999999999998
calendar_17,calendar,2,5,3,2.7388182347326238,1.2687593652673768,5,0.19999999999999998
calendar_17,calendar,2,6,3,2.756107217784607,1.2514703822153928,5,0.19999999999999998
calendar_17,calendar,2,7,3,2.712061446535189,1.295516153464812,5,0.19999999999999998
calendar_17,calendar,2,8,3,2.7125916500150526,1.2949859499849472,5,0.19999999999999998
calendar_17,calendar,2,9,3,3.023883371990211,0.9836942280097888,5,0.19999999999999998
calendar_17,calendar,2,0,4,2.9277576353481414,1.0798199646518587,5,0.19999999999999998
calendar_17,calendar,2,1,4,2.6655475192415943,1.3420300807584058,5,0.19999999999999998
calendar_17,calendar,2,2,4,2.721547362096304,1.2860302379036967,5,0.19999999999999998
calendar_17,calendar,2,3,4,2.7382135126957747,1.2693640873042242,5,0.19999999999999998
calendar_17,calendar,2,4,4,2.743232793934116,1.2643448060658837,5,0.19999999999999998
calendar_17,calendar,2,5,4,2.738485236364475,1.269092363635524,5,0.19999999999999998
calendar_17,calendar,2,6,4,2.7287765579338195,1.2788010420661804,5,0.19999999999999998
calendar_17,calendar,2,7,4,2.7889448897676012,1.2186327102324,5,0.19999999999999998
calendar_17,calendar,2,8,4,2.7134795702442864,1.294098029755713,5,0.19999999999999998
calendar_17,calendar,2,9,4,3.0455134050202344,0.962064194979767,5,0.19999999999999998
calendar_17,calendar,2,0,5,2.9449676123517317,1.0626099876482693,5,0.19999999999999998
calendar_17,calendar,2,1,5,2.61256366050198,1.39501393949802,5,0.19999999999999998
calendar_17,calendar,2,2,5,2.7477951566749867,1.2597824433250115,5,0.19999999999999998
calendar_17,calendar,2,3,5,2.728314709995296,1.279262890004704,5,0.19999999999999998
calendar_17,calendar,2,4,5,2.8205693311122553,1.1870082688877457,5,0.19999999999999998
calendar_17,calendar,2,5,5,2.788829249269911,1.218748350730088,5,0.19999999999999998
calendar_17,calendar,2,6,5,2.7899481708472167,1.2176294291527825,5,0.19999999999999998
calendar_17,calendar,2,7,5,2.683429680231798,1.324147919768202,5,0.19999999999999998
calendar_17,calendar,2,8,5,2.692917956600008,1.3146596433999918,5,0.19999999999999998
calendar_17,calendar,2,9,5,2.9451092814982895,1.0624683185017099,5,0.19999999999999998
calendar_17,calendar,2,0,6,2.8734502932616786,1.134127306738322,5,0.19999999999999998
calendar_17,calendar,2,1,6,2.605424819320508,1.4021527806794933,5,0.19999999999999998
calendar_17,calendar,2,2,6,2.7414093411135387,1.2661682588864605,5,0.19999999999999998
calendar_17,calendar,2,3,6,2.749935120662574,1.2576424793374252,5,0.19999999999999998
calendar_17,calendar,2,4,6,2.7082958818569636,1.2992817181430365,5,0.19999999999999998
calendar_17,calendar,2,5,6,2.8022754404757553,1.2053021595242452,5,0.19999999999999998
calendar_17,calendar,2,6,6,2.7301812803960384,1.2773963196039606,5,0.19999999999999998
calendar_17,calendar,2,7,6,2.805425836550908,1.2021517634490921,5,0.19999999999999998
calendar_17,calendar,2,8,6,2.6505467173896657,1.357030882610334,5,0.19999999999999998
calendar_17,calendar,2,9,6,2.9529581041190833,1.054619495880917,5,0.19999999999999998
calendar_17,calendar,2,0,7,2.8572764708967315,1.1503011291032674,5,0.19999999999999998
calendar_17,calendar,2,1,7,2.604806069389397,1.4027715306106037,5,0.19999999999999998
calendar_17,calendar,2,2,7,2.72407136689911,1.28350623310089,5,0.19999999999999998
calendar_17,calendar,2,3,7,2.747641177128642,1.2599364228713577,5,0.19999999999999998
calendar_17,calendar,2,4,7,2.7563340383078936,1.2512435616921067,5,0.19999999999999998
calendar_17,calendar,2,5,7,2.664493335646091,1.3430842643539098,5,0.19999999999999998
calendar_17,calendar,2,6,7,2.702798449397952,1.3047791506020476,5,0.19999999999999998
calendar_17,calendar,2,7,7,2.696550909869552,1.3110266901304481,5,0.19999999999999998
calendar_17,calendar,2,8,7,2.6272224713494756,1.3803551286505253,5,0.19999999999999998
calendar_17,calendar,2,9,7,2.8297957025067557,1.177781897493244,5,0.19999999999999998
calendar_17,calendar,2,0,8,2.8580264999279974,1.1495511000720036,5,0.19999999999999998
calendar_17,calendar,2,1,8,2.575396941352523,1.432180658647476,5,0.19999999999999998
calendar_17,calendar,2,2,8,2.703745640906196,1.3038319590938037,5,0.19999999999999998
calendar_17,calendar,2,3,8,2.6640778488628194,1.3434997511371802,5,0.19999999999999998
calendar_17,calendar,2,4,8,2.6403587966621638,1.3672188033378365,5,0.19999999999999998
calendar_17,calendar,2,5,8,2.5961515988529227,1.4114260011470774,5,0.19999999999999998
calendar_17,calendar,2,6,8,2.587322020249092,1.4202555797509075,5,0.19999999999999998
calendar_17,calendar,2,7,8,2.581459347045225,1.4261182529547753,5,0.19999999999999998
calendar_17,calendar,2,8,8,2.483350380850699,1.5242272191493007,5,0.19999999999999998
calendar_17,calendar,2,9,8,2.767081718134827,1.2404958818651726,5,0.19999999999999998
calendar_17,calendar,2,0,9,3.1631618554211025,0.8444157445788981,5,0.19999999999999998
calendar_17,calendar,2,1,9,2.853916409704989,1.1536611902950116,5,0.19999999999999998
calendar_17,calendar,2,2,9,2.9241283626326062,1.0834492373673934,5,0.19999999999999998
calendar_17,calendar,2,3,9,2.9303933483489426,1.0771842516510561,5,0.19999999999999998
calendar_17,calendar,2,4,9,2.9178627073380783,1.089714892661921,5,0.19999999999999998
calendar_17,calendar,2,5,9,2.872951099465771,1.1346265005342284,5,0.19999999999999998
calendar_17,calendar,2,6,9,2.89587438886041,1.1117032111395897,5,0.19999999999999998
calendar_17,calendar,2,7,9,2.9064524272526433,1.101125172747356,5,0.19999999999999998
calendar_17,calendar,2,8,9,2.75422714890188,1.2533504510981213,5,0.19999999999999998
calendar_17,calendar,2,9,9,3.090173710516841,0.9174038894831595,5,0.19999999999999998
calendar_18,calendar,3,0,0,3.053384694728724,0.954192905271275,5,0.3
calendar_18,calendar,3,1,0,2.679308403078476,1.3282691969215221,5,0.3
calendar_18,calendar,3,2,0,2.7181168997675633,1.2894607002324374,5,0.3
calendar_18,calendar,3,3,0,2.783664850007059,1.2239127499929416,5,0.3
calendar_18,calendar,3,4,0,2.7991695886694137,1.2084080113305868,5,0.3
calendar_18,calendar,3,5,0,2.7791618611277125,1.2284157388722865,5,0.3
calendar_18,calendar,3,6,0,2.794187257933089,1.2133903420669117,5,0.3
calendar_18,calendar,3,7,0,2.73835413966705,1.2692234603329502,5,0.3
calendar_18,calendar,3,8,0,2.5899358154505387,1.4176417845494604,5,0.3
calendar_18,calendar,3,9,0,2.9244658173916633,1.0831117826083363,5,0.3
calendar_18,calendar,3,0,1,2.6671203710075306,1.3404572289924708,5,0.3
calendar_18,calendar,3,1,1,2.3800518019366637,1.6275257980633366,5,0.3
calendar_18,calendar,3,2,1,2.4285828425493325,1.5789947574506675,5,0.3
calendar_18,calendar,3,3,1,2.4926127011293175,1.514964898870682,5,0.3
calendar_18,calendar,3,4,1,2.484933368360082,1.5226442316399185,5,0.3
calendar_18,calendar,3,5,1,2.48134220900427,1.52623539099573,5,0.3
calendar_18,calendar,3,6,1,2.4281857076024314,1.5793918923975696,5,0.3
calendar_18,calendar,3,7,1,2.484069945274562,1.5235076547254374,5,0.3
calendar_18,calendar,3,8,1,2.373900349712233,1.6336772502877674,5,0.3
calendar_18,calendar,3,9,1,2.6497045318836605,1.3578730681163405,5,0.3
calendar_18,calendar,3,0,2,2.761061398230797,1.2465162017692024,5,0.3
calendar_18,calendar,3,1,2,2.399202063833482,1.6083755361665184,5,0.3
calendar_18,calendar,3,2,2,2.475796119428948,1.531781480571053,5,0.3
calendar_18,calendar,3,3,2,2.5199307424559527,1.487646857544048,5,0.3
calendar_18,calendar,3,4,2,2.5028712260462855,1.5047063739537148,5,0.3
calendar_18,calendar,3,5,2,2.5313221400176142,1.4762554599823858,5,0.3
calendar_18,calendar,3,6,2,2.519694563673846,1.487883036326154,5,0.3
calendar_18,calendar,3,7,2,2.441758474858507,1.565819125141494,5,0.3
calendar_18,calendar,3,8,2,2.4305540599923736,1.5770235400076273,5,0.3
calendar_18,calendar,3,9,2,2.779522211031148,1.228055388968851,5,0.3
calendar_18,calendar,3,0,3,2.699446949566315,1.3081306504336856,5,0.3
calendar_18,calendar,3,1,3,2.4972031244696797,1.5103744755303203,5,0.3
calendar_18,calendar,3,2,3,2.5499653037431935,1.4576122962568065,5,0.3
calendar_18,calendar,3,3,3,2.6159520294136835,1.3916255705863154,5,0.3
calendar_18,calendar,3,4,3,2.6176081865465215,1.3899694134534784,5,0.3
calendar_18,calendar,3,5,3,2.6113839985182548,1.3961936014817449,5,0.3
calendar_18,calendar,3,6,3,2.5017998339225733,1.505777766077427,5,0.3
calendar_18,calendar,3,7,3,2.573217809500099,1.434359790499901,5,0.3
calendar_18,calendar,3,8,3,2.426199363403548,1.5813782365964526,5,0.3
calendar_18,calendar,3,9,3,2.7168351218569846,1.2907424781430143,5,0.3
calendar_18,calendar,3,0,4,2.7308630728469314,1.2767145271530687,5,0.3
calendar_18,calendar,3,1,4,2.451771745204709,1.5558058547952909,5,0.3
calendar_18,calendar,3,2,4,2.545257241230172,1.4623203587698281,5,0.3
calendar_18,calendar,3,3,4,2.616842088478975,1.390735511521025,5,0.3
calendar_18,calendar,3,4,4,2.592305678394075,1.415271921605925,5,0.3
calendar_18,calendar,3,5,4,2.587517834806446,1.4200597651935545,5,0.3
calendar_18,calendar,3,6,4,2.573863311799018,1.4337142882009823,5,0.3
calendar_18,calendar,3,7,4,2.5884002443379974,1.4191773556620035,5,0.3
calendar_18,calendar,3,8,4,2.49363578846682,1.5139418115331793,5,0.3
calendar_18,calendar,3,9,4,2.8077224133791017,1.1998551866208993,5,0.3
calendar_18,calendar,3,0,5,2.7507724059079397,1.2568051940920604,5,0.3
calendar_18,calendar,3,1,5,2.461236292197893,1.546341307802107,5,0.3
calendar_18,calendar,3,2,5,2.574243002664375,1.4333345973356248,5,0.3
calendar_18,calendar,3,3,5,2.6372466713581884,1.370330928641812,5,0.3
calendar_18,calendar,3,4,5,2.5870013513651795,1.4205762486348212,5,0.3
calendar_18,calendar,3,5,5,2.5432966272412645,1.4642809727587354,5,0.3
calendar_18,calendar,3,6,5,2.5405128238278296,1.4670647761721696,5,0.3
calendar_18,calendar,3,7,5,2.5504096933003506,1.45716790669965,5,0.3
calendar_18,calendar,3,8,5,2.4999665821153134,1.5076110178846869,5,0.3
calendar_18,calendar,3,9,5,2.815091856938891,1.192485743061108,5,0.3
calendar_18,calendar,3,0,6,2.733151196191262,1.274426403808738,5,0.3
calendar_18,calendar,3,1,6,2.4853708950254148,1.5222067049745858,5,0.3
calendar_18,calendar,3,2,6,2.5450658222623175,1.4625117777376826,5,0.3
calendar_18,calendar,3,3,6,2.6260440372566087,1.3815335627433911,5,0.3
calendar_18,calendar,3,4,6,2.6513344290184317,1.3562431709815688,5,0.3
calendar_18,calendar,3,5,6,2.5406729175719507,1.4669046824280494,5,0.3
calendar_18,calendar,3,6,6,2.5281371782180844,1.479440421781916,5,0.3
calendar_18,calendar,3,7,6,2.55558541154578,1.4519921884542208,5,0.3
calendar_18,calendar,3,8,6,2.452739728197202,1.5548378718027982,5,0.3
calendar_18,calendar,3,9,6,2.8436428737730206,1.1639347262269797,5,0.3
calendar_18,calendar,3,0,7,2.745381460434643,1.2621961395653565,5,0.3
calendar_18,calendar,3,1,7,2.454727168022102,1.5528504319778982,5,0.3
calendar_18,calendar,3,2,7,2.517228495922973,1.4903491040770265,5,0.3
calendar_18,calendar,3,3,7,2.5586953391019023,1.4488822608980976,5,0.3
calendar_18,calendar,3,4,7,2.5597373809800263,1.447840219019974,5,0.3
calendar_18,calendar,3,5,7,2.5356254226209534,1.4719521773790458,5,0.3
calendar_18,calendar,3,6,7,2.5011295975798853,1.5064480024201148,5,0.3
calendar_18,calendar,3,7,7,2.536602134914086,1.470975465085914,5,0.3
calendar_18,calendar,3,8,7,2.4823874919694284,1.5251901080305723,5,0.3
calendar_18,calendar,3,9,7,2.8162475484598843,1.1913300515401155,5,0.3
calendar_18,calendar,3,0,8,2.6271586309839665,1.3804189690160322,5,0.3
calendar_18,calendar,3,1,8,2.3719606945115115,1.6356169054884893,5,0.3
calendar_18,calendar,3,2,8,2.414581340718228,1.592996259281772,5,0.3
calendar_18,calendar,3,3,8,2.50470000985915,1.502877590140849,5,0.3
calendar_18,calendar,3,4,8,2.468509658723163,1.539067941276837,5,0.3
calendar_18,calendar,3,5,8,2.471911704676345,1.5356658953236555,5,0.3
calendar_18,calendar,3,6,8,2.4435398325300755,1.5640377674699244,5,0.3
calendar_18,calendar,3,7,8,2.4350844138859595,1.5724931861140408,5,0.3
calendar_18,calendar,3,8,8,2.388159904664431,1.6194176953355695,5,0.3
calendar_18,calendar,3,9,8,2.5947798344151245,1.4127977655848756,5,0.3
calendar_18,calendar,3,0,9,2.9792885575832297,1.0282890424167692,5,0.3
calendar_18,calendar,3,1,9,2.5936193602265436,1.413958239773457,5,0.3
calendar_18,calendar,3,2,9,2.723936896137191,1.28364070386281,5,0.3
calendar_18,calendar,3,3,9,2.7648834613491524,1.2426941386508472,5,0.3
calendar_18,calendar,3,4,9,2.751513081077793,1.2560645189222066,5,0.3
calendar_18,calendar,3,5,9,2.730286730169862,1.277290869830139,5,0.3
calendar_18,calendar,3,6,9,2.780678110162544,1.2268994898374568,5,0.3
calendar_18,calendar,3,7,9,2.6722260103662414,1.3353515896337578,5,0.3
calendar_18,calendar,3,8,9,2.6423428986243085,1.3652347013756911,5,0.3
calendar_18,calendar,3,9,9,2.941051768793654,1.066525831206346,5,0.3
calendar_15,calendar,3,0,0,2.9829786451423868,1.0245989548576129,5,0.3
calendar_15,calendar,3,1,0,2.5915169554676787,1.4160606445323207,5,0.3
calendar_15,calendar,3,2,0,2.7296998171969116,1.2778777828030878,5,0.3
calendar_15,calendar,3,3,0,2.739284289997948,1.2682933100020515,5,0.3
calendar_15,calendar,3,4,0,2.788775785991482,1.2188018140085175,5,0.3
calendar_15,calendar,3,5,0,2.776281074888191,1.2312965251118082,5,0.3
calendar_15,calendar,3,6,0,2.7553418372022755,1.2522357627977245,5,0.3
calendar_15,calendar,3,7,0,2.75030385530287,1.2572737446971298,5,0.3
calendar_15,calendar,3,8,0,2.6444705715217287,1.363107028478271,5,0.3
calendar_15,calendar,3,9,0,2.985782517824249,1.0217950821757509,5,0.3
calendar_15,calendar,3,0,1,2.683436958975723,1.324140641024277,5,0.3
calendar_15,calendar,3,1,1,2.3876677214722197,1.6199098785277812,5,0.3
calendar_15,calendar,3,2,1,2.448655677739523,1.558921922260477,5,0.3
calendar_15,calendar,3,3,1,2.414334232623432,1.593243367376568,5,0.3
calendar_15,calendar,3,4,1,2.46356272668636,1.5440148733136407,5,0.3
calendar_15,calendar,3,5,1,2.432336617730217,1.575240982269783,5,0.3
calendar_15,calendar,3,6,1,2.4925778360954034,1.5149997639045958,5,0.3
calendar_15,calendar,3,7,1,2.4388534514724935,1.5687241485275063,5,0.3
calendar_15,calendar,3,8,1,2.395319323794624,1.6122582762053759,5,0.3
calendar_15,calendar,3,9,1,2.633135066038135,1.3744425339618656,5,0.3
calendar_15,calendar,3,0,2,2.7785603297595265,1.2290172702404736,5,0.3
calendar_15,calendar,3,1,2,2.437791642986129,1.5697859570138715,5,0.3
calendar_15,calendar,3,2,2,2.4414836699056233,1.566093930094376,5,0.3
calendar_15,calendar,3,3,2,2.4698103615521596,1.5377672384478398,5,0.3
calendar_15,calendar,3,4,2,2.5153880497780654,1.4921895502219342,5,0.3
calendar_15,calendar,3,5,2,2.5126511334876827,1.494926466512318,5,0.3
calendar_15,calendar,3,6,2,2.4741186253217635,1.5334589746782374,5,0.3
calendar_15,calendar,3,7,2,2.4854263354092274,1.5221512645907729,5,0.3
calendar_15,calendar,3,8,2,2.444461446020092,1.5631161539799088,5,0.3
calendar_15,calendar,3,9,2,2.70425536047404,1.3033222395259603,5,0.3
calendar_15,calendar,3,0,3,2.7661856691876516,1.241391930812348,5,0.3
calendar_15,calendar,3,1,3,2.459125086407447,1.5484525135925524,5,0.3
calendar_15,calendar,3,2,3,2.5002218664421396,1.5073557335578605,5,0.3
calendar_15,calendar,3,3,3,2.6299222330889207,1.3776553669110791,5,0.3
calendar_15,calendar,3,4,3,2.551454497616532,1.4561231023834678,5,0.3
calendar_15,calendar,3,5,3,2.542741815715949,1.4648357842840516,5,0.3
calendar_15,calendar,3,6,3,2.557458550747828,1.4501190492521727,5,0.3
calendar_15,calendar,3,7,3,2.5112721104860505,1.4963054895139503,5,0.3
calendar_15,calendar,3,8,3,2.4602455447412,1.5473320552588008,5,0.3
calendar_15,calendar,3,9,3,2.7518735315700655,1.2557040684299348,5,0.3
calendar_15,calendar,3,0,4,2.7543999926601503,1.25317760733985,5,0.3
calendar_15,calendar,3,1,4,2.4621935071586294,1.54538409284137,5,0.3
calendar_15,calendar,3,2,4,2.6125584495409657,1.3950191504590348,5,0.3
calendar_15,calendar,3,3,4,2.566675150658842,1.4409024493411584,5,0.3
calendar_15,calendar,3,4,4,2.6674880162018764,1.3400895837981233,5,0.3
calendar_15,calendar,3,5,4,2.5837720189485287,1.423805581051471,5,0.3
calendar_15,calendar,3,6,4,2.57159715736153,1.43598044263847,5,0.3
calendar_15,calendar,3,7,4,2.487442894817648,1.520134705182353,5,0.3
calendar_15,calendar,3,8,4,2.4777213811499212,1.5298562188500793,5,0.3
calendar_15,calendar,3,9,4,2.7647144053750976,1.2428631946249027,5,0.3
calendar_15,calendar,3,0,5,2.708293217701051,1.2992843822989486,5,0.3
calendar_15,calendar,3,1,5,2.446436146545185,1.5611414534548151,5,0.3
calendar_15,calendar,3,2,5,2.5578027879864567,1.4497748120135436,5,0.3
calendar_15,calendar,3,3,5,2.571523986336753,1.4360536136632462,5,0.3
calendar_15,calendar,3,4,5,2.606471059470097,1.401106540529903,5,0.3
calendar_15,calendar,3,5,5,2.602526130316258,1.4050514696837417,5,0.3
calendar_15,calendar,3,6,5,2.554109370328811,1.4534682296711885,5,0.3
calendar_15,calendar,3,7,5,2.536905415727764,1.4706721842722363,5,0.3
calendar_15,calendar,3,8,5,2.474454418746331,1.5331231812536696,5,0.3
calendar_15,calendar,3,9,5,2.7632028518261733,1.244374748173826,5,0.3
calendar_15,calendar,3,0,6,2.8052063929346547,1.202371207065346,5,0.3
calendar_15,calendar,3,1,6,2.4521118966493862,1.5554657033506143,5,0.3
calendar_15,calendar,3,2,6,2.512724951698565,1.4948526483014355,5,0.3
calendar_15,calendar,3,3,6,2.55671659119211,1.45086100880789,5,0.3
calendar_15,calendar,3,4,6,2.5877935731510804,1.419784026848919,5,0.3
calendar_15,calendar,3,5,6,2.574071972364617,1.4335056276353828,5,0.3
calendar_15,calendar,3,6,6,2.5744998935153998,1.4330777064845994,5,0.3
calendar_15,calendar,3,7,6,2.516410257328925,1.4911673426710752,5,0.3
calendar_15,calendar,3,8,6,2.4737449073426334,1.5338326926573675,5,0.3
calendar_15,calendar,3,9,6,2.824176189756463,1.1834014102435377,5,0.3
calendar_15,calendar,3,0,7,2.7288115517270275,1.2787660482729712,5,0.3
calendar_15,calendar,3,1,7,2.460054943537688,1.5475226564623124,5,0.3
calendar_15,calendar,3,2,7,2.4834466073908525,1.5241309926091473,5,0.3
calendar_15,calendar,3,3,7,2.564281117945192,1.4432964820548089,5,0.3
calendar_15,calendar,3,4,7,2.5143365649268223,1.4932410350731784,5,0.3
calendar_15,calendar,3,5,7,2.548330375653238,1.4592472243467618,5,0.3
calendar_15,calendar,3,6,7,2.4980335994664027,1.5095440005335974,5,0.3
calendar_15,calendar,3,7,7,2.5415994310673855,1.4659781689326155,5,0.3
calendar_15,calendar,3,8,7,2.4488791061115065,1.5586984938884934,5,0.3
calendar_15,calendar,3,9,7,2.764434343808147,1.243143256191854,5,0.3
calendar_15,calendar,3,0,8,2.64028312364062,1.3672944763593802,5,0.3
calendar_15,calendar,3,1,8,2.3649097206074052,1.6426678793925953,5,0.3
calendar_15,calendar,3,2,8,2.4749986284259147,1.5325789715740856,5,0.3
calendar_15,calendar,3,3,8,2.444496119909916,1.5630814800900839,5,0.3
calendar_15,calendar,3,4,8,2.4702223431972463,1.537355256802753,5,0.3
calendar_15,calendar,3,5,8,2.4617946085305573,1.545782991469444,5,0.3
calendar_15,calendar,3,6,8,2.4768298671860927,1.5307477328139072,5,0.3
calendar_15,calendar,3,7,8,2.455159142905557,1.5524184570944428,5,0.3
calendar_15,calendar,3,8,8,2.4086593115702875,1.5989182884297137,5,0.3
calendar_15,calendar,3,9,8,2.671409026837846,1.336168573162154,5,0.3
calendar_15,calendar,3,0,9,2.956236321639614,1.0513412783603855,5,0.3
calendar_15,calendar,3,1,9,2.605598706942885,1.4019788930571158,5,0.3
calendar_15,calendar,3,2,9,2.6982509943724855,1.3093266056275144,5,0.3
calendar_15,calendar,3,3,9,2.7620508984616565,1.2455267015383436,5,0.3
calendar_15,calendar,3,4,9,2.8261986083555626,1.1813789916444377,5,0.3
calendar_15,calendar,3,5,9,2.7662624849706754,1.2413151150293242,5,0.3
calendar_15,calendar,3,6,9,2.7624318421493173,1.245145757850684,5,0.3
calendar_15,calendar,3,7,9,2.759097544809963,1.2484800551900361,5,0.3
calendar_15,calendar,3,8,9,2.661197832721216,1.3463797672787836,5,0.3
calendar_15,calendar,3,9,9,2.9787826417808394,1.028794958219161,5,0.3
calendar_16,calendar,3,0,0,2.9942879632210033,1.013289636778996,5,0.3
calendar_16,calendar,3,1,0,2.6459019132801473,1.3616756867198518,5,0.3
calendar_16,calendar,3,2,0,2.688504654666739,1.3190729453332615,5,0.3
calendar_16,calendar,3,3,0,2.718186095501569,1.28939150449843,5,0.3
calendar_16,calendar,3,4,0,2.7317727184348715,1.2758048815651282,5,0.3
calendar_16,calendar,3,5,0,2.6537868406392344,1.3537907593607645,5,0.3
calendar_16,calendar,3,6,0,2.7151219360914083,1.2924556639085922,5,0.3
calendar_16,calendar,3,7,0,2.720148330246148,1.2874292697538534,5,0.3
calendar_16,calendar,3,8,0,2.632246430494864,1.3753311695051358,5,0.3
calendar_16,calendar,3,9,0,2.9372265316824433,1.070351068317556,5,0.3
calendar_16,calendar,3,0,1,2.6524352746265,1.3551423253734998,5,0.3
calendar_16,calendar,3,1,1,2.387620814279155,1.6199567857208461,5,0.3
calendar_16,calendar,3,2,1,2.409311350675641,1.598266249324359,5,0.3
calendar_16,calendar,3,3,1,2.450621877046347,1.5569557229536537,5,0.3
calendar_16,calendar,3,4,1,2.4671327936766096,1.5404448063233909,5,0.3
calendar_16,calendar,3,5,1,2.433165290841952,1.5744123091580486,5,0.3
calendar_16,calendar,3,6,1,2.4346250034187045,1.572952596581296,5,0.3
calendar_16,calendar,3,7,1,2.4570604597141896,1.5505171402858102,5,0.3
calendar_16,calendar,3,8,1,2.411748787211964,1.595828812788036,5,0.3
calendar_16,calendar,3,9,1,2.6531030142477072,1.3544745857522922,5,0.3
calendar_16,calendar,3,0,2,2.6816112784452875,1.3259663215547135,5,0.3
calendar_16,calendar,3,1,2,2.4220396953385515,1.5855379046614484,5,0.3
calendar_16,calendar,3,2,2,2.4778264529779457,1.5297511470220553,5,0.3
calendar_16,calendar,3,3,2,2.493828897627839,1.5137487023721614,5,0.3
calendar_16,calendar,3,4,2,2.5162095673956864,1.4913680326043133,5,0.3
calendar_16,calendar,3,5,2,2.5381768447556095,1.4694007552443904,5,0.3
calendar_16,calendar,3,6,2,2.5099021289805674,1.497675471019433,5,0.3
calendar_16,calendar,3,7,2,2.5605509346970035,1.4470266653029955,5,0.3
calendar_16,calendar,3,8,2,2.456144479722422,1.5514331202775775,5,0.3
calendar_16,calendar,3,9,2,2.77491747197328,1.2326601280267209,5,0.3
calendar_16,calendar,3,0,3,2.813080011421072,1.1944975885789284,5,0.3
calendar_16,calendar,3,1,3,2.4593609350545003,1.5482166649455003,5,0.3
calendar_16,calendar,3,2,3,2.5554550097119835,1.4521225902880164,5,0.3
calendar_16,calendar,3,3,3,2.5562618502644945,1.4513157497355067,5,0.3
calendar_16,calendar,3,4,3,2.538904672215118,1.4686729277848816,5,0.3
calendar_16,calendar,3,5,3,2.543384296126237,1.4641933038737633,5,0.3
calendar_16,calendar,3,6,3,2.589546985070801,1.4180306149292004,5,0.3
calendar_16,calendar,3,7,3,2.5804356746021275,1.4271419253978734,5,0.3
calendar_16,calendar,3,8,3,2.4759046895517343,1.5316729104482667,5,0.3
calendar_16,calendar,3,9,3,2.71886140273305,1.2887161972669505,5,0.3
calendar_16,calendar,3,0,4,2.7082898461679026,1.2992877538320977,5,0.3
calendar_16,calendar,3,1,4,2.404429399402699,1.6031482005973015,5,0.3
calendar_16,calendar,3,2,4,2.5436871865005957,1.463890413499405,5,0.3
calendar_16,calendar,3,3,4,2.5595640456251267,1.4480135543748731,5,0.3
calendar_16,calendar,3,4,4,2.565128645033616,1.4424489549663844,5,0.3
calendar_16,calendar,3,5,4,2.56667443552899,1.4409031644710097,5,0.3
calendar_16,calendar,3,6,4,2.5634400289572774,1.444137571042723,5,0.3
calendar_16,calendar,3,7,4,2.5360665862099414,1.4715110137900584,5,0.3
calendar_16,calendar,3,8,4,2.4318632672680627,1.5757143327319383,5,0.3
calendar_16,calendar,3,9,4,2.7562823424822605,1.2512952575177392,5,0.3
calendar_16,calendar,3,0,5,2.729467070383716,1.2781105296162851,5,0.3
calendar_16,calendar,3,1,5,2.4597439306171367,1.5478336693828627,5,0.3
calendar_16,calendar,3,2,5,2.5513903552298576,1.4561872447701427,5,0.3
calendar_16,calendar,3,3,5,2.5969838789278312,1.4105937210721673,5,0.3
calendar_16,calendar,3,4,5,2.5568115585671194,1.4507660414328802,5,0.3
calendar_16,calendar,3,5,5,2.5577006015609,1.4498769984390993,5,0.3
calendar_16,calendar,3,6,5,2.543766429659035,1.4638111703409649,5,0.3
calendar_16,calendar,3,7,5,2.5512680747558694,1.4563095252441296,5,0.3
calendar_16,calendar,3,8,5,2.475946407581807,1.5316311924181931,5,0.3
calendar_16,calendar,3,9,5,2.748810541178233,1.2587670588217679,5,0.3
calendar_16,calendar,3,0,6,2.6670542213098263,1.3405233786901738,5,0.3
calendar_16,calendar,3,1,6,2.437852208038575,1.5697253919614256,5,0.3
calendar_16,calendar,3,2,6,2.4973448834559506,1.5102327165440494,5,0.3
calendar_16,calendar,3,3,6,2.5142869793016764,1.4932906206983225,5,0.3
calendar_16,calendar,3,4,6,2.5693836692149814,1.438193930785018,5,0.3
calendar_16,calendar,3,5,6,2.525130762449857,1.4824468375501432,5,0.3
calendar_16,calendar,3,6,6,2.5480165642973307,1.4595610357026703,5,0.3
calendar_16,calendar,3,7,6,2.5559982610977987,1.451579338902201,5,0.3
calendar_16,calendar,3,8,6,2.463994379269311,1.5435832207306885,5,0.3
calendar_16,calendar,3,9,6,2.794476349618871,1.2131012503811294,5,0.3
calendar_16,calendar,3,0,7,2.7089004025962273,1.2986771974037734,5,0.3
calendar_16,calendar,3,1,7,2.37635708736596,1.6312205126340404,5,0.3
calendar_16,calendar,3,2,7,2.4800261838483046,1.5275514161516954,5,0.3
calendar_16,calendar,3,3,7,2.52858656401095,1.4789910359890508,5,0.3
calendar_16,calendar,3,4,7,2.507999357790945,1.4995782422090544,5,0.3
calendar_16,calendar,3,5,7,2.5045816817021938,1.5029959182978063,5,0.3
calendar_16,calendar,3,6,7,2.462463713655926,1.5451138863440756,5,0.3
calendar_16,calendar,3,7,7,2.468845685275571,1.5387319147244298,5,0.3
calendar_16,calendar,3,8,7,2.4366106662617826,1.5709669337382177,5,0.3
calendar_16,calendar,3,9,7,2.698832489769726,1.3087451102302743,5,0.3
calendar_16,calendar,3,0,8,2.6896433043817836,1.317934295618216,5,0.3
calendar_16,calendar,3,1,8,2.414346688878496,1.5932309111215035,5,0.3
calendar_16,calendar,3,2,8,2.448672875441902,1.5589047245580978,5,0.3
calendar_16,calendar,3,3,8,2.478141654808652,1.529435945191348,5,0.3
calendar_16,calendar,3,4,8,2.427976650334954,1.5796009496650467,5,0.3
calendar_16,calendar,3,5,8,2.3942844437943798,1.6132931562056203,5,0.3
calendar_16,calendar,3,6,8,2.4520510674510883,1.5555265325489105,5,0.3
calendar_16,calendar,3,7,8,2.4488526141522238,1.5587249858477765,5,0.3
calendar_16,calendar,3,8,8,2.4021224635779466,1.605455136422053,5,0.3
calendar_16,calendar,3,9,8,2.669315587331145,1.3382620126688545,5,0.3
calendar_16,calendar,3,0,9,2.904952935186387,1.1026246648136138,5,0.3
calendar_16,calendar,3,1,9,2.677738044297013,1.329839555702987,5,0.3
calendar_16,calendar,3,2,9,2.8193697924697414,1.188207807530259,5,0.3
calendar_16,calendar,3,3,9,2.8240364273325187,1.1835411726674827,5,0.3
calendar_16,calendar,3,4,9,2.762820672974237,1.244756927025763,5,0.3
calendar_16,calendar,3,5,9,2.6958795744832846,1.3116980255167152,5,0.3
calendar_16,calendar,3,6,9,2.6689138095237106,1.3386637904762901,5,0.3
calendar_16,calendar,3,7,9,2.8022083314677064,1.2053692685322934,5,0.3
calendar_16,calendar,3,8,9,2.6874078544646567,1.320169745535345,5,0.3
calendar_16,calendar,3,9,9,3.018840548398417,0.9887370516015841,5,0.3
calendar_17,calendar,3,0,0,3.0002980978637512,1.0072795021362488,5,0.3
calendar_17,calendar,3,1,0,2.6797529893257326,1.327824610674268,5,0.3
calendar_17,calendar,3,2,0,2.709690085326246,1.2978875146737539,5,0.3
calendar_17,calendar,3,3,0,2.8147577121182916,1.192819887881709,5,0.3
calendar_17,calendar,3,4,0,2.8555425589215693,1.1520350410784315,5,0.3
calendar_17,calendar,3,5,0,2.740708097556485,1.266869502443516,5,0.3
calendar_17,calendar,3,6,0,2.8140635670774685,1.1935140329225322,5,0.3
calendar_17,calendar,3,7,0,2.768770238105214,1.2388073618947866,5,0.3
calendar_17,calendar,3,8,0,2.691576718284279,1.3160008817157216,5,0.3
calendar_17,calendar,3,9,0,3.1154107175612338,0.8921668824387677,5,0.3
calendar_17,calendar,3,0,1,2.686884736236189,1.3206928637638111,5,0.3
calendar_17,calendar,3,1,1,2.3695611931504392,1.638016406849562,5,0.3
calendar_17,calendar,3,2,1,2.4634874116499437,1.544090188350056,5,0.3
calendar_17,calendar,3,3,1,2.4618185542374253,1.5457590457625763,5,0.3
calendar_17,calendar,3,4,1,2.4479989717536124,1.5595786282463875,5,0.3
calendar_17,calendar,3,5,1,2.4621771985383503,1.5454004014616503,5,0.3
calendar_17,calendar,3,6,1,2.466012958955751,1.5415646410442492,5,0.3
calendar_17,calendar,3,7,1,2.4184115756935576,1.5891660243064425,5,0.3
calendar_17,calendar,3,8,1,2.394890088740743,1.6126875112592576,5,0.3
calendar_17,calendar,3,9,1,2.687573468714711,1.3200041312852882,5,0.3
calendar_17,calendar,3,0,2,2.7566505848216174,1.2509270151783831,5,0.3
calendar_17,calendar,3,1,2,2.448430425469721,1.5591471745302783,5,0.3
calendar_17,calendar,3,2,2,2.5178516061609666,1.4897259938390335,5,0.3
calendar_17,calendar,3,3,2,2.5161105503225913,1.4914670496774087,5,0.3
calendar_17,calendar,3,4,2,2.4923514921029617,1.5152261078970382,5,0.3
calendar_17,calendar,3,5,2,2.5390354741793977,1.4685421258206028,5,0.3
calendar_17,calendar,3,6,2,2.5445467807746307,1.4630308192253685,5,0.3
calendar_17,calendar,3,7,2,2.52840827640595,1.4791693235940508,5,0.3
calendar_17,calendar,3,8,2,2.429564841934874,1.5780127580651262,5,0.3
calendar_17,calendar,3,9,2,2.7826870390752863,1.2248905609247143,5,0.3
calendar_17,calendar,3,0,3,2.815776073457912,1.1918015265420878,5,0.3
calendar_17,calendar,3,1,3,2.485692365167046,1.5218852348329541,5,0.3
calendar_17,calendar,3,2,3,2.46674727565875,1.5408303243412504,5,0.3
calendar_17,calendar,3,3,3,2.477738724232053,1.5298388757679473,5,0.3
calendar_17,calendar,3,4,3,2.550209078072049,1.4573685219279509,5,0.3
calendar_17,calendar,3,5,3,2.522616681806672,1.4849609181933285,5,0.3
calendar_17,calendar,3,6,3,2.6323276604039867,1.3752499395960132,5,0.3
calendar_17,calendar,3,7,3,2.551183093634067,1.4563945063659327,5,0.3
calendar_17,calendar,3,8,3,2.4637816040182643,1.543795995981736,5,0.3
calendar_17,calendar,3,9,3,2.6616343772823883,1.345943222717612,5,0.3
calendar_17,calendar,3,0,4,2.783218119583136,1.2243594804168638,5,0.3
calendar_17,calendar,3,1,4,2.484236084278092,1.523341515721908,5,0.3
calendar_17,calendar,3,2,4,2.487969287832333,1.5196083121676671,5,0.3
calendar_17,calendar,3,3,4,2.4831827915848415,1.5243948084151584,5,0.3
calendar_17,calendar,3,4,4,2.492544577750094,1.515033022249906,5,0.3
calendar_17,calendar,3,5,4,2.529035205339915,1.4785423946600864,5,0.3
calendar_17,calendar,3,6,4,2.544181788031392,1.463395811968608,5,0.3
calendar_17,calendar,3,7,4,2.5346301403081855,1.4729474596918162,5,0.3
calendar_17,calendar,3,8,4,2.464554435401434,1.5430231645985668,5,0.3
calendar_17,calendar,3,9,4,2.738559446382145,1.2690181536178557,5,0.3
calendar_17,calendar,3,0,5,2.769752269218457,1.2378253307815428,5,0.3
calendar_17,calendar,3,1,5,2.439642203626351,1.567935396373649,5,0.3
calendar_17,calendar,3,2,5,2.49700361423622,1.510573985763781,5,0.3
calendar_17,calendar,3,3,5,2.539507453921768,1.468070146078232,5,0.3
calendar_17,calendar,3,4,5,2.4684491211728083,1.5391284788271917,5,0.3
calendar_17,calendar,3,5,5,2.4923454927307995,1.5152321072692008,5,0.3
calendar_17,calendar,3,6,5,2.571162109884998,1.436415490115003,5,0.3
calendar_17,calendar,3,7,5,2.5573640008277954,1.4502135991722052,5,0.3
calendar_17,calendar,3,8,5,2.4772263543144883,1.530351245685512,5,0.3
calendar_17,calendar,3,9,5,2.7905835474004013,1.2169940525995986,5,0.3
calendar_17,calendar,3,0,6,2.7232031503470937,1.284374449652906,5,0.3
calendar_17,calendar,3,1,6,2.41807749899343,1.5895001010065708,5,0.3
calendar_17,calendar,3,2,6,2.4775035733872826,1.5300740266127184,5,0.3
calendar_17,calendar,3,3,6,2.4949803322474837,1.5125972677525161,5,0.3
calendar_17,calendar,3,4,6,2.5009173965243763,1.506660203475624,5,0.3
calendar_17,calendar,3,5,6,2.4989707343205834,1.5086068656794178,5,0.3
calendar_17,calendar,3,6,6,2.5792227103319165,1.4283548896680838,5,0.3
calendar_17,calendar,3,7,6,2.5582526317147374,1.4493249682852622,5,0.3
calendar_17,calendar,3,8,6,2.5267107324612907,1.4808668675387102,5,0.3
calendar_17,calendar,3,9,6,2.7564910645028626,1.2510865354971377,5,0.3
calendar_17,calendar,3,0,7,2.670309236380518,1.337268363619483,5,0.3
calendar_17,calendar,3,1,7,2.3814443230665208,1.62613327693348,5,0.3
calendar_17,calendar,3,2,7,2.4303832603690156,1.5771943396309847,5,0.3
calendar_17,calendar,3,3,7,2.5142988751012942,1.4932787248987054,5,0.3
calendar_17,calendar,3,4,7,2.48975284429759,1.5178247557024114,5,0.3
calendar_17,calendar,3,5,7,2.5111854667058515,1.4963921332941488,5,0.3
calendar_17,calendar,3,6,7,2.5323155306440532,1.4752620693559464,5,0.3
calendar_17,calendar,3,7,7,2.5370285049532666,1.470549095046733,5,0.3
calendar_17,calendar,3,8,7,2.490622281306714,1.516955318693286,5,0.3
calendar_17,calendar,3,9,7,2.8016372221285555,1.2059403778714448,5,0.3
calendar_17,calendar,3,0,8,2.5669322767465053,1.4406453232534955,5,0.3
calendar_17,calendar,3,1,8,2.336051197412621,1.6715264025873802,5,0.3
calendar_17,calendar,3,2,8,2.3678489308608697,1.6397286691391313,5,0.3
calendar_17,calendar,3,3,8,2.451574981919128,1.5560026180808726,5,0.3
calendar_17,calendar,3,4,8,2.410050773727272,1.5975268262727278,5,0.3
calendar_17,calendar,3,5,8,2.468351495122026,1.5392261048779745,5,0.3
calendar_17,calendar,3,6,8,2.4721054290535007,1.5354721709465002,5,0.3
calendar_17,calendar,3,7,8,2.4434307125269097,1.5641468874730915,5,0.3
calendar_17,calendar,3,8,8,2.418743729243881,1.5888338707561191,5,0.3
calendar_17,calendar,3,9,8,2.7175021949178655,1.290075405082135,5,0.3
calendar_17,calendar,3,0,9,3.004155667331762,1.0034219326682372,5,0.3
calendar_17,calendar,3,1,9,2.6315813649707174,1.375996235029283,5,0.3
calendar_17,calendar,3,2,9,2.677459759966083,1.3301178400339173,5,0.3
calendar_17,calendar,3,3,9,2.6758315403353685,1.3317460596646316,5,0.3
calendar_17,calendar,3,4,9,2.7207313011760106,1.2868462988239884,5,0.3
calendar_17,calendar,3,5,9,2.78646000447805,1.2211175955219504,5,0.3
calendar_17,calendar,3,6,9,2.7275185367503667,1.2800590632496336,5,0.3
calendar_17,calendar,3,7,9,2.7556280818927443,1.2519495181072544,5,0.3
calendar_17,calendar,3,8,9,2.686684415435569,1.3208931845644305,5,0.3
calendar_17,calendar,3,9,9,2.9267369501006715,1.0808406498993284,5,0.3
calendar_19,calendar,1,0,0,3.303227029537022,0.7043505704629769,5,0.1
calendar_19,calendar,1,1,0,3.0066567330625666,1.0009208669374325,5,0.1
calendar_19,calendar,1,2,0,3.0881696921279462,0.9194079078720538,5,0.1
calendar_19,calendar,1,3,0,3.086434797208495,0.921142802791506,5,0.1
calendar_19,calendar,1,4,0,3.1261692846212186,0.8814083153787821,5,0.1
calendar_19,calendar,1,5,0,3.1417044690820606,0.86587313091794,5,0.1
calendar_19,calendar,1,6,0,3.169325305036026,0.8382522949639737,5,0.1
calendar_19,calendar,1,7,0,3.027621160307895,0.9799564396921064,5,0.1
calendar_19,calendar,1,8,0,3.0147424992353566,0.9928351007646431,5,0.1
calendar_19,calendar,1,9,0,3.223033882763548,0.7845437172364526,5,0.1
calendar_19,calendar,1,0,1,3.016532055878944,0.9910455441210568,5,0.1
calendar_19,calendar,1,1,1,2.7895954717406966,1.2179821282593033,5,0.1
calendar_19,calendar,1,2,1,2.778553143973555,1.2290244560264452,5,0.1
calendar_19,calendar,1,3,1,2.8732995648837387,1.1342780351162614,5,0.1
calendar_19,calendar,1,4,1,2.8834440507337833,1.124133549266217,5,0.1
calendar_19,calendar,1,5,1,2.921264231554933,1.0863133684450672,5,0.1
calendar_19,calendar,1,6,1,2.835756956535909,1.1718206434640912,5,0.1
calendar_19,calendar,1,7,1,2.90216071485365,1.1054168851463504,5,0.1
calendar_19,calendar,1,8,1,2.779666627797551,1.2279109722024486,5,0.1
calendar_19,calendar,1,9,1,3.033780256120628,0.9737973438793727,5,0.1
calendar_19,calendar,1,0,2,3.0447472504642286,0.9628303495357707,5,0.1
calendar_19,calendar,1,1,2,2.784889334603603,1.2226882653963973,5,0.1
calendar_19,calendar,1,2,2,2.940174999017734,1.067402600982265,5,0.1
calendar_19,calendar,1,3,2,2.9207487296045485,1.08682887039545,5,0.1
calendar_19,calendar,1,4,2,2.9150633535521866,1.092514246447815,5,0.1
calendar_19,calendar,1,5,2,2.948723922912485,1.0588536770875143,5,0.1
calendar_19,calendar,1,6,2,2.937362869795536,1.070214730204464,5,0.1
calendar_19,calendar,1,7,2,2.905928653818965,1.1016489461810346,5,0.1
calendar_19,calendar,1,8,2,2.9156543716146066,1.0919232283853932,5,0.1
calendar_19,calendar,1,9,2,3.1641136600061763,0.8434639399938227,5,0.1
calendar_19,calendar,1,0,3,3.0583982303209747,0.949179369679025,5,0.1
calendar_19,calendar,1,1,3,2.8018082235882407,1.2057693764117603,5,0.1
calendar_19,calendar,1,2,3,2.952352191971288,1.0552254080287125,5,0.1
calendar_19,calendar,1,3,3,2.9867277484878425,1.020849851512158,5,0.1
calendar_19,calendar,1,4,3,2.9312217839489914,1.0763558160510085,5,0.1
calendar_19,calendar,1,5,3,2.955173162173627,1.052404437826373,5,0.1
calendar_19,calendar,1,6,3,2.910089308434172,1.097488291565826,5,0.1
calendar_19,calendar,1,7,3,2.9163617171264047,1.0912158828735954,5,0.1
calendar_19,calendar,1,8,3,2.938353144419038,1.0692244555809618,5,0.1
calendar_19,calendar,1,9,3,3.1236384475652517,0.8839391524347495,5,0.1
calendar_19,calendar,1,0,4,3.0851098160908124,0.9224677839091899,5,0.1
calendar_19,calendar,1,1,4,2.799820017714675,1.2077575822853255,5,0.1
calendar_19,calendar,1,2,4,2.8872217749942224,1.1203558250057772,5,0.1
calendar_19,calendar,1,3,4,2.9118188251818045,1.0957587748181945,5,0.1
calendar_19,calendar,1,4,4,2.950031456210043,1.057546143789957,5,0.1
calendar_19,calendar,1,5,4,2.9773515395099457,1.0302260604900544,5,0.1
calendar_19,calendar,1,6,4,2.9960508087634135,1.0115267912365875,5,0.1
calendar_19,calendar,1,7,4,2.9129956906492556,1.094581909350745,5,0.1
calendar_19,calendar,1,8,4,2.781858307177302,1.2257192928226974,5,0.1
calendar_19,calendar,1,9,4,3.1312543695185684,0.8763232304814313,5,0.1
calendar_19,calendar,1,0,5,3.1220437842418463,0.8855338157581532,5,0.1
calendar_19,calendar,1,1,5,2.8426798888568294,1.1648977111431709,5,0.1
calendar_19,calendar,1,2,5,2.9092952464677295,1.0982823535322714,5,0.1
calendar_19,calendar,1,3,5,2.951491612539306,1.0560859874606952,5,0.1
calendar_19,calendar,1,4,5,2.954136894721837,1.0534407052781627,5,0.1
calendar_19,calendar,1,5,5,3.010554038694869,0.9970235613051318,5,0.1
calendar_19,calendar,1,6,5,2.9551770519507947,1.0524005480492042,5,0.1
calendar_19,calendar,1,7,5,2.9655013173296125,1.0420762826703889,5,0.1
calendar_19,calendar,1,8,5,2.8538465716389148,1.1537310283610847,5,0.1
calendar_19,calendar,1,9,5,3.107753405546432,0.8998241944535681,5,0.1
calendar_19,calendar,1,0,6,3.15890844329145,0.8486691567085503,5,0.1
calendar_19,calendar,1,1,6,2.9138222677099015,1.0937553322900984,5,0.1
calendar_19,calendar,1,2,6,2.899511925085485,1.1080656749145146,5,0.1
calendar_19,calendar,1,3,6,2.938627201183573,1.068950398816428,5,0.1
calendar_19,calendar,1,4,6,2.948432390849457,1.059145209150543,5,0.1
calendar_19,calendar,1,5,6,3.018227022893171,0.9893505771068303,5,0.1
calendar_19,calendar,1,6,6,2.971585039416814,1.035992560583187,5,0.1
calendar_19,calendar,1,7,6,3.028349764395476,0.9792278356045231,5,0.1
calendar_19,calendar,1,8,6,2.9049119660753195,1.1026656339246816,5,0.1
calendar_19,calendar,1,9,6,3.110892532579141,0.8966850674208584,5,0.1
calendar_19,calendar,1,0,7,3.1721653030663557,0.8354122969336446,5,0.1
calendar_19,calendar,1,1,7,2.9245524824021594,1.0830251175978394,5,0.1
calendar_19,calendar,1,2,7,2.984862556027825,1.022715043972175,5,0.1
calendar_19,calendar,1,3,7,2.895771821629484,1.1118057783705177,5,0.1
calendar_19,calendar,1,4,7,2.914659429646263,1.092918170353737,5,0.1
calendar_19,calendar,1,5,7,2.9476512679095976,1.0599263320904035,5,0.1
calendar_19,calendar,1,6,7,2.94220782949152,1.0653697705084795,5,0.1
calendar_19,calendar,1,7,7,2.9403420030560845,1.0672355969439158,5,0.1
calendar_19,calendar,1,8,7,2.87277796539368,1.1347996346063203,5,0.1
calendar_19,calendar,1,9,7,3.061619672344024,0.9459579276559776,5,0.1
calendar_19,calendar,1,0,8,3.0952371986324074,0.9123404013675913,5,0.1
calendar_19,calendar,1,1,8,2.787848934786112,1.2197286652138875,5,0.1
calendar_19,calendar,1,2,8,2.8194170308357323,1.1881605691642665,5,0.1
calendar_19,calendar,1,3,8,2.817236540723231,1.190341059276769,5,0.1
calendar_19,calendar,1,4,8,2.8753235022164656,1.1322540977835334,5,0.1
calendar_19,calendar,1,5,8,2.9127527570693714,1.094824842930627,5,0.1
calendar_19,calendar,1,6,8,2.866750660137813,1.1408269398621862,5,0.1
calendar_19,calendar,1,7,8,2.8661917791417597,1.1413858208582408,5,0.1
calendar_19,calendar,1,8,8,2.7339335005376113,1.2736440994623899,5,0.1
calendar_19,calendar,1,9,8,2.956804910841041,1.0507726891589582,5,0.1
calendar_19,calendar,1,0,9,3.244400537935506,0.7631770620644953,5,0.1
calendar_19,calendar,1,1,9,3.0731749761948923,0.9344026238051087,5,0.1
calendar_19,calendar,1,2,9,3.036360748014865,0.971216851985136,5,0.1
calendar_19,calendar,1,3,9,3.1331270887788203,0.8744505112211814,5,0.1
calendar_19,calendar,1,4,9,3.1004518949178355,0.9071257050821646,5,0.1
calendar_19,calendar,1,5,9,3.106648775095749,0.9009288249042514,5,0.1
calendar_19,calendar,1,6,9,3.1651772389036474,0.8424003610963534,5,0.1
calendar_19,calendar,1,7,9,3.0896166097791826,0.9179609902208182,5,0.1
calendar_19,calendar,1,8,9,2.9367862244142815,1.0707913755857184,5,0.1
calendar_19,calendar,1,9,9,3.1809908213837437,0.826586778616257,5,0.1
calendar_20,calendar,1,0,0,3.2412361345086347,0.7663414654913655,5,0.1
calendar_20,calendar,1,1,0,2.9813125496722903,1.0262650503277089,5,0.1
calendar_20,calendar,1,2,0,3.0427383745946375,0.9648392254053632,5,0.1
calendar_20,calendar,1,3,0,3.125791147621241,0.8817864523787582,5,0.1
calendar_20,calendar,1,4,0,3.1520124507886584,0.8555651492113416,5,0.1
calendar_20,calendar,1,5,0,3.1410578305552246,0.8665197694447739,5,0.1
calendar_20,calendar,1,6,0,3.1201567930338303,0.8874208069661687,5,0.1
calendar_20,calendar,1,7,0,3.1061710831050777,0.9014065168949229,5,0.1
calendar_20,calendar,1,8,0,2.986650178727945,1.020927421272056,5,0.1
calendar_20,calendar,1,9,0,3.1804609711459633,0.827116628854037,5,0.1
calendar_20,calendar,1,0,1,2.976738706546003,1.030838893453996,5,0.1
calendar_20,calendar,1,1,1,2.6938099023942086,1.3137676976057915,5,0.1
calendar_20,calendar,1,2,1,2.853783412738958,1.153794187261042,5,0.1
calendar_20,calendar,1,3,1,2.8923595108544213,1.1152180891455787,5,0.1
calendar_20,calendar,1,4,1,2.9182819563129336,1.089295643687066,5,0.1
calendar_20,calendar,1,5,1,2.8902376587536356,1.1173399412463652,5,0.1
calendar_20,calendar,1,6,1,2.860786726701487,1.1467908732985124,5,0.1
calendar_20,calendar,1,7,1,2.8614832766390674,1.1460943233609329,5,0.1
calendar_20,calendar,1,8,1,2.725395652792746,1.2821819472072542,5,0.1
calendar_20,calendar,1,9,1,2.994291977418499,1.0132856225815003,5,0.1
calendar_20,calendar,1,0,2,3.101248886718398,0.9063287132816025,5,0.1
calendar_20,calendar,1,1,2,2.827774721973529,1.179802878026471,5,0.1
calendar_20,calendar,1,2,2,2.9259285248825773,1.0816490751174213,5,0.1
calendar_20,calendar,1,3,2,2.9232105086679034,1.0843670913320973,5,0.1
calendar_20,calendar,1,4,2,2.9578922402723067,1.0496853597276945,5,0.1
calendar_20,calendar,1,5,2,2.9477456921647884,1.0598319078352112,5,0.1
calendar_20,calendar,1,6,2,2.8578665763071864,1.1497110236928136,5,0.1
calendar_20,calendar,1,7,2,2.89776301524204,1.10981458475796,5,0.1
calendar_20,calendar,1,8,2,2.819338750883056,1.1882388491169444,5,0.1
calendar_20,calendar,1,9,2,3.081719717689079,0.9258578823109217,5,0.1
calendar_20,calendar,1,0,3,3.13620020698799,0.871377393012009,5,0.1
calendar_20,calendar,1,1,3,2.878655181325919,1.1289224186740803,5,0.1
calendar_20,calendar,1,2,3,2.9217372526529743,1.085840347347025,5,0.1
calendar_20,calendar,1,3,3,2.966102111354869,1.041475488645131,5,0.1
calendar_20,calendar,1,4,3,3.0104901514873106,0.9970874485126909,5,0.1
calendar_20,calendar,1,5,3,2.9803413834617136,1.0272362165382856,5,0.1
calendar_20,calendar,1,6,3,2.9038869660138364,1.1036906339861625,5,0.1
calendar_20,calendar,1,7,3,2.877790305846001,1.1297872941539975,5,0.1
calendar_20,calendar,1,8,3,2.8652981510263933,1.1422794489736061,5,0.1
calendar_20,calendar,1,9,3,3.0652401105789036,0.9423374894210983,5,0.1
calendar_20,calendar,1,0,4,3.1196892401937455,0.8878883598062541,5,0.1
calendar_20,calendar,1,1,4,2.8677739801545865,1.1398036198454131,5,0.1
calendar_20,calendar,1,2,4,2.9460643080513655,1.0615132919486339,5,0.1
calendar_20,calendar,1,3,4,2.9321472146789644,1.075430385321035,5,0.1
calendar_20,calendar,1,4,4,3.017300150371149,0.9902774496288526,5,0.1
calendar_20,calendar,1,5,4,2.9536501439822294,1.0539274560177718,5,0.1
calendar_20,calendar,1,6,4,2.892807371058053,1.114770228941946,5,0.1
calendar_20,calendar,1,7,4,2.956343424755063,1.0512341752449377,5,0.1
calendar_20,calendar,1,8,4,2.8555594440665466,1.1520181559334524,5,0.1
calendar_20,calendar,1,9,4,3.046181773320883,0.9613958266791169,5,0.1
calendar_20,calendar,1,0,5,3.1078374758228695,0.8997401241771303,5,0.1
calendar_20,calendar,1,1,5,2.843074387083108,1.1645032129168917,5,0.1
calendar_20,calendar,1,2,5,2.9326485289071407,1.0749290710928578,5,0.1
calendar_20,calendar,1,3,5,2.939376696863219,1.0682009031367803,5,0.1
calendar_20,calendar,1,4,5,2.960652674864227,1.046924925135773,5,0.1
calendar_20,calendar,1,5,5,2.9817789610793675,1.0257986389206317,5,0.1
calendar_20,calendar,1,6,5,2.938437043163319,1.0691405568366816,5,0.1
calendar_20,calendar,1,7,5,2.949206469404096,1.0583711305959052,5,0.1
calendar_20,calendar,1,8,5,2.8848173585000922,1.1227602414999067,5,0.1
calendar_20,calendar,1,9,5,3.1210004740774924,0.8865771259225079,5,0.1
calendar_20,calendar,1,0,6,3.096273142333248,0.9113044576667519,5,0.1
calendar_20,calendar,1,1,6,2.867706844027008,1.1398707559729926,5,0.1
calendar_20,calendar,1,2,6,2.920671447387313,1.0869061526126873,5,0.1
calendar_20,calendar,1,3,6,2.886534891242255,1.1210427087577455,5,0.1
calendar_20,calendar,1,4,6,2.9561920246353917,1.0513855753646077,5,0.1
calendar_20,calendar,1,5,6,2.98189066944467,1.0256869305553307,5,0.1
calendar_20,calendar,1,6,6,2.9512279458614126,1.0563496541385875,5,0.1
calendar_20,calendar,1,7,6,2.922487851970175,1.085089748029827,5,0.1
calendar_20,calendar,1,8,6,2.8380185903687414,1.1695590096312591,5,0.1
calendar_20,calendar,1,9,6,3.087636834956403,0.9199407650435969,5,0.1
calendar_20,calendar,1,0,7,3.099349364608246,0.9082282353917553,5,0.1
calendar_20,calendar,1,1,7,2.8250554646734303,1.1825221353265685,5,0.1
calendar_20,calendar,1,2,7,2.858767353612248,1.1488102463877516,5,0.1
calendar_20,calendar,1,3,7,2.944775117259693,1.0628024827403073,5,0.1
calendar_20,calendar,1,4,7,2.96767153629872,1.03990606370128,5,0.1
calendar_20,calendar,1,5,7,2.9664532135344035,1.0411243864655955,5,0.1
calendar_20,calendar,1,6,7,2.9298390445836744,1.0777385554163261,5,0.1
calendar_20,calendar,1,7,7,2.8739370544895495,1.1336405455104501,5,0.1
calendar_20,calendar,1,8,7,2.8196848386624174,1.1878927613375816,5,0.1
calendar_20,calendar,1,9,7,3.1401602981510877,0.8674173018489113,5,0.1
calendar_20,calendar,1,0,8,3.0276991066387384,0.9798784933612623,5,0.1
calendar_20,calendar,1,1,8,2.7766413580762186,1.230936241923781,5,0.1
calendar_20,calendar,1,2,8,2.8142093036857854,1.1933682963142145,5,0.1
calendar_20,calendar,1,3,8,2.8237857740165055,1.1837918259834959,5,0.1
calendar_20,calendar,1,4,8,2.824586410878057,1.1829911891219427,5,0.1
calendar_20,calendar,1,5,8,2.8733203329934254,1.1342572670065738,5,0.1
calendar_20,calendar,1,6,8,2.816706005258985,1.1908715947410147,5,0.1
calendar_20,calendar,1,7,8,2.7564993550740873,1.2510782449259126,5,0.1
calendar_20,calendar,1,8,8,2.7683169980159223,1.239260601984078,5,0.1
calendar_20,calendar,1,9,8,2.984955326611894,1.0226222733881052,5,0.1
calendar_20,calendar,1,0,9,3.272138601848273,0.7354389981517265,5,0.1
calendar_20,calendar,1,1,9,2.9903961658512292,1.017181434148771,5,0.1
calendar_20,calendar,1,2,9,3.081515690467944,0.9260619095320558,5,0.1
calendar_20,calendar,1,3,9,3.0881843738354156,0.919393226164586,5,0.1
calendar_20,calendar,1,4,9,3.1005880909833987,0.9069895090166017,5,0.1
calendar_20,calendar,1,5,9,3.129051894217413,0.8785257057825885,5,0.1
calendar_20,calendar,1,6,9,3.0246443077625615,0.982933292237438,5,0.1
calendar_20,calendar,1,7,9,3.0458953274759324,0.9616822725240676,5,0.1
calendar_20,calendar,1,8,9,3.0409715767994165,0.9666060232005828,5,0.1
calendar_20,calendar,1,9,9,3.2105743570818697,0.7970032429181315,5,0.1
calendar_21,calendar,1,0,0,3.267491164896436,0.7400864351035648,5,0.1
calendar_21,calendar,1,1,0,3.0189158702434025,0.9886617297565975,5,0.1
calendar_21,calendar,1,2,0,3.1637167417292984,0.8438608582707007,5,0.1
calendar_21,calendar,1,3,0,3.0907148628320873,0.9168627371679123,5,0.1
calendar_21,calendar,1,4,0,3.028530195598849,0.9790474044011527,5,0.1
calendar_21,calendar,1,5,0,3.048624772801698,0.9589528271983028,5,0.1
calendar_21,calendar,1,6,0,3.096984466161068,0.9105931338389336,5,0.1
calendar_21,calendar,1,7,0,3.149627570727052,0.8579500292729474,5,0.1
calendar_21,calendar,1,8,0,3.004890184691167,1.002687415308833,5,0.1
calendar_21,calendar,1,9,0,3.280406184795872,0.727171415204128,5,0.1
calendar_21,calendar,1,0,1,2.9714419071544684,1.0361356928455323,5,0.1
calendar_21,calendar,1,1,1,2.777507714025564,1.2300698859744352,5,0.1
calendar_21,calendar,1,2,1,2.868213641611465,1.1393639583885342,5,0.1
calendar_21,calendar,1,3,1,2.9056345996518047,1.1019430003481938,5,0.1
calendar_21,calendar,1,4,1,2.832443940164903,1.175133659835097,5,0.1
calendar_21,calendar,1,5,1,2.833992191144061,1.1735854088559388,5,0.1
calendar_21,calendar,1,6,1,2.8136532195323594,1.1939243804676394,5,0.1
calendar_21,calendar,1,7,1,2.8278130132332,1.1797645867668003,5,0.1
calendar_21,calendar,1,8,1,2.791149890222672,1.216427709777328,5,0.1
calendar_21,calendar,1,9,1,3.003548244262791,1.0040293557372086,5,0.1
calendar_21,calendar,1,0,2,3.012653372396442,0.9949242276035589,5,0.1
calendar_21,calendar,1,1,2,2.790154496308148,1.2174231036918528,5,0.1
calendar_21,calendar,1,2,2,2.902429098142146,1.1051485018578542,5,0.1
calendar_21,calendar,1,3,2,2.970600862900826,1.036976737099176,5,0.1
calendar_21,calendar,1,4,2,2.9404850301028698,1.0670925698971307,5,0.1
calendar_21,calendar,1,5,2,2.9348036174513887,1.0727739825486102,5,0.1
calendar_21,calendar,1,6,2,2.9259614648168633,1.0816161351831373,5,0.1
calendar_21,calendar,1,7,2,2.9194992938850026,1.0880783061149977,5,0.1
calendar_21,calendar,1,8,2,2.8905265384547443,1.1170510615452565,5,0.1
calendar_21,calendar,1,9,2,3.06655038069757,0.9410272193024303,5,0.1
calendar_21,calendar,1,0,3,3.014918077524867,0.9926595224751334,5,0.1
calendar_21,calendar,1,1,3,2.807007468471324,1.200570131528675,5,0.1
calendar_21,calendar,1,2,3,2.935320124404605,1.072257475595394,5,0.1
calendar_21,calendar,1,3,3,2.997125171345568,1.0104524286544327,5,0.1
calendar_21,calendar,1,4,3,2.9652302608324077,1.0423473391675926,5,0.1
calendar_21,calendar,1,5,3,2.959448326374262,1.048129273625737,5,0.1
calendar_21,calendar,1,6,3,2.9407133680821085,1.0668642319178911,5,0.1
calendar_21,calendar,1,7,3,2.9116878115122007,1.0958897884878003,5,0.1
calendar_21,calendar,1,8,3,2.873480346280141,1.1340972537198586,5,0.1
calendar_21,calendar,1,9,3,3.088325714903346,0.9192518850966547,5,0.1
calendar_21,calendar,1,0,4,3.0218360093743923,0.985741590625608,5,0.1
calendar_21,calendar,1,1,4,2.801078821213591,1.2064987787864083,5,0.1
calendar_21,calendar,1,2,4,2.8947098948837815,1.1128677051162168,5,0.1
calendar_21,calendar,1,3,4,2.9488710971560095,1.05870650284399,5,0.1
calendar_21,calendar,1,4,4,2.951771162972957,1.055806437027043,5,0.1
calendar_21,calendar,1,5,4,2.961585143873004,1.0459924561269964,5,0.1
calendar_21,calendar,1,6,4,2.9354431226306215,1.0721344773693784,5,0.1
calendar_21,calendar,1,7,4,2.9148289147841986,1.0927486852158017,5,0.1
calendar_21,calendar,1,8,4,2.894867127252197,1.1127104727478034,5,0.1
calendar_21,calendar,1,9,4,3.0602775130625854,0.947300086937415,5,0.1
calendar_21,calendar,1,0,5,3.0972096955271344,0.9103679044728662,5,0.1
calendar_21,calendar,1,1,5,2.8181762770115957,1.1894013229884046,5,0.1
calendar_21,calendar,1,2,5,2.9061088375097013,1.1014687624902981,5,0.1
calendar_21,calendar,1,3,5,2.9297486541668265,1.0778289458331745,5,0.1
calendar_21,calendar,1,4,5,2.891136935490385,1.1164406645096165,5,0.1
calendar_21,calendar,1,5,5,2.9014798395418007,1.106097760458199,5,0.1
calendar_21,calendar,1,6,5,2.959680978043315,1.0478966219566848,5,0.1
calendar_21,calendar,1,7,5,2.9380647051210405,1.0695128948789587,5,0.1
calendar_21,calendar,1,8,5,2.8674478050990184,1.1401297949009823,5,0.1
calendar_21,calendar,1,9,5,3.1066090767847103,0.9009685232152908,5,0.1
calendar_21,calendar,1,0,6,3.094921545602974,0.9126560543970257,5,0.1
calendar_21,calendar,1,1,6,2.9041712849195425,1.1034063150804585,5,0.1
calendar_21,calendar,1,2,6,2.92489733954007,1.0826802604599308,5,0.1
calendar_21,calendar,1,3,6,2.9179408439273278,1.0896367560726714,5,0.1
calendar_21,calendar,1,4,6,2.93787631781054,1.0697012821894603,5,0.1
calendar_21,calendar,1,5,6,3.0011958363327724,1.006381763667229,5,0.1
calendar_21,calendar,1,6,6,2.9766067231885183,1.0309708768114818,5,0.1
calendar_21,calendar,1,7,6,2.9476554517050557,1.059922148294944,5,0.1
calendar_21,calendar,1,8,6,2.854662647455915,1.152914952544085,5,0.1
calendar_21,calendar,1,9,6,3.0461576920944453,0.9614199079055551,5,0.1
calendar_21,calendar,1,0,7,3.0994420274575747,0.9081355725424248,5,0.1
calendar_21,calendar,1,1,7,2.8203009079984858,1.187276692001514,5,0.1
calendar_21,calendar,1,2,7,2.932856871937066,1.0747207280629343,5,0.1
calendar_21,calendar,1,3,7,2.9451686579157674,1.062408942084234,5,0.1
calendar_21,calendar,1,4,7,2.9400787091041254,1.0674988908958745,5,0.1
calendar_21,calendar,1,5,7,2.9812778510814404,1.0262997489185601,5,0.1
calendar_21,calendar,1,6,7,2.9481632455737747,1.0594143544262256,5,0.1
calendar_21,calendar,1,7,7,2.9205821440435034,1.0869954559564956,5,0.1
calendar_21,calendar,1,8,7,2.8116824163629217,1.1958951836370784,5,0.1
calendar_21,calendar,1,9,7,3.0544391384929,0.9531384615070998,5,0.1
calendar_21,calendar,1,0,8,3.0121992953288776,0.9953783046711218,5,0.1
calendar_21,calendar,1,1,8,2.7847271604573214,1.2228504395426796,5,0.1
calendar_21,calendar,1,2,8,2.8614723508528592,1.146105249147141,5,0.1
calendar_21,calendar,1,3,8,2.828550382857731,1.1790272171422695,5,0.1
calendar_21,calendar,1,4,8,2.9581228261468264,1.0494547738531737,5,0.1
calendar_21,calendar,1,5,8,2.85550392296401,1.1520736770359903,5,0.1
calendar_21,calendar,1,6,8,2.90171976711019,1.1058578328898094,5,0.1
calendar_21,calendar,1,7,8,2.9481970502872903,1.0593805497127113,5,0.1
calendar_21,calendar,1,8,8,2.7224183022865565,1.2851592977134434,5,0.1
calendar_21,calendar,1,9,8,3.0169055465765506,0.9906720534234517,5,0.1
calendar_21,calendar,1,0,9,3.250069153019106,0.7575084469808938,5,0.1
calendar_21,calendar,1,1,9,3.041053413572688,0.9665241864273115,5,0.1
calendar_21,calendar,1,2,9,3.084092303812292,0.9234852961877087,5,0.1
calendar_21,calendar,1,3,9,3.117809786974861,0.8897678130251399,5,0.1
calendar_21,calendar,1,4,9,3.103702232167817,0.9038753678321817,5,0.1
calendar_21,calendar,1,5,9,3.1285249013357794,0.8790526986642195,5,0.1
calendar_21,calendar,1,6,9,3.1624901067879843,0.8450874932120159,5,0.1
calendar_21,calendar,1,7,9,3.127307433236226,0.8802701667637743,5,0.1
calendar_21,calendar,1,8,9,3.068660114961763,0.9389174850382372,5,0.1
calendar_21,calendar,1,9,9,3.23431395413987,0.7732636458601304,5,0.1
calendar_22,calendar,1,0,0,3.2399146958444933,0.767662904155507,5,0.1
calendar_22,calendar,1,1,0,3.0029224220323796,1.004655177967621,5,0.1
calendar_22,calendar,1,2,0,3.0789354477723734,0.9286421522276272,5,0.1
calendar_22,calendar,1,3,0,3.0908954255497987,0.9166821744502024,5,0.1
calendar_22,calendar,1,4,0,3.125205917409102,0.8823716825908992,5,0.1
calendar_22,calendar,1,5,0,3.152716001054882,0.8548615989451193,5,0.1
calendar_22,calendar,1,6,0,3.0883811931132477,0.9191964068867521,5,0.1
calendar_22,calendar,1,7,0,3.079976127673035,0.9276014723269654,5,0.1
calendar_22,calendar,1,8,0,3.0089128408610697,0.9986647591389302,5,0.1
calendar_22,calendar,1,9,0,3.214090898434522,0.793486701565478,5,0.1
calendar_22,calendar,1,0,1,3.0312179949690217,0.976359605030978,5,0.1
calendar_22,calendar,1,1,1,2.7338686442229228,1.2737089557770782,5,0.1
calendar_22,calendar,1,2,1,2.8457103473201903,1.161867252679809,5,0.1
calendar_22,calendar,1,3,1,2.91133273731458,1.096244862685421,5,0.1
calendar_22,calendar,1,4,1,2.8900012182040267,1.1175763817959736,5,0.1
calendar_22,calendar,1,5,1,2.8349077168105596,1.1726698831894404,5,0.1
calendar_22,calendar,1,6,1,2.84541356086381,1.1621640391361896,5,0.1
calendar_22,calendar,1,7,1,2.753175107650786,1.254402492349214,5,0.1
calendar_22,calendar,1,8,1,2.7037707121783585,1.3038068878216433,5,0.1
calendar_22,calendar,1,9,1,3.043416793116717,0.964160806883284,5,0.1
calendar_22,calendar,1,0,2,3.001178841251917,1.0063987587480836,5,0.1
calendar_22,calendar,1,1,2,2.8048572332936565,1.2027203667063435,5,0.1
calendar_22,calendar,1,2,2,2.887784793772759,1.1197928062272404,5,0.1
calendar_22,calendar,1,3,2,2.959568310880432,1.048009289119567,5,0.1
calendar_22,calendar,1,4,2,2.9467447069577863,1.0608328930422146,5,0.1
calendar_22,calendar,1,5,2,2.9162943849033813,1.091283215096619,5,0.1
calendar_22,calendar,1,6,2,2.9015642676997584,1.1060133323002423,5,0.1
calendar_22,calendar,1,7,2,2.895703036242531,1.1118745637574698,5,0.1
calendar_22,calendar,1,8,2,2.780479787275031,1.2270978127249685,5,0.1
calendar_22,calendar,1,9,2,3.116249907977516,0.8913276920224845,5,0.1
calendar_22,calendar,1,0,3,3.0461869866195133,0.9613906133804863,5,0.1
calendar_22,calendar,1,1,3,2.799617832043557,1.2079597679564436,5,0.1
calendar_22,calendar,1,2,3,2.889652010602049,1.1179255893979507,5,0.1
calendar_22,calendar,1,3,3,2.939441311788658,1.068136288211342,5,0.1
calendar_22,calendar,1,4,3,2.9944487463211575,1.0131288536788408,5,0.1
calendar_22,calendar,1,5,3,3.003874266024186,1.003703333975815,5,0.1
calendar_22,calendar,1,6,3,2.899016927101252,1.1085606728987487,5,0.1
calendar_22,calendar,1,7,3,2.9037196040909317,1.1038579959090689,5,0.1
calendar_22,calendar,1,8,3,2.8241653288684505,1.1834122711315498,5,0.1
calendar_22,calendar,1,9,3,3.1465800435995597,0.8609975564004415,5,0.1
calendar_22,calendar,1,0,4,3.077169967199842,0.9304076328001576,5,0.1
calendar_22,calendar,1,1,4,2.822566398990023,1.1850112010099774,5,0.1
calendar_22,calendar,1,2,4,2.909646465003842,1.0979311349961574,5,0.1
calendar_22,calendar,1,3,4,3.0082124083804547,0.999365191619546,5,0.1
calendar_22,calendar,1,4,4,2.9781491851655715,1.0294284148344297,5,0.1
calendar_22,calendar,1,5,4,2.9843174495256815,1.0232601504743186,5,0.1
calendar_22,calendar,1,6,4,2.9614214732648274,1.0461561267351716,5,0.1
calendar_22,calendar,1,7,4,2.925854412699436,1.0817231873005642,5,0.1
calendar_22,calendar,1,8,4,2.862001778401252,1.1455758215987464,5,0.1
calendar_22,calendar,1,9,4,3.084225123004477,0.9233524769955218,5,0.1
calendar_22,calendar,1,0,5,3.184212995939006,0.8233646040609951,5,0.1
calendar_22,calendar,1,1,5,2.933569603926476,1.0740079960735247,5,0.1
calendar_22,calendar,1,2,5,3.049574477478609,0.9580031225213901,5,0.1
calendar_22,calendar,1,3,5,2.96185802913737,1.045719570862631,5,0.1
calendar_22,calendar,1,4,5,2.993505264818701,1.0140723351813015,5,0.1
calendar_22,calendar,1,5,5,2.98399684720142,1.0235807527985803,5,0.1
calendar_22,calendar,1,6,5,2.9960250538731423,1.0115525461268589,5,0.1
calendar_22,calendar,1,7,5,2.950425864642742,1.0571517353572577,5,0.1
calendar_22,calendar,1,8,5,2.818447139960556,1.1891304600394448,5,0.1
calendar_22,calendar,1,9,5,3.1034677894693683,0.9041098105306316,5,0.1
calendar_22,calendar,1,0,6,3.1963699350748334,0.8112076649251663,5,0.1
calendar_22,calendar,1,1,6,2.9511980934347277,1.056379506565271,5,0.1
calendar_22,calendar,1,2,6,2.981286942535952,1.0262906574640467,5,0.1
calendar_22,calendar,1,3,6,2.9558673802048583,1.0517102197951416,5,0.1
calendar_22,calendar,1,4,6,2.9620673587920106,1.0455102412079904,5,0.1
calendar_22,calendar,1,5,6,2.945796972896464,1.0617806271035373,5,0.1
calendar_22,calendar,1,6,6,2.9971981387923847,1.0103794612076153,5,0.1
calendar_22,calendar,1,7,6,2.929088469458351,1.07848913054165,5,0.1
calendar_22,calendar,1,8,6,2.8735633657827515,1.1340142342172477,5,0.1
calendar_22,calendar,1,9,6,3.1568216488514076,0.8507559511485914,5,0.1
calendar_22,calendar,1,0,7,3.0759587805063617,0.9316188194936392,5,0.1
calendar_22,calendar,1,1,7,2.7989849236018705,1.2085926763981296,5,0.1
calendar_22,calendar,1,2,7,2.908718404666106,1.0988591953338942,5,0.1
calendar_22,calendar,1,3,7,2.923105844302753,1.0844717556972474,5,0.1
calendar_22,calendar,1,4,7,2.9665381609309294,1.0410394390690716,5,0.1
calendar_22,calendar,1,5,7,3.0125082661465656,0.9950693338534352,5,0.1
calendar_22,calendar,1,6,7,2.957932799456443,1.0496448005435577,5,0.1
calendar_22,calendar,1,7,7,2.9194489805049106,1.088128619495089,5,0.1
calendar_22,calendar,1,8,7,2.851404412312918,1.1561731876870815,5,0.1
calendar_22,calendar,1,9,7,3.1048089875911398,0.9027686124088604,5,0.1
calendar_22,calendar,1,0,8,3.030860821310064,0.9767167786899367,5,0.1
calendar_22,calendar,1,1,8,2.718150304615469,1.2894272953845305,5,0.1
calendar_22,calendar,1,2,8,2.8542029486591987,1.1533746513408019,5,0.1
calendar_22,calendar,1,3,8,2.8108116724198595,1.1967659275801403,5,0.1
calendar_22,calendar,1,4,8,2.8261889869833845,1.1813886130166147,5,0.1
calendar_22,calendar,1,5,8,2.898962556795066,1.1086150432049324,5,0.1
calendar_22,calendar,1,6,8,2.885891885803135,1.121685714196865,5,0.1
calendar_22,calendar,1,7,8,2.8051285675348048,1.202449032465196,5,0.1
calendar_22,calendar,1,8,8,2.729000996274532,1.2785766037254676,5,0.1
calendar_22,calendar,1,9,8,2.9733511884266877,1.034226411573314,5,0.1
calendar_22,calendar,1,0,9,3.2129032929162626,0.7946743070837379,5,0.1
calendar_22,calendar,1,1,9,3.0350272739916413,0.9725503260083602,5,0.1
calendar_22,calendar,1,2,9,3.087753446905773,0.9198241530942263,5,0.1
calendar_22,calendar,1,3,9,3.055989338778379,0.9515882612216209,5,0.1
calendar_22,calendar,1,4,9,3.0628202622947813,0.9447573377052197,5,0.1
calendar_22,calendar,1,5,9,3.1142593468969237,0.8933182531030768,5,0.1
calendar_22,calendar,1,6,9,3.133995333555352,0.873582266444648,5,0.1
calendar_22,calendar,1,7,9,3.070729605674945,0.9368479943250542,5,0.1
calendar_22,calendar,1,8,9,2.9794005237793995,1.0281770762206006,5,0.1
calendar_22,calendar,1,9,9,3.1975643373093487,0.8100132626906513,5,0.1
calendar_19,calendar,2,0,0,3.0951249994442374,0.9124526005557628,5,0.19999999999999998
calendar_19,calendar,2,1,0,2.78688587480157,1.2206917251984286,5,0.19999999999999998
calendar_19,calendar,2,2,0,2.869857207112002,1.1377203928879975,5,0.19999999999999998
calendar_19,calendar,2,3,0,2.922134728078236,1.085442871921764,5,0.19999999999999998
calendar_19,calendar,2,4,0,2.9138501556751057,1.0937274443248943,5,0.19999999999999998
calendar_19,calendar,2,5,0,2.937226309976697,1.070351290023304,5,0.19999999999999998
calendar_19,calendar,2,6,0,2.9114377038024197,1.0961398961975817,5,0.19999999999999998
calendar_19,calendar,2,7,0,2.895886403253436,1.1116911967465646,5,0.19999999999999998
calendar_19,calendar,2,8,0,2.7172059196652745,1.2903716803347256,5,0.19999999999999998
calendar_19,calendar,2,9,0,3.076580202422484,0.9309973975775151,5,0.19999999999999998
calendar_19,calendar,2,0,1,2.8149876552422133,1.192589944757788,5,0.19999999999999998
calendar_19,calendar,2,1,1,2.5398355339253498,1.4677420660746514,5,0.19999999999999998
calendar_19,calendar,2,2,1,2.670265141383873,1.337312458616127,5,0.19999999999999998
calendar_19,calendar,2,3,1,2.6472524854242727,1.3603251145757274,5,0.19999999999999998
calendar_19,calendar,2,4,1,2.661214261765893,1.346363338234107,5,0.19999999999999998
calendar_19,calendar,2,5,1,2.630399350256762,1.3771782497432379,5,0.19999999999999998
calendar_19,calendar,2,6,1,2.7280115457689136,1.2795660542310867,5,0.19999999999999998
calendar_19,calendar,2,7,1,2.585148543443336,1.4224290565566649,5,0.19999999999999998
calendar_19,calendar,2,8,1,2.5424263306830532,1.465151269316947,5,0.19999999999999998
calendar_19,calendar,2,9,1,2.766161194449926,1.2414164055500738,5,0.19999999999999998
calendar_19,calendar,2,0,2,2.89481729726092,1.1127603027390798,5,0.19999999999999998
calendar_19,calendar,2,1,2,2.6699147179511438,1.3376628820488572,5,0.19999999999999998
calendar_19,calendar,2,2,2,2.808877251995686,1.1987003480043146,5,0.19999999999999998
calendar_19,calendar,2,3,2,2.8194872198410077,1.1880903801589922,5,0.19999999999999998
calendar_19,calendar,2,4,2,2.7294805961695774,1.2780970038304238,5,0.19999999999999998
calendar_19,calendar,2,5,2,2.7453427751831794,1.2622348248168205,5,0.19999999999999998
calendar_19,calendar,2,6,2,2.7789804665461886,1.228597133453812,5,0.19999999999999998
calendar_19,calendar,2,7,2,2.738544727801151,1.2690328721988495,5,0.19999999999999998
calendar_19,calendar,2,8,2,2.6108004805031637,1.3967771194968364,5,0.19999999999999998
calendar_19,calendar,2,9,2,2.9236978720026925,1.083879727997308,5,0.19999999999999998
calendar_19,calendar,2,0,3,2.945484439301982,1.062093160698018,5,0.19999999999999998
calendar_19,calendar,2,1,3,2.6885403379138757,1.319037262086125,5,0.19999999999999998
calendar_19,calendar,2,2,3,2.7953986409135623,1.212178959086438,5,0.19999999999999998
calendar_19,calendar,2,3,3,2.8439005498982715,1.1636770501017284,5,0.19999999999999998
calendar_19,calendar,2,4,3,2.8475811957825052,1.1599964042174955,5,0.19999999999999998
calendar_19,calendar,2,5,3,2.7503986413642547,1.2571789586357442,5,0.19999999999999998
calendar_19,calendar,2,6,3,2.8065010938102546,1.2010765061897453,5,0.19999999999999998
calendar_19,calendar,2,7,3,2.7418680098612085,1.2657095901387916,5,0.19999999999999998
calendar_19,calendar,2,8,3,2.6884932667327606,1.3190843332672386,5,0.19999999999999998
calendar_19,calendar,2,9,3,2.946257312046472,1.0613202879535288,5,0.19999999999999998
calendar_19,calendar,2,0,4,2.924730480605872,1.0828471193941267,5,0.19999999999999998
calendar_19,calendar,2,1,4,2.6962622265193943,1.311315373480606,5,0.19999999999999998
calendar_19,calendar,2,2,4,2.8249437912384883,1.1826338087615116,5,0.19999999999999998
calendar_19,calendar,2,3,4,2.796720909648787,1.2108566903512132,5,0.19999999999999998
calendar_19,calendar,2,4,4,2.843701401123133,1.1638761988768673,5,0.19999999999999998
calendar_19,calendar,2,5,4,2.825249617676866,1.1823279823231347,5,0.19999999999999998
calendar_19,calendar,2,6,4,2.747083536012064,1.2604940639879354,5,0.19999999999999998
calendar_19,calendar,2,7,4,2.7265642650142663,1.2810133349857336,5,0.19999999999999998
calendar_19,calendar,2,8,4,2.6830544363612683,1.3245231636387331,5,0.19999999999999998
calendar_19,calendar,2,9,4,2.979859136476182,1.0277184635238177,5,0.19999999999999998
calendar_19,calendar,2,0,5,2.901657433698701,1.105920166301299,5,0.19999999999999998
calendar_19,calendar,2,1,5,2.62768816638146,1.3798894336185412,5,0.19999999999999998
calendar_19,calendar,2,2,5,2.7776618456604574,1.229915754339542,5,0.19999999999999998
calendar_19,calendar,2,3,5,2.8221012020857383,1.1854763979142622,5,0.19999999999999998
calendar_19,calendar,2,4,5,2.8222412818680325,1.185336318131968,5,0.19999999999999998
calendar_19,calendar,2,5,5,2.868941930339537,1.138635669660462,5,0.19999999999999998
calendar_19,calendar,2,6,5,2.817258265660214,1.1903193343397858,5,0.19999999999999998
calendar_19,calendar,2,7,5,2.735070689150128,1.2725069108498723,5,0.19999999999999998
calendar_19,calendar,2,8,5,2.766246611423869,1.2413309885761314,5,0.19999999999999998
calendar_19,calendar,2,9,5,2.9422435721723246,1.0653340278276746,5,0.19999999999999998
calendar_19,calendar,2,0,6,2.9411695017229755,1.066408098277024,5,0.19999999999999998
calendar_19,calendar,2,1,6,2.654312840885122,1.3532647591148783,5,0.19999999999999998
calendar_19,calendar,2,2,6,2.763720112722964,1.2438574872770363,5,0.19999999999999998
calendar_19,calendar,2,3,6,2.7921618172608853,1.2154157827391152,5,0.19999999999999998
calendar_19,calendar,2,4,6,2.7585828693063172,1.2489947306936828,5,0.19999999999999998
calendar_19,calendar,2,5,6,2.736098519770145,1.2714790802298548,5,0.19999999999999998
calendar_19,calendar,2,6,6,2.7876535496115817,1.219924050388418,5,0.19999999999999998
calendar_19,calendar,2,7,6,2.7911861230671327,1.2163914769328674,5,0.19999999999999998
calendar_19,calendar,2,8,6,2.6657654360184115,1.3418121639815892,5,0.19999999999999998
calendar_19,calendar,2,9,6,2.919349411810121,1.0882281881898777,5,0.19999999999999998
calendar_19,calendar,2,0,7,2.893072619078805,1.1145049809211962,5,0.19999999999999998
calendar_19,calendar,2,1,7,2.6363211285756405,1.3712564714243605,5,0.19999999999999998
calendar_19,calendar,2,2,7,2.7241991259655616,1.2833784740344376,5,0.19999999999999998
calendar_19,calendar,2,3,7,2.7841103480831686,1.2234672519168306,5,0.19999999999999998
calendar_19,calendar,2,4,7,2.787307614777942,1.220269985222058,5,0.19999999999999998
calendar_19,calendar,2,5,7,2.6678608715211207,1.3397167284788791,5,0.19999999999999998
calendar_19,calendar,2,6,7,2.6871185530160755,1.3204590469839241,5,0.19999999999999998
calendar_19,calendar,2,7,7,2.6603116125727344,1.3472659874272663,5,0.19999999999999998
calendar_19,calendar,2,8,7,2.601647513591674,1.4059300864083262,5,0.19999999999999998
calendar_19,calendar,2,9,7,2.9327229510630293,1.0748546489369712,5,0.19999999999999998
calendar_19,calendar,2,0,8,2.862728698666998,1.1448489013330025,5,0.19999999999999998
calendar_19,calendar,2,1,8,2.600756600001208,1.4068209999987924,5,0.19999999999999998
calendar_19,calendar,2,2,8,2.643147536173018,1.3644300638269824,5,0.19999999999999998
calendar_19,calendar,2,3,8,2.6534834693701597,1.3540941306298393,5,0.19999999999999998
calendar_19,calendar,2,4,8,2.625570044704798,1.382007555295202,5,0.19999999999999998
calendar_19,calendar,2,5,8,2.610457819736815,1.3971197802631843,5,0.19999999999999998
calendar_19,calendar,2,6,8,2.603740275265665,1.4038373247343352,5,0.19999999999999998
calendar_19,calendar,2,7,8,2.5370462292032125,1.4705313707967893,5,0.19999999999999998
calendar_19,calendar,2,8,8,2.471531219737256,1.5360463802627442,5,0.19999999999999998
calendar_19,calendar,2,9,8,2.8391571180674617,1.1684204819325388,5,0.19999999999999998
calendar_19,calendar,2,0,9,3.2037521304762198,0.803825469523781,5,0.19999999999999998
calendar_19,calendar,2,1,9,2.867814566317005,1.1397630336829945,5,0.19999999999999998
calendar_19,calendar,2,2,9,2.999490525921379,1.008087074078621,5,0.19999999999999998
calendar_19,calendar,2,3,9,2.884819662025507,1.1227579379744916,5,0.19999999999999998
calendar_19,calendar,2,4,9,2.9363815279450773,1.0711960720549234,5,0.19999999999999998
calendar_19,calendar,2,5,9,2.920287028487653,1.087290571512346,5,0.19999999999999998
calendar_19,calendar,2,6,9,2.859262910089354,1.1483146899106478,5,0.19999999999999998
calendar_19,calendar,2,7,9,2.863925588243179,1.1436520117568199,5,0.19999999999999998
calendar_19,calendar,2,8,9,2.7859220410470473,1.221655558952952,5,0.19999999999999998
calendar_19,calendar,2,9,9,3.078187369881166,0.9293902301188344,5,0.19999999999999998
calendar_20,calendar,2,0,0,3.105170968728941,0.9024066312710586,5,0.19999999999999998
calendar_20,calendar,2,1,0,2.770506262682323,1.237071337317677,5,0.19999999999999998
calendar_20,calendar,2,2,0,2.9708721623322423,1.0367054376677585,5,0.19999999999999998
calendar_20,calendar,2,3,0,2.981843179583403,1.025734420416597,5,0.19999999999999998
calendar_20,calendar,2,4,0,2.9888144656922653,1.0187631343077348,5,0.19999999999999998
calendar_20,calendar,2,5,0,2.9703582318159234,1.0372193681840758,5,0.19999999999999998
calendar_20,calendar,2,6,0,2.9616038907454008,1.045973709254599,5,0.19999999999999998
calendar_20,calendar,2,7,0,2.9366789150479633,1.0708986849520368,5,0.19999999999999998
calendar_20,calendar,2,8,0,2.886762303886409,1.1208152961135915,5,0.19999999999999998
calendar_20,calendar,2,9,0,3.1969955257015097,0.8105820742984894,5,0.19999999999999998
calendar_20,calendar,2,0,1,2.800958340074309,1.2066192599256917,5,0.19999999999999998
calendar_20,calendar,2,1,1,2.5483807535579786,1.459196846442022,5,0.19999999999999998
calendar_20,calendar,2,2,1,2.590998691904663,1.4165789080953368,5,0.19999999999999998
calendar_20,calendar,2,3,1,2.697589091562134,1.3099885084378646,5,0.19999999999999998
calendar_20,calendar,2,4,1,2.6371678036222757,1.3704097963777249,5,0.19999999999999998
calendar_20,calendar,2,5,1,2.6739708382431906,1.3336067617568106,5,0.19999999999999998
calendar_20,calendar,2,6,1,2.6539801222214625,1.3535974777785376,5,0.19999999999999998
calendar_20,calendar,2,7,1,2.6292796599386636,1.3782979400613367,5,0.19999999999999998
calendar_20,calendar,2,8,1,2.5598259254776856,1.4477516745223158,5,0.19999999999999998
calendar_20,calendar,2,9,1,2.8972153423202567,1.1103622576797427,5,0.19999999999999998
calendar_20,calendar,2,0,2,2.946816992980528,1.060760607019472,5,0.19999999999999998
calendar_20,calendar,2,1,2,2.55753104162983,1.450046558370171,5,0.19999999999999998
calendar_20,calendar,2,2,2,2.6541545164979983,1.353423083502001,5,0.19999999999999998
calendar_20,calendar,2,3,2,2.6940511008463677,1.3135264991536326,5,0.19999999999999998
calendar_20,calendar,2,4,2,2.7524253680959756,1.255152231904024,5,0.19999999999999998
calendar_20,calendar,2,5,2,2.718642052721067,1.2889355472789328,5,0.19999999999999998
calendar_20,calendar,2,6,2,2.7143992148780467,1.293178385121953,5,0.19999999999999998
calendar_20,calendar,2,7,2,2.691206841084761,1.316370758915239,5,0.19999999999999998
calendar_20,calendar,2,8,2,2.6175718199093896,1.3900057800906112,5,0.19999999999999998
calendar_20,calendar,2,9,2,2.8765507503110617,1.131026849688939,5,0.19999999999999998
calendar_20,calendar,2,0,3,2.9398329214792756,1.0677446785207247,5,0.19999999999999998
calendar_20,calendar,2,1,3,2.663386593537087,1.3441910064629128,5,0.19999999999999998
calendar_20,calendar,2,2,3,2.724899838863806,1.2826777611361941,5,0.19999999999999998
calendar_20,calendar,2,3,3,2.716937314842412,1.2906402851575884,5,0.19999999999999998
calendar_20,calendar,2,4,3,2.715139065662052,1.2924385343379476,5,0.19999999999999998
calendar_20,calendar,2,5,3,2.698658761119548,1.3089188388804518,5,0.19999999999999998
calendar_20,calendar,2,6,3,2.7202969073760204,1.2872806926239786,5,0.19999999999999998
calendar_20,calendar,2,7,3,2.7643727458656366,1.2432048541343625,5,0.19999999999999998
calendar_20,calendar,2,8,3,2.629228458918695,1.378349141081306,5,0.19999999999999998
calendar_20,calendar,2,9,3,2.9032852657835857,1.1042923342164148,5,0.19999999999999998
calendar_20,calendar,2,0,4,2.933114113548847,1.0744634864511522,5,0.19999999999999998
calendar_20,calendar,2,1,4,2.580018238561948,1.4275593614380524,5,0.19999999999999998
calendar_20,calendar,2,2,4,2.803340390004881,1.2042372099951175,5,0.19999999999999998
calendar_20,calendar,2,3,4,2.7495324429615784,1.2580451570384217,5,0.19999999999999998
calendar_20,calendar,2,4,4,2.750556939192042,1.2570206608079575,5,0.19999999999999998
calendar_20,calendar,2,5,4,2.6920630095965086,1.315514590403491,5,0.19999999999999998
calendar_20,calendar,2,6,4,2.760440179923762,1.2471374200762373,5,0.19999999999999998
calendar_20,calendar,2,7,4,2.757500530374755,1.2500770696252441,5,0.19999999999999998
calendar_20,calendar,2,8,4,2.7069978506838157,1.3005797493161841,5,0.19999999999999998
calendar_20,calendar,2,9,4,2.916257712739098,1.0913198872609027,5,0.19999999999999998
calendar_20,calendar,2,0,5,2.9488292661695312,1.0587483338304684,5,0.19999999999999998
calendar_20,calendar,2,1,5,2.6921179619916367,1.3154596380083643,5,0.19999999999999998
calendar_20,calendar,2,2,5,2.7233114540600094,1.2842661459399904,5,0.19999999999999998
calendar_20,calendar,2,3,5,2.716835765122325,1.2907418348776762,5,0.19999999999999998
calendar_20,calendar,2,4,5,2.748120796895477,1.2594568031045243,5,0.19999999999999998
calendar_20,calendar,2,5,5,2.7161706467194695,1.2914069532805301,5,0.19999999999999998
calendar_20,calendar,2,6,5,2.803984626096689,1.2035929739033109,5,0.19999999999999998
calendar_20,calendar,2,7,5,2.7574949867075036,1.250082613292497,5,0.19999999999999998
calendar_20,calendar,2,8,5,2.7477938658693644,1.2597837341306357,5,0.19999999999999998
calendar_20,calendar,2,9,5,2.9449666932658745,1.0626109067341256,5,0.19999999999999998
calendar_20,calendar,2,0,6,2.9698709255272275,1.0377066744727725,5,0.19999999999999998
calendar_20,calendar,2,1,6,2.690857038393151,1.3167205616068496,5,0.19999999999999998
calendar_20,calendar,2,2,6,2.7790065520565053,1.2285710479434948,5,0.19999999999999998
calendar_20,calendar,2,3,6,2.8490389737826036,1.1585386262173951,5,0.19999999999999998
calendar_20,calendar,2,4,6,2.7191340937111317,1.2884435062888688,5,0.19999999999999998
calendar_20,calendar,2,5,6,2.7864598203135875,1.2211177796864123,5,0.19999999999999998
calendar_20,calendar,2,6,6,2.719366463265343,1.2882111367346567,5,0.19999999999999998
calendar_20,calendar,2,7,6,2.730623894821452,1.2769537051785467,5,0.19999999999999998
calendar_20,calendar,2,8,6,2.652347420227987,1.3552301797720125,5,0.19999999999999998
calendar_20,calendar,2,9,6,3.0322677171910786,0.9753098828089207,5,0.19999999999999998
calendar_20,calendar,2,0,7,2.912975239216147,1.0946023607838529,5,0.19999999999999998
calendar_20,calendar,2,1,7,2.6112275528263043,1.3963500471736958,5,0.19999999999999998
calendar_20,calendar,2,2,7,2.744463787355359,1.2631138126446413,5,0.19999999999999998
calendar_20,calendar,2,3,7,2.736231677737694,1.2713459222623054,5,0.19999999999999998
calendar_20,calendar,2,4,7,2.765394999614817,1.2421826003851828,5,0.19999999999999998
calendar_20,calendar,2,5,7,2.695892743351115,1.3116848566488846,5,0.19999999999999998
calendar_20,calendar,2,6,7,2.7443792415615156,1.2631983584384845,5,0.19999999999999998
calendar_20,calendar,2,7,7,2.7032637879491284,1.3043138120508713,5,0.19999999999999998
calendar_20,calendar,2,8,7,2.5932839624171624,1.4142936375828385,5,0.19999999999999998
calendar_20,calendar,2,9,7,2.989121657132037,1.018455942867963,5,0.19999999999999998
calendar_20,calendar,2,0,8,2.8015937074597965,1.205983892540205,5,0.19999999999999998
calendar_20,calendar,2,1,8,2.530656663046798,1.476920936953203,5,0.19999999999999998
calendar_20,calendar,2,2,8,2.587332437051482,1.4202451629485178,5,0.19999999999999998
calendar_20,calendar,2,3,8,2.6928896180373862,1.3146879819626125,5,0.19999999999999998
calendar_20,calendar,2,4,8,2.6450898792020423,1.3624877207979569,5,0.19999999999999998
calendar_20,calendar,2,5,8,2.6521962587177694,1.355381341282231,5,0.19999999999999998
calendar_20,calendar,2,6,8,2.633505077561338,1.3740725224386625,5,0.19999999999999998
calendar_20,calendar,2,7,8,2.650025961954558,1.357551638045442,5,0.19999999999999998
calendar_20,calendar,2,8,8,2.550848971557783,1.4567286284422178,5,0.19999999999999998
calendar_20,calendar,2,9,8,2.843464648743829,1.16411295125617,5,0.19999999999999998
calendar_20,calendar,2,0,9,3.0833871987017574,0.9241904012982428,5,0.19999999999999998
calendar_20,calendar,2,1,9,2.7816637427044464,1.2259138572955532,5,0.19999999999999998
calendar_20,calendar,2,2,9,2.889111479400122,1.1184661205998783,5,0.19999999999999998
calendar_20,calendar,2,3,9,2.9180449359667016,1.0895326640332976,5,0.19999999999999998
calendar_20,calendar,2,4,9,2.9471290968771773,1.0604485031228228,5,0.19999999999999998
calendar_20,calendar,2,5,9,2.956982714337522,1.0505948856624772,5,0.19999999999999998
calendar_20,calendar,2,6,9,2.934377399760511,1.0732002002394898,5,0.19999999999999998
calendar_20,calendar,2,7,9,2.939736768924788,1.0678408310752112,5,0.19999999999999998
calendar_20,calendar,2,8,9,2.877843197723691,1.1297344022763094,5,0.19999999999999998
calendar_20,calendar,2,9,9,3.0688911162117205,0.9386864837882799,5,0.19999999999999998
calendar_21,calendar,2,0,0,3.1061694083443645,0.9014081916556355,5,0.19999999999999998
calendar_21,calendar,2,1,0,2.783711887329636,1.223865712670365,5,0.19999999999999998
calendar_21,calendar,2,2,0,2.8527632837466803,1.1548143162533195,5,0.19999999999999998
calendar_21,calendar,2,3,0,2.8633061841451455,1.1442714158548555,5,0.19999999999999998
calendar_21,calendar,2,4,0,2.856291664921,1.1512859350790006,5,0.19999999999999998
calendar_21,calendar,2,5,0,2.9553905478215556,1.052187052178444,5,0.19999999999999998
calendar_21,calendar,2,6,0,2.972883920715603,1.0346936792843962,5,0.19999999999999998
calendar_21,calendar,2,7,0,2.8783147302790844,1.129262869720916,5,0.19999999999999998
calendar_21,calendar,2,8,0,2.840406497280785,1.167171102719215,5,0.19999999999999998
calendar_21,calendar,2,9,0,3.1142899134854543,0.8932876865145456,5,0.19999999999999998
calendar_21,calendar,2,0,1,2.8457522723813784,1.1618253276186215,5,0.19999999999999998
calendar_21,calendar,2,1,1,2.5121736860609,1.4954039139391007,5,0.19999999999999998
calendar_21,calendar,2,2,1,2.632367236624709,1.3752103633752915,5,0.19999999999999998
calendar_21,calendar,2,3,1,2.634732781888078,1.3728448181119222,5,0.19999999999999998
calendar_21,calendar,2,4,1,2.6804735926360395,1.3271040073639608,5,0.19999999999999998
calendar_21,calendar,2,5,1,2.64060133986975,1.3669762601302506,5,0.19999999999999998
calendar_21,calendar,2,6,1,2.7235276959143766,1.2840499040856224,5,0.19999999999999998
calendar_21,calendar,2,7,1,2.6426103529107148,1.3649672470892844,5,0.19999999999999998
calendar_21,calendar,2,8,1,2.5371907218759815,1.4703868781240192,5,0.19999999999999998
calendar_21,calendar,2,9,1,2.821963508984687,1.1856140910153132,5,0.19999999999999998
calendar_21,calendar,2,0,2,2.9156207888043117,1.0919568111956885,5,0.19999999999999998
calendar_21,calendar,2,1,2,2.581049395093935,1.4265282049060664,5,0.19999999999999998
calendar_21,calendar,2,2,2,2.690439533511385,1.3171380664886152,5,0.19999999999999998
calendar_21,calendar,2,3,2,2.6914685959127906,1.3161090040872092,5,0.19999999999999998
calendar_21,calendar,2,4,2,2.699793891438487,1.307783708561513,5,0.19999999999999998
calendar_21,calendar,2,5,2,2.7579270402316602,1.2496505597683387,5,0.19999999999999998
calendar_21,calendar,2,6,2,2.758124636983173,1.2494529630168274,5,0.19999999999999998
calendar_21,calendar,2,7,2,2.678389369957543,1.329188230042457,5,0.19999999999999998
calendar_21,calendar,2,8,2,2.5943611732628216,1.4132164267371783,5,0.19999999999999998
calendar_21,calendar,2,9,2,2.862366780099344,1.1452108199006563,5,0.19999999999999998
calendar_21,calendar,2,0,3,2.9232279836356994,1.0843496163643012,5,0.19999999999999998
calendar_21,calendar,2,1,3,2.604676746587422,1.4029008534125789,5,0.19999999999999998
calendar_21,calendar,2,2,3,2.671781523816076,1.3357960761839227,5,0.19999999999999998
calendar_21,calendar,2,3,3,2.719021528916583,1.288556071083417,5,0.19999999999999998
calendar_21,calendar,2,4,3,2.737862962038174,1.2697146379618256,5,0.19999999999999998
calendar_21,calendar,2,5,3,2.763059422458817,1.2445181775411833,5,0.19999999999999998
calendar_21,calendar,2,6,3,2.793789654489629,1.2137879455103708,5,0.19999999999999998
calendar_21,calendar,2,7,3,2.7053628149435003,1.3022147850565007,5,0.19999999999999998
calendar_21,calendar,2,8,3,2.5934085747171993,1.4141690252828016,5,0.19999999999999998
calendar_21,calendar,2,9,3,2.8928579861641026,1.1147196138358972,5,0.19999999999999998
calendar_21,calendar,2,0,4,2.909644526815756,1.0979330731842445,5,0.19999999999999998
calendar_21,calendar,2,1,4,2.6022666407578026,1.4053109592421984,5,0.19999999999999998
calendar_21,calendar,2,2,4,2.688257059527751,1.3193205404722492,5,0.19999999999999998
calendar_21,calendar,2,3,4,2.802724522009405,1.2048530779905948,5,0.19999999999999998
calendar_21,calendar,2,4,4,2.7289595202126766,1.2786180797873241,5,0.19999999999999998
calendar_21,calendar,2,5,4,2.7666445359684997,1.2409330640315002,5,0.19999999999999998
calendar_21,calendar,2,6,4,2.7704295006281137,1.237148099371887,5,0.19999999999999998
calendar_21,calendar,2,7,4,2.8307830603420485,1.1767945396579513,5,0.19999999999999998
calendar_21,calendar,2,8,4,2.704943799566595,1.3026338004334053,5,0.19999999999999998
calendar_21,calendar,2,9,4,2.945434530187549,1.062143069812453,5,0.19999999999999998
calendar_21,calendar,2,0,5,2.88483477729768,1.1227428227023197,5,0.19999999999999998
calendar_21,calendar,2,1,5,2.6438217464173683,1.3637558535826315,5,0.19999999999999998
calendar_21,calendar,2,2,5,2.7569914532599173,1.2505861467400816,5,0.19999999999999998
calendar_21,calendar,2,3,5,2.7905974072780566,1.2169801927219428,5,0.19999999999999998
calendar_21,calendar,2,4,5,2.7901015403249017,1.2174760596750986,5,0.19999999999999998
calendar_21,calendar,2,5,5,2.808154323398998,1.1994232766010011,5,0.19999999999999998
calendar_21,calendar,2,6,5,2.823031821409106,1.184545778590893,5,0.19999999999999998
calendar_21,calendar,2,7,5,2.8141117619105636,1.1934658380894367,5,0.19999999999999998
calendar_21,calendar,2,8,5,2.72401054723376,1.2835670527662393,5,0.19999999999999998
calendar_21,calendar,2,9,5,2.958502060342288,1.0490755396577123,5,0.19999999999999998
calendar_21,calendar,2,0,6,2.904541577117565,1.103036022882434,5,0.19999999999999998
calendar_21,calendar,2,1,6,2.6352718852960995,1.3723057147039015,5,0.19999999999999998
calendar_21,calendar,2,2,6,2.7475225891243533,1.2600550108756465,5,0.19999999999999998
calendar_21,calendar,2,3,6,2.7395401123034366,1.2680374876965639,5,0.19999999999999998
calendar_21,calendar,2,4,6,2.7605878380256934,1.2469897619743058,5,0.19999999999999998
calendar_21,calendar,2,5,6,2.847231741911874,1.1603458580881254,5,0.19999999999999998
calendar_21,calendar,2,6,6,2.7317799750357357,1.2757976249642642,5,0.19999999999999998
calendar_21,calendar,2,7,6,2.761296390450143,1.2462812095498566,5,0.19999999999999998
calendar_21,calendar,2,8,6,2.656919487670988,1.3506581123290133,5,0.19999999999999998
calendar_21,calendar,2,9,6,2.9952283525488963,1.012349247451104,5,0.19999999999999998
calendar_21,calendar,2,0,7,2.8860262142717104,1.1215513857282888,5,0.19999999999999998
calendar_21,calendar,2,1,7,2.5598159001182985,1.4477616998817018,5,0.19999999999999998
calendar_21,calendar,2,2,7,2.660030337818477,1.3475472621815234,5,0.19999999999999998
calendar_21,calendar,2,3,7,2.6772745934827897,1.3303030065172103,5,0.19999999999999998
calendar_21,calendar,2,4,7,2.729507940067614,1.2780696599323873,5,0.19999999999999998
calendar_21,calendar,2,5,7,2.775706414136103,1.2318711858638989,5,0.19999999999999998
calendar_21,calendar,2,6,7,2.7401848538824045,1.2673927461175942,5,0.19999999999999998
calendar_21,calendar,2,7,7,2.6818777153171256,1.325699884682874,5,0.19999999999999998
calendar_21,calendar,2,8,7,2.6039391793552618,1.403638420644738,5,0.19999999999999998
calendar_21,calendar,2,9,7,2.9571636007802162,1.050413999219783,5,0.19999999999999998
calendar_21,calendar,2,0,8,2.8667134482229195,1.1408641517770806,5,0.19999999999999998
calendar_21,calendar,2,1,8,2.535286339668576,1.4722912603314242,5,0.19999999999999998
calendar_21,calendar,2,2,8,2.644578911840623,1.362998688159378,5,0.19999999999999998
calendar_21,calendar,2,3,8,2.661796243311283,1.3457813566887162,5,0.19999999999999998
calendar_21,calendar,2,4,8,2.6443237529802763,1.3632538470197235,5,0.19999999999999998
calendar_21,calendar,2,5,8,2.6148630947505858,1.3927145052494136,5,0.19999999999999998
calendar_21,calendar,2,6,8,2.617250694185896,1.3903269058141041,5,0.19999999999999998
calendar_21,calendar,2,7,8,2.5707170886078425,1.4368605113921578,5,0.19999999999999998
calendar_21,calendar,2,8,8,2.5064839750949255,1.501093624905074,5,0.19999999999999998
calendar_21,calendar,2,9,8,2.8609469345237533,1.1466306654762464,5,0.19999999999999998
calendar_21,calendar,2,0,9,3.1076687749919056,0.8999088250080945,5,0.19999999999999998
calendar_21,calendar,2,1,9,2.905866177443853,1.1017114225561466,5,0.19999999999999998
calendar_21,calendar,2,2,9,2.9787100873219496,1.0288675126780498,5,0.19999999999999998
calendar_21,calendar,2,3,9,2.959213902218339,1.0483636977816602,5,0.19999999999999998
calendar_21,calendar,2,4,9,2.923487251610779,1.0840903483892206,5,0.19999999999999998
calendar_21,calendar,2,5,9,2.9526520140031374,1.0549255859968643,5,0.19999999999999998
calendar_21,calendar,2,6,9,2.923978321798777,1.0835992782012236,5,0.19999999999999998
calendar_21,calendar,2,7,9,2.8900303590497227,1.1175472409502774,5,0.19999999999999998
calendar_21,calendar,2,8,9,2.7680558545538827,1.2395217454461176,5,0.19999999999999998
calendar_21,calendar,2,9,9,3.0874186341690963,0.9201589658309038,5,0.19999999999999998
calendar_22,calendar,2,0,0,3.09474858315341,0.9128290168465906,5,0.19999999999999998
calendar_22,calendar,2,1,0,2.8275754250294796,1.1800021749705203,5,0.19999999999999998
calendar_22,calendar,2,2,0,2.8859746792132692,1.1216029207867317,5,0.19999999999999998
calendar_22,calendar,2,3,0,2.943970064050235,1.0636075359497656,5,0.19999999999999998
calendar_22,calendar,2,4,0,2.89461211910111,1.1129654808988907,5,0.19999999999999998
calendar_22,calendar,2,5,0,2.9893060277448122,1.0182715722551883,5,0.19999999999999998
calendar_22,calendar,2,6,0,2.9087071786977146,1.0988704213022855,5,0.19999999999999998
calendar_22,calendar,2,7,0,2.9020144750635075,1.1055631249364923,5,0.19999999999999998
calendar_22,calendar,2,8,0,2.7812287871590065,1.2263488128409936,5,0.19999999999999998
calendar_22,calendar,2,9,0,3.1120329093312558,0.8955446906687449,5,0.19999999999999998
calendar_22,calendar,2,0,1,2.821165220772459,1.1864123792275405,5,0.19999999999999998
calendar_22,calendar,2,1,1,2.549221968081604,1.4583556319183957,5,0.19999999999999998
calendar_22,calendar,2,2,1,2.603580461191462,1.4039971388085377,5,0.19999999999999998
calendar_22,calendar,2,3,1,2.5993313238238915,1.4082462761761088,5,0.19999999999999998
calendar_22,calendar,2,4,1,2.684689366269513,1.3228882337304864,5,0.19999999999999998
calendar_22,calendar,2,5,1,2.693680837260525,1.3138967627394755,5,0.19999999999999998
calendar_22,calendar,2,6,1,2.609019474450316,1.398558125549684,5,0.19999999999999998
calendar_22,calendar,2,7,1,2.588382716817335,1.4191948831826655,5,0.19999999999999998
calendar_22,calendar,2,8,1,2.5517452581752527,1.4558323418247476,5,0.19999999999999998
calendar_22,calendar,2,9,1,2.7773016174955227,1.2302759825044762,5,0.19999999999999998
calendar_22,calendar,2,0,2,2.8475469950489747,1.1600306049510247,5,0.19999999999999998
calendar_22,calendar,2,1,2,2.5537270902877345,1.4538505097122663,5,0.19999999999999998
calendar_22,calendar,2,2,2,2.666704136991996,1.3408734630080037,5,0.19999999999999998
calendar_22,calendar,2,3,2,2.777276459446134,1.230301140553866,5,0.19999999999999998
calendar_22,calendar,2,4,2,2.765766798053344,1.2418108019466576,5,0.19999999999999998
calendar_22,calendar,2,5,2,2.7495037632753556,1.2580738367246445,5,0.19999999999999998
calendar_22,calendar,2,6,2,2.767692974615841,1.2398846253841596,5,0.19999999999999998
calendar_22,calendar,2,7,2,2.6475449733727348,1.3600326266272655,5,0.19999999999999998
calendar_22,calendar,2,8,2,2.609674157877229,1.3979034421227703,5,0.19999999999999998
calendar_22,calendar,2,9,2,2.8866651305312105,1.12091246946879,5,0.19999999999999998
calendar_22,calendar,2,0,3,2.877485703841018,1.1300918961589823,5,0.19999999999999998
calendar_22,calendar,2,1,3,2.607685555885183,1.3998920441148173,5,0.19999999999999998
calendar_22,calendar,2,2,3,2.7100252950723824,1.2975523049276174,5,0.19999999999999998
calendar_22,calendar,2,3,3,2.760971509289799,1.2466060907102017,5,0.19999999999999998
calendar_22,calendar,2,4,3,2.759868144707509,1.247709455292492,5,0.19999999999999998
calendar_22,calendar,2,5,3,2.790428458419739,1.2171491415802607,5,0.19999999999999998
calendar_22,calendar,2,6,3,2.752284244154101,1.2552933558458987,5,0.19999999999999998
calendar_22,calendar,2,7,3,2.714837501962979,1.2927400980370203,5,0.19999999999999998
calendar_22,calendar,2,8,3,2.6145013310869656,1.3930762689130343,5,0.19999999999999998
calendar_22,calendar,2,9,3,2.976609562762522,1.0309680372374763,5,0.19999999999999998
calendar_22,calendar,2,0,4,2.9618814061002996,1.0456961938997,5,0.19999999999999998
calendar_22,calendar,2,1,4,2.6793292238898987,1.3282483761101012,5,0.19999999999999998
calendar_22,calendar,2,2,4,2.7505473380871894,1.257030261912811,5,0.19999999999999998
calendar_22,calendar,2,3,4,2.772261893934129,1.2353157060658715,5,0.19999999999999998
calendar_22,calendar,2,4,4,2.742243148082797,1.2653344519172027,5,0.19999999999999998
calendar_22,calendar,2,5,4,2.8216763096135815,1.1859012903864186,5,0.19999999999999998
calendar_22,calendar,2,6,4,2.8141716397460717,1.1934059602539284,5,0.19999999999999998
calendar_22,calendar,2,7,4,2.753747460723831,1.2538301392761697,5,0.19999999999999998
calendar_22,calendar,2,8,4,2.6849044377226217,1.3226731622773789,5,0.19999999999999998
calendar_22,calendar,2,9,4,2.9591872281823233,1.048390371817676,5,0.19999999999999998
calendar_22,calendar,2,0,5,2.9961538368508434,1.0114237631491585,5,0.19999999999999998
calendar_22,calendar,2,1,5,2.7041652896749886,1.303412310325011,5,0.19999999999999998
calendar_22,calendar,2,2,5,2.7685072874513237,1.2390703125486762,5,0.19999999999999998
calendar_22,calendar,2,3,5,2.710231191188104,1.297346408811896,5,0.19999999999999998
calendar_22,calendar,2,4,5,2.785872593696933,1.2217050063030674,5,0.19999999999999998
calendar_22,calendar,2,5,5,2.795055534266595,1.2125220657334053,5,0.19999999999999998
calendar_22,calendar,2,6,5,2.7592170463835335,1.2483605536164664,5,0.19999999999999998
calendar_22,calendar,2,7,5,2.7225749359934186,1.2850026640065795,5,0.19999999999999998
calendar_22,calendar,2,8,5,2.6505699395790203,1.3570076604209798,5,0.19999999999999998
calendar_22,calendar,2,9,5,2.9710354478311367,1.0365421521688634,5,0.19999999999999998
calendar_22,calendar,2,0,6,2.987342447674881,1.0202351523251187,5,0.19999999999999998
calendar_22,calendar,2,1,6,2.716441860298046,1.2911357397019543,5,0.19999999999999998
calendar_22,calendar,2,2,6,2.7164031461891125,1.2911744538108887,5,0.19999999999999998
calendar_22,calendar,2,3,6,2.7199983745735716,1.287579225426428,5,0.19999999999999998
calendar_22,calendar,2,4,6,2.7045686930828188,1.3030089069171809,5,0.19999999999999998
calendar_22,calendar,2,5,6,2.709374135416415,1.2982034645835854,5,0.19999999999999998
calendar_22,calendar,2,6,6,2.769908482465733,1.2376691175342662,5,0.19999999999999998
calendar_22,calendar,2,7,6,2.7388350822554264,1.2687425177445737,5,0.19999999999999998
calendar_22,calendar,2,8,6,2.648375575115173,1.3592020248848267,5,0.19999999999999998
calendar_22,calendar,2,9,6,2.9648486908627336,1.0427289091372658,5,0.19999999999999998
calendar_22,calendar,2,0,7,2.8935957437052098,1.1139818562947894,5,0.19999999999999998
calendar_22,calendar,2,1,7,2.660837717852495,1.3467398821475047,5,0.19999999999999998
calendar_22,calendar,2,2,7,2.7682640855171563,1.2393135144828442,5,0.19999999999999998
calendar_22,calendar,2,3,7,2.7365231069000693,1.2710544930999301,5,0.19999999999999998
calendar_22,calendar,2,4,7,2.7326868950560264,1.2748907049439735,5,0.19999999999999998
calendar_22,calendar,2,5,7,2.734194878099643,1.2733827219003562,5,0.19999999999999998
calendar_22,calendar,2,6,7,2.6894150299340165,1.318162570065984,5,0.19999999999999998
calendar_22,calendar,2,7,7,2.7345139323368968,1.2730636676631037,5,0.19999999999999998
calendar_22,calendar,2,8,7,2.6238940271533178,1.3836835728466814,5,0.19999999999999998
calendar_22,calendar,2,9,7,2.9092992998456446,1.0982783001543548,5,0.19999999999999998
calendar_22,calendar,2,0,8,2.8413573899913995,1.1662202100086012,5,0.19999999999999998
calendar_22,calendar,2,1,8,2.546596129244005,1.4609814707559965,5,0.19999999999999998
calendar_22,calendar,2,2,8,2.6179787472996767,1.3895988527003247,5,0.19999999999999998
calendar_22,calendar,2,3,8,2.6685128470727535,1.3390647529272468,5,0.19999999999999998
calendar_22,calendar,2,4,8,2.641160591436458,1.3664170085635425,5,0.19999999999999998
calendar_22,calendar,2,5,8,2.6469882796913726,1.3605893203086283,5,0.19999999999999998
calendar_22,calendar,2,6,8,2.6483555010540774,1.3592220989459227,5,0.19999999999999998
calendar_22,calendar,2,7,8,2.56378837598058,1.4437892240194203,5,0.19999999999999998
calendar_22,calendar,2,8,8,2.532326407336244,1.475251192663756,5,0.19999999999999998
calendar_22,calendar,2,9,8,2.806627003144858,1.2009505968551408,5,0.19999999999999998
calendar_22,calendar,2,0,9,3.1661793910548353,0.8413982089451645,5,0.19999999999999998
calendar_22,calendar,2,1,9,2.8655450520655736,1.1420325479344264,5,0.19999999999999998
calendar_22,calendar,2,2,9,2.9799276684150993,1.0276499315848997,5,0.19999999999999998
calendar_22,calendar,2,3,9,2.952164662485255,1.0554129375147452,5,0.19999999999999998
calendar_22,calendar,2,4,9,2.9249100589306782,1.0826675410693214,5,0.19999999999999998
calendar_22,calendar,2,5,9,2.8791334193401696,1.1284441806598298,5,0.19999999999999998
calendar_22,calendar,2,6,9,2.940310241962042,1.0672673580379575,5,0.19999999999999998
calendar_22,calendar,2,7,9,2.9183986389111327,1.0891789610888676,5,0.19999999999999998
calendar_22,calendar,2,8,9,2.8139759770897643,1.193601622910236,5,0.19999999999999998
calendar_22,calendar,2,9,9,3.192524034325162,0.8150535656748393,5,0.19999999999999998
calendar_19,calendar,3,0,0,2.931992169466777,1.0755854305332218,5,0.3
calendar_19,calendar,3,1,0,2.5697972234174267,1.4377803765825727,5,0.3
calendar_19,calendar,3,2,0,2.665448585531681,1.3421290144683184,5,0.3
calendar_19,calendar,3,3,0,2.66789672091949,1.33968087908051,5,0.3
calendar_19,calendar,3,4,0,2.754548493487507,1.2530291065124932,5,0.3
calendar_19,calendar,3,5,0,2.83233777765706,1.1752398223429403,5,0.3
calendar_19,calendar,3,6,0,2.7863197143945273,1.2212578856054737,5,0.3
calendar_19,calendar,3,7,0,2.7337048567955757,1.2738727432044232,5,0.3
calendar_19,calendar,3,8,0,2.6188403437659464,1.3887372562340536,5,0.3
calendar_19,calendar,3,9,0,2.984052955166421,1.023524644833578,5,0.3
calendar_19,calendar,3,0,1,2.5961967706466704,1.4113808293533299,5,0.3
calendar_19,calendar,3,1,1,2.3616206941245084,1.6459569058754917,5,0.3
calendar_19,calendar,3,2,1,2.3783786757754006,1.6291989242246003,5,0.3
calendar_19,calendar,3,3,1,2.412436755265977,1.5951408447340238,5,0.3
calendar_19,calendar,3,4,1,2.463060907752909,1.5445166922470903,5,0.3
calendar_19,calendar,3,5,1,2.4962740917359385,1.5113035082640625,5,0.3
calendar_19,calendar,3,6,1,2.45649837762725,1.5510792223727499,5,0.3
calendar_19,calendar,3,7,1,2.44342890961888,1.5641486903811208,5,0.3
calendar_19,calendar,3,8,1,2.4109472236666853,1.5966303763333145,5,0.3
calendar_19,calendar,3,9,1,2.6278046503033625,1.379772949696638,5,0.3
calendar_19,calendar,3,0,2,2.674088761825103,1.3334888381748973,5,0.3
calendar_19,calendar,3,1,2,2.46131742199256,1.5462601780074392,5,0.3
calendar_19,calendar,3,2,2,2.5382378249749187,1.4693397750250814,5,0.3
calendar_19,calendar,3,3,2,2.4892881379967364,1.518289462003264,5,0.3
calendar_19,calendar,3,4,2,2.5711921325004448,1.4363854674995542,5,0.3
calendar_19,calendar,3,5,2,2.5527516594243194,1.4548259405756816,5,0.3
calendar_19,calendar,3,6,2,2.5103070010008843,1.4972705989991164,5,0.3
calendar_19,calendar,3,7,2,2.5015384334939768,1.5060391665060235,5,0.3
calendar_19,calendar,3,8,2,2.4371484055382915,1.5704291944617093,5,0.3
calendar_19,calendar,3,9,2,2.7493410140044925,1.2582365859955071,5,0.3
calendar_19,calendar,3,0,3,2.670120121897633,1.337457478102367,5,0.3
calendar_19,calendar,3,1,3,2.5001156059003273,1.5074619940996727,5,0.3
calendar_19,calendar,3,2,3,2.5240580383557734,1.483519561644227,5,0.3
calendar_19,calendar,3,3,3,2.597593483300227,1.4099841166997726,5,0.3
calendar_19,calendar,3,4,3,2.58663938200259,1.420938217997409,5,0.3
calendar_19,calendar,3,5,3,2.527118398245246,1.480459201754754,5,0.3
calendar_19,calendar,3,6,3,2.582940860276861,1.424636739723138,5,0.3
calendar_19,calendar,3,7,3,2.556793861782304,1.450783738217696,5,0.3
calendar_19,calendar,3,8,3,2.475115698723583,1.5324619012764167,5,0.3
calendar_19,calendar,3,9,3,2.7504445537182063,1.2571330462817938,5,0.3
calendar_19,calendar,3,0,4,2.657847666870918,1.3497299331290813,5,0.3
calendar_19,calendar,3,1,4,2.410210091296401,1.5973675087035992,5,0.3
calendar_19,calendar,3,2,4,2.5533496298486016,1.4542279701513983,5,0.3
calendar_19,calendar,3,3,4,2.569028490359922,1.4385491096400775,5,0.3
calendar_19,calendar,3,4,4,2.568394927563971,1.439182672436029,5,0.3
calendar_19,calendar,3,5,4,2.5237972891039586,1.483780310896042,5,0.3
calendar_19,calendar,3,6,4,2.493619775043149,1.5139578249568513,5,0.3
calendar_19,calendar,3,7,4,2.544208417370754,1.4633691826292463,5,0.3
calendar_19,calendar,3,8,4,2.441660178672423,1.565917421327577,5,0.3
calendar_19,calendar,3,9,4,2.757008950077304,1.2505686499226958,5,0.3
calendar_19,calendar,3,0,5,2.6843173181151547,1.3232602818848442,5,0.3
calendar_19,calendar,3,1,5,2.402292749386808,1.6052848506131931,5,0.3
calendar_19,calendar,3,2,5,2.5806102423728157,1.426967357627184,5,0.3
calendar_19,calendar,3,3,5,2.5707683960817413,1.436809203918258,5,0.3
calendar_19,calendar,3,4,5,2.502724924392793,1.5048526756072071,5,0.3
calendar_19,calendar,3,5,5,2.4713181565360767,1.5362594434639234,5,0.3
calendar_19,calendar,3,6,5,2.5289678456208144,1.4786097543791856,5,0.3
calendar_19,calendar,3,7,5,2.499052418230392,1.508525181769609,5,0.3
calendar_19,calendar,3,8,5,2.4384351811433675,1.5691424188566325,5,0.3
calendar_19,calendar,3,9,5,2.7579480725186825,1.2496295274813183,5,0.3
calendar_19,calendar,3,0,6,2.7128703396120746,1.2947072603879257,5,0.3
calendar_19,calendar,3,1,6,2.440094769168043,1.5674828308319568,5,0.3
calendar_19,calendar,3,2,6,2.5135834065325904,1.49399419346741,5,0.3
calendar_19,calendar,3,3,6,2.5281554104271082,1.4794221895728916,5,0.3
calendar_19,calendar,3,4,6,2.521259511176643,1.4863180888233576,5,0.3
calendar_19,calendar,3,5,6,2.4476259802982825,1.5599516197017185,5,0.3
calendar_19,calendar,3,6,6,2.453148748450073,1.5544288515499265,5,0.3
calendar_19,calendar,3,7,6,2.5267744122737317,1.4808031877262684,5,0.3
calendar_19,calendar,3,8,6,2.4889277653005615,1.518649834699438,5,0.3
calendar_19,calendar,3,9,6,2.7461329860441355,1.2614446139558653,5,0.3
calendar_19,calendar,3,0,7,2.65086699909213,1.356710600907869,5,0.3
calendar_19,calendar,3,1,7,2.4536902855070717,1.5538873144929282,5,0.3
calendar_19,calendar,3,2,7,2.5742622761401828,1.4333153238598175,5,0.3
calendar_19,calendar,3,3,7,2.508836245228523,1.4987413547714772,5,0.3
calendar_19,calendar,3,4,7,2.527594741550393,1.4799828584496069,5,0.3
calendar_19,calendar,3,5,7,2.5014075651969856,1.5061700348030151,5,0.3
calendar_19,calendar,3,6,7,2.4570789468078496,1.5504986531921512,5,0.3
calendar_19,calendar,3,7,7,2.508890274531716,1.4986873254682846,5,0.3
calendar_19,calendar,3,8,7,2.452357414665034,1.555220185334966,5,0.3
calendar_19,calendar,3,9,7,2.7808529926226995,1.2267246073773006,5,0.3
calendar_19,calendar,3,0,8,2.6566378604096377,1.350939739590361,5,0.3
calendar_19,calendar,3,1,8,2.4071640412043203,1.6004135587956811,5,0.3
calendar_19,calendar,3,2,8,2.423629988316638,1.5839476116833615,5,0.3
calendar_19,calendar,3,3,8,2.460715561468555,1.5468620385314458,5,0.3
calendar_19,calendar,3,4,8,2.399307944568472,1.6082696554315283,5,0.3
calendar_19,calendar,3,5,8,2.4421165511814396,1.5654610488185616,5,0.3
calendar_19,calendar,3,6,8,2.4101597264100305,1.5974178735899704,5,0.3
calendar_19,calendar,3,7,8,2.426463716673861,1.5811138833261387,5,0.3
calendar_19,calendar,3,8,8,2.389842032742478,1.6177355672575227,5,0.3
calendar_19,calendar,3,9,8,2.604963843027331,1.4026137569726682,5,0.3
calendar_19,calendar,3,0,9,3.00321711689671,1.004360483103291,5,0.3
calendar_19,calendar,3,1,9,2.7183071285399136,1.2892704714600873,5,0.3
calendar_19,calendar,3,2,9,2.730869960397168,1.2767076396028327,5,0.3
calendar_19,calendar,3,3,9,2.7757379702563827,1.2318396297436172,5,0.3
calendar_19,calendar,3,4,9,2.6517906761092123,1.355786923890788,5,0.3
calendar_19,calendar,3,5,9,2.650220053923988,1.3573575460760123,5,0.3
calendar_19,calendar,3,6,9,2.6915679595086734,1.3160096404913273,5,0.3
calendar_19,calendar,3,7,9,2.693324485584038,1.3142531144159626,5,0.3
calendar_19,calendar,3,8,9,2.6066775264156825,1.4009000735843173,5,0.3
calendar_19,calendar,3,9,9,2.955722050658451,1.051855549341549,5,0.3
calendar_20,calendar,3,0,0,2.9284889375304557,1.0790886624695435,5,0.3
calendar_20,calendar,3,1,0,2.6020043108295976,1.4055732891704016,5,0.3
calendar_20,calendar,3,2,0,2.6563296246119514,1.3512479753880482,5,0.3
calendar_20,calendar,3,3,0,2.6532765255785837,1.3543010744214172,5,0.3
calendar_20,calendar,3,4,0,2.727300209964511,1.2802773900354876,5,0.3
calendar_20,calendar,3,5,0,2.7111686651877527,1.296408934812246,5,0.3
calendar_20,calendar,3,6,0,2.695980441736719,1.3115971582632813,5,0.3
calendar_20,calendar,3,7,0,2.7008751027490376,1.306702497250962,5,0.3
calendar_20,calendar,3,8,0,2.6266574510753453,1.3809201489246552,5,0.3
calendar_20,calendar,3,9,0,2.929808639488357,1.0777689605116425,5,0.3
calendar_20,calendar,3,0,1,2.6073409290642706,1.400236670935729,5,0.3
calendar_20,calendar,3,1,1,2.392921361124885,1.6146562388751153,5,0.3
calendar_20,calendar,3,2,1,2.4283436456237095,1.57923395437629,5,0.3
calendar_20,calendar,3,3,1,2.4162833534084562,1.591294246591543,5,0.3
calendar_20,calendar,3,4,1,2.4119959657758967,1.5955816342241034,5,0.3
calendar_20,calendar,3,5,1,2.4652309601074207,1.5423466398925805,5,0.3
calendar_20,calendar,3,6,1,2.4180157413095245,1.5895618586904767,5,0.3
calendar_20,calendar,3,7,1,2.421775585685591,1.5858020143144091,5,0.3
calendar_20,calendar,3,8,1,2.395713647084519,1.6118639529154815,5,0.3
calendar_20,calendar,3,9,1,2.6049646227580956,1.402612977241905,5,0.3
calendar_20,calendar,3,0,2,2.730505948840985,1.2770716511590154,5,0.3
calendar_20,calendar,3,1,2,2.4622264665480227,1.5453511334519772,5,0.3
calendar_20,calendar,3,2,2,2.547425652025646,1.460151947974355,5,0.3
calendar_20,calendar,3,3,2,2.5223648270465455,1.4852127729534546,5,0.3
calendar_20,calendar,3,4,2,2.4549717217308022,1.5526058782691976,5,0.3
calendar_20,calendar,3,5,2,2.475700184194554,1.5318774158054453,5,0.3
calendar_20,calendar,3,6,2,2.46221181068895,1.5453657893110508,5,0.3
calendar_20,calendar,3,7,2,2.4587086990112135,1.5488689009887866,5,0.3
calendar_20,calendar,3,8,2,2.4605031011835714,1.5470744988164302,5,0.3
calendar_20,calendar,3,9,2,2.703185390226206,1.304392209773795,5,0.3
calendar_20,calendar,3,0,3,2.687413658005922,1.3201639419940785,5,0.3
calendar_20,calendar,3,1,3,2.4271811406026336,1.5803964593973672,5,0.3
calendar_20,calendar,3,2,3,2.496517845719801,1.511059754280198,5,0.3
calendar_20,calendar,3,3,3,2.51097291321635,1.4966046867836498,5,0.3
calendar_20,calendar,3,4,3,2.5697497044817936,1.4378278955182069,5,0.3
calendar_20,calendar,3,5,3,2.521009142016154,1.4865684579838463,5,0.3
calendar_20,calendar,3,6,3,2.524545963370628,1.4830316366293719,5,0.3
calendar_20,calendar,3,7,3,2.5173690888882443,1.4902085111117558,5,0.3
calendar_20,calendar,3,8,3,2.4207470088982936,1.5868305911017058,5,0.3
calendar_20,calendar,3,9,3,2.752026312709188,1.2555512872908114,5,0.3
calendar_20,calendar,3,0,4,2.7974085760500857,1.2101690239499139,5,0.3
calendar_20,calendar,3,1,4,2.451205149454804,1.5563724505451972,5,0.3
calendar_20,calendar,3,2,4,2.4618042275521317,1.5457733724478682,5,0.3
calendar_20,calendar,3,3,4,2.5203180084740118,1.4872595915259876,5,0.3
calendar_20,calendar,3,4,4,2.5998826775231993,1.4076949224768,5,0.3
calendar_20,calendar,3,5,4,2.5749565137569874,1.4326210862430135,5,0.3
calendar_20,calendar,3,6,4,2.500580430728718,1.5069971692712827,5,0.3
calendar_20,calendar,3,7,4,2.5034393128641987,1.5041382871358022,5,0.3
calendar_20,calendar,3,8,4,2.4612662549189426,1.5463113450810584,5,0.3
calendar_20,calendar,3,9,4,2.7717433694583327,1.2358342305416674,5,0.3
calendar_20,calendar,3,0,5,2.779077976835995,1.2284996231640046,5,0.3
calendar_20,calendar,3,1,5,2.4490959125286764,1.5584816874713234,5,0.3
calendar_20,calendar,3,2,5,2.468280848402204,1.5392967515977958,5,0.3
calendar_20,calendar,3,3,5,2.5243569005146607,1.4832206994853394,5,0.3
calendar_20,calendar,3,4,5,2.574196272897095,1.433381327102906,5,0.3
calendar_20,calendar,3,5,5,2.5763728325825843,1.4312047674174158,5,0.3
calendar_20,calendar,3,6,5,2.5512892630191883,1.4562883369808115,5,0.3
calendar_20,calendar,3,7,5,2.5377761404134733,1.4698014595865274,5,0.3
calendar_20,calendar,3,8,5,2.483375557247676,1.5242020427523235,5,0.3
calendar_20,calendar,3,9,5,2.819536558253771,1.1880410417462293,5,0.3
calendar_20,calendar,3,0,6,2.795176676050161,1.2124009239498397,5,0.3
calendar_20,calendar,3,1,6,2.4396438248722014,1.5679337751277995,5,0.3
calendar_20,calendar,3,2,6,2.5038878963302813,1.5036897036697192,5,0.3
calendar_20,calendar,3,3,6,2.523394890985489,1.4841827090145112,5,0.3
calendar_20,calendar,3,4,6,2.546061366448779,1.4615162335512213,5,0.3
calendar_20,calendar,3,5,6,2.5578772803197896,1.4497003196802112,5,0.3
calendar_20,calendar,3,6,6,2.5925519651653843,1.4150256348346164,5,0.3
calendar_20,calendar,3,7,6,2.51245949716479,1.4951181028352096,5,0.3
calendar_20,calendar,3,8,6,2.467079638951826,1.5404979610481744,5,0.3
calendar_20,calendar,3,9,6,2.6705742795468512,1.3370033204531477,5,0.3
calendar_20,calendar,3,0,7,2.7375772289783886,1.2700003710216117,5,0.3
calendar_20,calendar,3,1,7,2.4188897745969236,1.5886878254030774,5,0.3
calendar_20,calendar,3,2,7,2.493024939877284,1.5145526601227157,5,0.3
calendar_20,calendar,3,3,7,2.527451115194572,1.4801264848054283,5,0.3
calendar_20,calendar,3,4,7,2.5688942067885256,1.438683393211475,5,0.3
calendar_20,calendar,3,5,7,2.513037844068859,1.4945397559311409,5,0.3
calendar_20,calendar,3,6,7,2.5689041275122046,1.4386734724877948,5,0.3
calendar_20,calendar,3,7,7,2.5347800970728507,1.47279750292715,5,0.3
calendar_20,calendar,3,8,7,2.442481208718726,1.5650963912812734,5,0.3
calendar_20,calendar,3,9,7,2.6969597559368963,1.3106178440631027,5,0.3
calendar_20,calendar,3,0,8,2.624619870983607,1.3829577290163944,5,0.3
calendar_20,calendar,3,1,8,2.4043737848534397,1.6032038151465609,5,0.3
calendar_20,calendar,3,2,8,2.453903230790236,1.5536743692097654,5,0.3
calendar_20,calendar,3,3,8,2.4662026628376426,1.5413749371623562,5,0.3
calendar_20,calendar,3,4,8,2.4940665485852613,1.5135110514147387,5,0.3
calendar_20,calendar,3,5,8,2.510969565915637,1.496608034084364,5,0.3
calendar_20,calendar,3,6,8,2.475828419216256,1.531749180783745,5,0.3
calendar_20,calendar,3,7,8,2.451778743963523,1.555798856036478,5,0.3
calendar_20,calendar,3,8,8,2.3895463887570427,1.6180312112429578,5,0.3
calendar_20,calendar,3,9,8,2.551907071432843,1.4556705285671572,5,0.3
calendar_20,calendar,3,0,9,2.9877682935585392,1.019809306441461,5,0.3
calendar_20,calendar,3,1,9,2.6024504686388066,1.4051271313611933,5,0.3
calendar_20,calendar,3,2,9,2.7040111776681046,1.3035664223318955,5,0.3
calendar_20,calendar,3,3,9,2.7589733699732366,1.2486042300267628,5,0.3
calendar_20,calendar,3,4,9,2.827418568173144,1.1801590318268542,5,0.3
calendar_20,calendar,3,5,9,2.7599612579559505,1.2476163420440494,5,0.3
calendar_20,calendar,3,6,9,2.812750356779293,1.1948272432207072,5,0.3
calendar_20,calendar,3,7,9,2.7041229652048857,1.3034546347951141,5,0.3
calendar_20,calendar,3,8,9,2.592283323967698,1.4152942760323017,5,0.3
calendar_20,calendar,3,9,9,2.8978106877132648,1.109766912286736,5,0.3
calendar_21,calendar,3,0,0,3.005027784034,1.002549815966,5,0.3
calendar_21,calendar,3,1,0,2.628317475942315,1.3792601240576843,5,0.3
calendar_21,calendar,3,2,0,2.7310132410413672,1.2765643589586328,5,0.3
calendar_21,calendar,3,3,0,2.700595965965226,1.3069816340347749,5,0.3
calendar_21,calendar,3,4,0,2.7251860199455233,1.2823915800544745,5,0.3
calendar_21,calendar,3,5,0,2.7792230135988474,1.2283545864011536,5,0.3
calendar_21,calendar,3,6,0,2.796666469310998,1.2109111306890008,5,0.3
calendar_21,calendar,3,7,0,2.7616713136799254,1.2459062863200754,5,0.3
calendar_21,calendar,3,8,0,2.636499245025001,1.3710783549749996,5,0.3
calendar_21,calendar,3,9,0,2.905645356769753,1.1019322432302459,5,0.3
calendar_21,calendar,3,0,1,2.6143838332139913,1.3931937667860093,5,0.3
calendar_21,calendar,3,1,1,2.359054674210069,1.648522925789931,5,0.3
calendar_21,calendar,3,2,1,2.4130610963362624,1.5945165036637374,5,0.3
calendar_21,calendar,3,3,1,2.4796685893512094,1.5279090106487914,5,0.3
calendar_21,calendar,3,4,1,2.4623954815146885,1.545182118485311,5,0.3
calendar_21,calendar,3,5,1,2.4648597400519994,1.5427178599480003,5,0.3
calendar_21,calendar,3,6,1,2.48184696413124,1.5257306358687601,5,0.3
calendar_21,calendar,3,7,1,2.4728601822615337,1.5347174177384668,5,0.3
calendar_21,calendar,3,8,1,2.3668089422260548,1.640768657773946,5,0.3
calendar_21,calendar,3,9,1,2.6366673520599195,1.3709102479400812,5,0.3
calendar_21,calendar,3,0,2,2.677271661513561,1.3303059384864393,5,0.3
calendar_21,calendar,3,1,2,2.385904241184509,1.6216733588154906,5,0.3
calendar_21,calendar,3,2,2,2.4516247219043668,1.5559528780956335,5,0.3
calendar_21,calendar,3,3,2,2.4895317958844827,1.518045804115518,5,0.3
calendar_21,calendar,3,4,2,2.514097814036443,1.4934797859635567,5,0.3
calendar_21,calendar,3,5,2,2.5205967559248816,1.4869808440751198,5,0.3
calendar_21,calendar,3,6,2,2.502275245493875,1.505302354506125,5,0.3
calendar_21,calendar,3,7,2,2.49565883991825,1.5119187600817499,5,0.3
calendar_21,calendar,3,8,2,2.4496470371416916,1.557930562858309,5,0.3
calendar_21,calendar,3,9,2,2.7646633051933036,1.2429142948066965,5,0.3
calendar_21,calendar,3,0,3,2.6946431110466493,1.3129344889533507,5,0.3
calendar_21,calendar,3,1,3,2.3906526482287336,1.616924951771267,5,0.3
calendar_21,calendar,3,2,3,2.4821565942060957,1.525421005793905,5,0.3
calendar_21,calendar,3,3,3,2.530840775407705,1.4767368245922947,5,0.3
calendar_21,calendar,3,4,3,2.5811872160502554,1.4263903839497434,5,0.3
calendar_21,calendar,3,5,3,2.516753260210613,1.4908243397893863,5,0.3
calendar_21,calendar,3,6,3,2.504970903336629,1.5026066966633707,5,0.3
calendar_21,calendar,3,7,3,2.480437973242679,1.5271396267573216,5,0.3
calendar_21,calendar,3,8,3,2.4125759315087465,1.5950016684912538,5,0.3
calendar_21,calendar,3,9,3,2.774056578548335,1.2335210214516656,5,0.3
calendar_21,calendar,3,0,4,2.694976466339664,1.3126011336603358,5,0.3
calendar_21,calendar,3,1,4,2.461759250559969,1.5458183494400317,5,0.3
calendar_21,calendar,3,2,4,2.4799985142152448,1.5275790857847558,5,0.3
calendar_21,calendar,3,3,4,2.5694794770802316,1.4380981229197678,5,0.3
calendar_21,calendar,3,4,4,2.613726275596757,1.3938513244032416,5,0.3
calendar_21,calendar,3,5,4,2.566131794382157,1.441445805617842,5,0.3
calendar_21,calendar,3,6,4,2.5373124771621582,1.470265122837842,5,0.3
calendar_21,calendar,3,7,4,2.5427543621345836,1.4648232378654171,5,0.3
calendar_21,calendar,3,8,4,2.4692386298645275,1.5383389701354733,5,0.3
calendar_21,calendar,3,9,4,2.833990490628112,1.1735871093718881,5,0.3
calendar_21,calendar,3,0,5,2.6837706739391276,1.3238069260608725,5,0.3
calendar_21,calendar,3,1,5,2.4172709178809693,1.590306682119031,5,0.3
calendar_21,calendar,3,2,5,2.523504593310832,1.4840730066891679,5,0.3
calendar_21,calendar,3,3,5,2.5976172795001418,1.4099603204998585,5,0.3
calendar_21,calendar,3,4,5,2.6105615415445134,1.3970160584554867,5,0.3
calendar_21,calendar,3,5,5,2.586352473656788,1.4212251263432125,5,0.3
calendar_21,calendar,3,6,5,2.553619437110408,1.4539581628895923,5,0.3
calendar_21,calendar,3,7,5,2.5489882178650167,1.458589382134983,5,0.3
calendar_21,calendar,3,8,5,2.4974967219844717,1.5100808780155281,5,0.3
calendar_21,calendar,3,9,5,2.8105431724703953,1.1970344275296052,5,0.3
calendar_21,calendar,3,0,6,2.67000226256914,1.3375753374308599,5,0.3
calendar_21,calendar,3,1,6,2.4451401804464363,1.5624374195535644,5,0.3
calendar_21,calendar,3,2,6,2.4779654274944227,1.5296121725055776,5,0.3
calendar_21,calendar,3,3,6,2.522985465487722,1.4845921345122772,5,0.3
calendar_21,calendar,3,4,6,2.6406849651422735,1.3668926348577268,5,0.3
calendar_21,calendar,3,5,6,2.534403143792968,1.4731744562070324,5,0.3
calendar_21,calendar,3,6,6,2.5199563336670554,1.4876212663329447,5,0.3
calendar_21,calendar,3,7,6,2.5385139391150258,1.469063660884975,5,0.3
calendar_21,calendar,3,8,6,2.4862943308646757,1.5212832691353237,5,0.3
calendar_21,calendar,3,9,6,2.8152843250085087,1.1922932749914914,5,0.3
calendar_21,calendar,3,0,7,2.688221854928151,1.3193557450718478,5,0.3
calendar_21,calendar,3,1,7,2.4192946299895084,1.588282970010491,5,0.3
calendar_21,calendar,3,2,7,2.4984950715934953,1.509082528406505,5,0.3
calendar_21,calendar,3,3,7,2.544098120314041,1.463479479685959,5,0.3
calendar_21,calendar,3,4,7,2.558394401254117,1.4491831987458843,5,0.3
calendar_21,calendar,3,5,7,2.603868346677919,1.40370925332208,5,0.3
calendar_21,calendar,3,6,7,2.497034512362121,1.5105430876378796,5,0.3
calendar_21,calendar,3,7,7,2.4923415560929145,1.5152360439070853,5,0.3
calendar_21,calendar,3,8,7,2.4766015310627503,1.5309760689372498,5,0.3
calendar_21,calendar,3,9,7,2.7954112539656,1.2121663460344005,5,0.3
calendar_21,calendar,3,0,8,2.6237917202032186,1.3837858797967815,5,0.3
calendar_21,calendar,3,1,8,2.346935684345538,1.660641915654463,5,0.3
calendar_21,calendar,3,2,8,2.4649091227210405,1.5426684772789587,5,0.3
calendar_21,calendar,3,3,8,2.4765525556640746,1.5310250443359261,5,0.3
calendar_21,calendar,3,4,8,2.549163156524206,1.4584144434757937,5,0.3
calendar_21,calendar,3,5,8,2.4386408334884315,1.5689367665115692,5,0.3
calendar_21,calendar,3,6,8,2.412833064808271,1.5947445351917295,5,0.3
calendar_21,calendar,3,7,8,2.4063291655546957,1.6012484344453046,5,0.3
calendar_21,calendar,3,8,8,2.410301976405141,1.5972756235948598,5,0.3
calendar_21,calendar,3,9,8,2.72014564985319,1.2874319501468097,5,0.3
calendar_21,calendar,3,0,9,2.9654115066430973,1.042166093356902,5,0.3
calendar_21,calendar,3,1,9,2.6412491411824415,1.3663284588175586,5,0.3
calendar_21,calendar,3,2,9,2.7038383051721615,1.3037392948278386,5,0.3
calendar_21,calendar,3,3,9,2.7700465104771776,1.2375310895228224,5,0.3
calendar_21,calendar,3,4,9,2.8196711326427506,1.187906467357249,5,0.3
calendar_21,calendar,3,5,9,2.7573504544449285,1.2502271455550713,5,0.3
calendar_21,calendar,3,6,9,2.7411217969250474,1.2664558030749526,5,0.3
calendar_21,calendar,3,7,9,2.6839594320561946,1.323618167943804,5,0.3
calendar_21,calendar,3,8,9,2.7141044015070928,1.2934731984929073,5,0.3
calendar_21,calendar,3,9,9,3.02597916412981,0.9815984358701887,5,0.3
calendar_22,calendar,3,0,0,3.039792197616159,0.9677854023838404,5,0.3
calendar_22,calendar,3,1,0,2.6913942808363926,1.3161833191636054,5,0.3
calendar_22,calendar,3,2,0,2.6793340809036597,1.3282435190963398,5,0.3
calendar_22,calendar,3,3,0,2.743099535087506,1.2644780649124934,5,0.3
calendar_22,calendar,3,4,0,2.732888772717388,1.2746888272826116,5,0.3
calendar_22,calendar,3,5,0,2.72128913326791,1.2862884667320893,5,0.3
calendar_22,calendar,3,6,0,2.7200014943383746,1.2875761056616244,5,0.3
calendar_22,calendar,3,7,0,2.7598405134712456,1.2477370865287538,5,0.3
calendar_22,calendar,3,8,0,2.67425411330653,1.3333234866934702,5,0.3
calendar_22,calendar,3,9,0,2.976304457763469,1.0312731422365307,5,0.3
calendar_22,calendar,3,0,1,2.6667940791618316,1.3407835208381693,5,0.3
calendar_22,calendar,3,1,1,2.437412555073823,1.5701650449261768,5,0.3
calendar_22,calendar,3,2,1,2.4530940123609803,1.5544835876390206,5,0.3
calendar_22,calendar,3,3,1,2.463188047120057,1.5443895528799432,5,0.3
calendar_22,calendar,3,4,1,2.451544232174018,1.5560333678259826,5,0.3
calendar_22,calendar,3,5,1,2.4405798376744605,1.5669977623255402,5,0.3
calendar_22,calendar,3,6,1,2.480802389776625,1.526775210223375,5,0.3
calendar_22,calendar,3,7,1,2.439408598136259,1.5681690018637415,5,0.3
calendar_22,calendar,3,8,1,2.357851812956773,1.6497257870432278,5,0.3
calendar_22,calendar,3,9,1,2.65100325045194,1.3565743495480593,5,0.3
calendar_22,calendar,3,0,2,2.7776866932791355,1.229890906720865,5,0.3
calendar_22,calendar,3,1,2,2.5259694451282773,1.481608154871723,5,0.3
calendar_22,calendar,3,2,2,2.5513843278651915,1.456193272134808,5,0.3
calendar_22,calendar,3,3,2,2.5125649202262665,1.4950126797737335,5,0.3
calendar_22,calendar,3,4,2,2.554489446187254,1.453088153812745,5,0.3
calendar_22,calendar,3,5,2,2.54677287427363,1.4608047257263692,5,0.3
calendar_22,calendar,3,6,2,2.5567149710641304,1.4508626289358708,5,0.3
calendar_22,calendar,3,7,2,2.5216337374944153,1.485943862505585,5,0.3
calendar_22,calendar,3,8,2,2.502495290950829,1.5050823090491714,5,0.3
calendar_22,calendar,3,9,2,2.7256034512372906,1.2819741487627097,5,0.3
calendar_22,calendar,3,0,3,2.777631861343084,1.2299457386569155,5,0.3
calendar_22,calendar,3,1,3,2.4927425509802497,1.514835049019751,5,0.3
calendar_22,calendar,3,2,3,2.4974002186594877,1.5101773813405135,5,0.3
calendar_22,calendar,3,3,3,2.5268830072568638,1.480694592743136,5,0.3
calendar_22,calendar,3,4,3,2.5309138139218565,1.4766637860781433,5,0.3
calendar_22,calendar,3,5,3,2.5934597104729886,1.4141178895270108,5,0.3
calendar_22,calendar,3,6,3,2.5741578288911717,1.433419771108828,5,0.3
calendar_22,calendar,3,7,3,2.5574218194707132,1.4501557805292857,5,0.3
calendar_22,calendar,3,8,3,2.477685473476781,1.5298921265232193,5,0.3
calendar_22,calendar,3,9,3,2.8254149243095883,1.1821626756904116,5,0.3
calendar_22,calendar,3,0,4,2.805932289199356,1.2016453108006453,5,0.3
calendar_22,calendar,3,1,4,2.494589252820162,1.5129883471798382,5,0.3
calendar_22,calendar,3,2,4,2.5539762904664145,1.4536013095335856,5,0.3
calendar_22,calendar,3,3,4,2.5881097600238863,1.4194678399761136,5,0.3
calendar_22,calendar,3,4,4,2.5509625727247642,1.4566150272752356,5,0.3
calendar_22,calendar,3,5,4,2.58471753018891,1.4228600698110898,5,0.3
calendar_22,calendar,3,6,4,2.5410239869547975,1.4665536130452026,5,0.3
calendar_22,calendar,3,7,4,2.565701715779419,1.4418758842205817,5,0.3
calendar_22,calendar,3,8,4,2.509911544306233,1.4976660556937667,5,0.3
calendar_22,calendar,3,9,4,2.7817507665225514,1.225826833477449,5,0.3
calendar_22,calendar,3,0,5,2.741765724010661,1.2658118759893382,5,0.3
calendar_22,calendar,3,1,5,2.474137945993655,1.533439654006344,5,0.3
calendar_22,calendar,3,2,5,2.5348181977702935,1.472759402229707,5,0.3
calendar_22,calendar,3,3,5,2.5751943538206596,1.4323832461793407,5,0.3
calendar_22,calendar,3,4,5,2.555346048436111,1.4522315515638884,5,0.3
calendar_22,calendar,3,5,5,2.573988667894342,1.4335889321056576,5,0.3
calendar_22,calendar,3,6,5,2.5178563293408867,1.4897212706591125,5,0.3
calendar_22,calendar,3,7,5,2.5355418463026793,1.4720357536973203,5,0.3
calendar_22,calendar,3,8,5,2.5137292752140823,1.4938483247859182,5,0.3
calendar_22,calendar,3,9,5,2.8278370881776387,1.1797405118223623,5,0.3
calendar_22,calendar,3,0,6,2.70910287918628,1.2984747208137197,5,0.3
calendar_22,calendar,3,1,6,2.499198186862354,1.5083794131376465,5,0.3
calendar_22,calendar,3,2,6,2.5168440571586017,1.490733542841397,5,0.3
calendar_22,calendar,3,3,6,2.5206388304187537,1.4869387695812466,5,0.3
calendar_22,calendar,3,4,6,2.5765536768361197,1.431023923163879,5,0.3
calendar_22,calendar,3,5,6,2.548398884342699,1.459178715657302,5,0.3
calendar_22,calendar,3,6,6,2.5876707041943536,1.4199068958056469,5,0.3
calendar_22,calendar,3,7,6,2.4841029272840918,1.5234746727159085,5,0.3
calendar_22,calendar,3,8,6,2.480208518878189,1.5273690811218115,5,0.3
calendar_22,calendar,3,9,6,2.8629514685389204,1.144626131461079,5,0.3
calendar_22,calendar,3,0,7,2.6843826270707627,1.3231949729292374,5,0.3
calendar_22,calendar,3,1,7,2.4218895816322887,1.5856880183677116,5,0.3
calendar_22,calendar,3,2,7,2.5422390074833734,1.4653385925166256,5,0.3
calendar_22,calendar,3,3,7,2.544161191422328,1.4634164085776726,5,0.3
calendar_22,calendar,3,4,7,2.544799780730255,1.4627778192697443,5,0.3
calendar_22,calendar,3,5,7,2.5506906804284335,1.4568869195715672,5,0.3
calendar_22,calendar,3,6,7,2.5271352098239355,1.4804423901760648,5,0.3
calendar_22,calendar,3,7,7,2.501817652115551,1.5057599478844503,5,0.3
calendar_22,calendar,3,8,7,2.446778563877095,1.560799036122906,5,0.3
calendar_22,calendar,3,9,7,2.6897336629777606,1.3178439370222388,5,0.3
calendar_22,calendar,3,0,8,2.633067225416631,1.3745103745833693,5,0.3
calendar_22,calendar,3,1,8,2.441675488061334,1.5659021119386665,5,0.3
calendar_22,calendar,3,2,8,2.428739508374992,1.578838091625008,5,0.3
calendar_22,calendar,3,3,8,2.429170722357445,1.5784068776425546,5,0.3
calendar_22,calendar,3,4,8,2.432531777715592,1.5750458222844077,5,0.3
calendar_22,calendar,3,5,8,2.4581868697169167,1.5493907302830843,5,0.3
calendar_22,calendar,3,6,8,2.4243731565261912,1.5832044434738088,5,0.3
calendar_22,calendar,3,7,8,2.396135178454908,1.6114424215450927,5,0.3
calendar_22,calendar,3,8,8,2.418073248945951,1.589504351054048,5,0.3
calendar_22,calendar,3,9,8,2.665198176263759,1.3423794237362419,5,0.3
calendar_22,calendar,3,0,9,3.0037561720782695,1.00382142792173,5,0.3
calendar_22,calendar,3,1,9,2.657698611500843,1.3498789884991573,5,0.3
calendar_22,calendar,3,2,9,2.7313205701766896,1.2762570298233102,5,0.3
calendar_22,calendar,3,3,9,2.74995608056043,1.2576215194395688,5,0.3
calendar_22,calendar,3,4,9,2.698352808851491,1.3092247911485086,5,0.3
calendar_22,calendar,3,5,9,2.732230675001002,1.275346924998997,5,0.3
calendar_22,calendar,3,6,9,2.6857477956016163,1.3218298043983832,5,0.3
calendar_22,calendar,3,7,9,2.7308149241758968,1.2767626758241026,5,0.3
calendar_22,calendar,3,8,9,2.6517742826818322,1.355803317318168,5,0.3
calendar_22,calendar,3,9,9,3.0033105196078878,1.0042670803921125,5,0.3
calendar_23,calendar,1,0,0,3.2336198926627127,0.7739577073372881,5,0.1
calendar_23,calendar,1,1,0,3.026105487974769,0.9814721120252315,5,0.1
calendar_23,calendar,1,2,0,3.121524871699079,0.8860527283009217,5,0.1
calendar_23,calendar,1,3,0,3.1016490458790207,0.9059285541209804,5,0.1
calendar_23,calendar,1,4,0,3.1608844259835,0.8466931740165009,5,0.1
calendar_23,calendar,1,5,0,3.1271543496286944,0.8804232503713071,5,0.1
calendar_23,calendar,1,6,0,3.1370989495632045,0.8704786504367961,5,0.1
calendar_23,calendar,1,7,0,3.177923335175773,0.8296542648242268,5,0.1
calendar_23,calendar,1,8,0,3.0568423873047728,0.9507352126952272,5,0.1
calendar_23,calendar,1,9,0,3.2584167699507827,0.7491608300492179,5,0.1
calendar_23,calendar,1,0,1,3.0446400916715755,0.9629375083284248,5,0.1
calendar_23,calendar,1,1,1,2.705926574542259,1.3016510254577398,5,0.1
calendar_23,calendar,1,2,1,2.8739433122041325,1.1336342877958674,5,0.1
calendar_23,calendar,1,3,1,2.863086262371967,1.1444913376280323,5,0.1
calendar_23,calendar,1,4,1,2.8316901976748223,1.175887402325178,5,0.1
calendar_23,calendar,1,5,1,2.8395320491896787,1.168045550810321,5,0.1
calendar_23,calendar,1,6,1,2.875200414646881,1.1323771853531204,5,0.1
calendar_23,calendar,1,7,1,2.86523676102487,1.1423408389751302,5,0.1
calendar_23,calendar,1,8,1,2.8075125605379068,1.2000650394620935,5,0.1
calendar_23,calendar,1,9,1,3.0127608653078326,0.9948167346921674,5,0.1
calendar_23,calendar,1,0,2,3.05080217833834,0.9567754216616597,5,0.1
calendar_23,calendar,1,1,2,2.8599175545904343,1.1476600454095665,5,0.1
calendar_23,calendar,1,2,2,2.944800905228862,1.0627766947711375,5,0.1
calendar_23,calendar,1,3,2,3.0488675156746785,0.9587100843253218,5,0.1
calendar_23,calendar,1,4,2,3.0007820298109147,1.0067955701890852,5,0.1
calendar_23,calendar,1,5,2,2.9536058819020883,1.0539717180979127,5,0.1
calendar_23,calendar,1,6,2,2.986657847498197,1.0209197525018026,5,0.1
calendar_23,calendar,1,7,2,2.8846474627125844,1.1229301372874156,5,0.1
calendar_23,calendar,1,8,2,2.860885872644401,1.1466917273555992,5,0.1
calendar_23,calendar,1,9,2,3.103497877329047,0.9040797226709524,5,0.1
calendar_23,calendar,1,0,3,3.1146303371824087,0.8929472628175921,5,0.1
calendar_23,calendar,1,1,3,2.935439665733242,1.072137934266757,5,0.1
calendar_23,calendar,1,2,3,2.94581411326573,1.0617634867342705,5,0.1
calendar_23,calendar,1,3,3,2.9300777529043063,1.0774998470956936,5,0.1
calendar_23,calendar,1,4,3,3.0087009019164275,0.9988766980835716,5,0.1
calendar_23,calendar,1,5,3,2.9813587065665996,1.0262188934333993,5,0.1
calendar_23,calendar,1,6,3,2.9383031543312916,1.069274445668708,5,0.1
calendar_23,calendar,1,7,3,2.944724578873947,1.0628530211260534,5,0.1
calendar_23,calendar,1,8,3,2.8361677739641173,1.1714098260358823,5,0.1
calendar_23,calendar,1,9,3,3.1464023913555113,0.8611752086444899,5,0.1
calendar_23,calendar,1,0,4,3.1357005551723045,0.8718770448276963,5,0.1
calendar_23,calendar,1,1,4,2.8615730911045465,1.1460045088954536,5,0.1
calendar_23,calendar,1,2,4,2.943798768128384,1.0637788318716155,5,0.1
calendar_23,calendar,1,3,4,2.893333138210608,1.1142444617893916,5,0.1
calendar_23,calendar,1,4,4,2.917458799920833,1.0901188000791675,5,0.1
calendar_23,calendar,1,5,4,2.9090911811995857,1.0984864188004146,5,0.1
calendar_23,calendar,1,6,4,3.0225442436865944,0.9850333563134046,5,0.1
calendar_23,calendar,1,7,4,2.9785281501616074,1.0290494498383929,5,0.1
calendar_23,calendar,1,8,4,2.926146649161918,1.0814309508380817,5,0.1
calendar_23,calendar,1,9,4,3.1200175886607084,0.8875600113392921,5,0.1
calendar_23,calendar,1,0,5,3.0680683520623906,0.93950924793761,5,0.1
calendar_23,calendar,1,1,5,2.857325025966756,1.1502525740332445,5,0.1
calendar_23,calendar,1,2,5,2.8735331021319617,1.1340444978680402,5,0.1
calendar_23,calendar,1,3,5,2.9416948525774558,1.0658827474225427,5,0.1
calendar_23,calendar,1,4,5,2.9383896882918226,1.0691879117081773,5,0.1
calendar_23,calendar,1,5,5,2.9575538663124936,1.050023733687506,5,0.1
calendar_23,calendar,1,6,5,2.9640547638301,1.0435228361698996,5,0.1
calendar_23,calendar,1,7,5,3.011294541610845,0.9962830583891559,5,0.1
calendar_23,calendar,1,8,5,2.9727698591275518,1.0348077408724488,5,0.1
calendar_23,calendar,1,9,5,3.186436726802619,0.8211408731973812,5,0.1
calendar_23,calendar,1,0,6,3.0762244944727617,0.9313531055272389,5,0.1
calendar_23,calendar,1,1,6,2.840736798414807,1.1668408015851934,5,0.1
calendar_23,calendar,1,2,6,2.8688383780061977,1.1387392219938035,5,0.1
calendar_23,calendar,1,3,6,2.8823061533247354,1.1252714466752658,5,0.1
calendar_23,calendar,1,4,6,3.008671635287809,0.9989059647121902,5,0.1
calendar_23,calendar,1,5,6,2.9867597474820573,1.0208178525179423,5,0.1
calendar_23,calendar,1,6,6,2.94997880328957,1.0575987967104308,5,0.1
calendar_23,calendar,1,7,6,2.9524723355234053,1.0551052644765948,5,0.1
calendar_23,calendar,1,8,6,2.936786027599766,1.070791572400235,5,0.1
calendar_23,calendar,1,9,6,3.1639006260416087,0.8436769739583915,5,0.1
calendar_23,calendar,1,0,7,3.083841954127195,0.9237356458728051,5,0.1
calendar_23,calendar,1,1,7,2.8590248341569473,1.1485527658430532,5,0.1
calendar_23,calendar,1,2,7,2.876831457221329,1.1307461427786702,5,0.1
calendar_23,calendar,1,3,7,2.9629810009249526,1.0445965990750488,5,0.1
calendar_23,calendar,1,4,7,2.958662523586624,1.0489150764133766,5,0.1
calendar_23,calendar,1,5,7,2.9290237389055087,1.0785538610944911,5,0.1
calendar_23,calendar,1,6,7,3.002826909783608,1.004750690216393,5,0.1
calendar_23,calendar,1,7,7,2.902226351234373,1.1053512487656276,5,0.1
calendar_23,calendar,1,8,7,2.829149800735106,1.178427799264894,5,0.1
calendar_23,calendar,1,9,7,3.1562283188874343,0.8513492811125657,5,0.1
calendar_23,calendar,1,0,8,3.028247356746795,0.979330243253204,5,0.1
calendar_23,calendar,1,1,8,2.6949459804962186,1.312631619503782,5,0.1
calendar_23,calendar,1,2,8,2.8042161686082085,1.203361431391792,5,0.1
calendar_23,calendar,1,3,8,2.8206763016396685,1.1869012983603309,5,0.1
calendar_23,calendar,1,4,8,2.863190298859206,1.144387301140794,5,0.1
calendar_23,calendar,1,5,8,2.83920870149175,1.1683688985082505,5,0.1
calendar_23,calendar,1,6,8,2.839496990133605,1.1680806098663936,5,0.1
calendar_23,calendar,1,7,8,2.7936456636550147,1.2139319363449839,5,0.1
calendar_23,calendar,1,8,8,2.720802164586024,1.2867754354139758,5,0.1
calendar_23,calendar,1,9,8,2.9959356471876823,1.011641952812318,5,0.1
calendar_23,calendar,1,0,9,3.1868110082194314,0.8207665917805672,5,0.1
calendar_23,calendar,1,1,9,2.961962430076513,1.0456151699234866,5,0.1
calendar_23,calendar,1,2,9,3.060834732323286,0.9467428676767153,5,0.1
calendar_23,calendar,1,3,9,3.0440596109847604,0.9635179890152387,5,0.1
calendar_23,calendar,1,4,9,3.0638610637046604,0.9437165362953409,5,0.1
calendar_23,calendar,1,5,9,3.056732435038538,0.9508451649614643,5,0.1
calendar_23,calendar,1,6,9,3.1143868696877726,0.8931907303122282,5,0.1
calendar_23,calendar,1,7,9,3.054960046232433,0.9526175537675673,5,0.1
calendar_23,calendar,1,8,9,2.9302785968651945,1.0772990031348075,5,0.1
calendar_23,calendar,1,9,9,3.209597438906826,0.797980161093174,5,0.1
calendar_24,calendar,1,0,0,3.241961804710123,0.7656157952898773,5,0.1
calendar_24,calendar,1,1,0,2.9818000562081806,1.0257775437918206,5,0.1
calendar_24,calendar,1,2,0,3.08173050090702,0.9258470990929802,5,0.1
calendar_24,calendar,1,3,0,3.068942368270837,0.9386352317291631,5,0.1
calendar_24,calendar,1,4,0,3.1441667332137286,0.8634108667862715,5,0.1
calendar_24,calendar,1,5,0,3.0907917883078735,0.9167858116921267,5,0.1
calendar_24,calendar,1,6,0,3.0560480214826096,0.9515295785173902,5,0.1
calendar_24,calendar,1,7,0,3.137291423403637,0.8702861765963631,5,0.1
calendar_24,calendar,1,8,0,3.0909081120069444,0.9166694879930565,5,0.1
calendar_24,calendar,1,9,0,3.198720341144826,0.8088572588551746,5,0.1
calendar_24,calendar,1,0,1,3.017486448882815,0.9900911511171849,5,0.1
calendar_24,calendar,1,1,1,2.7748838917154335,1.2326937082845681,5,0.1
calendar_24,calendar,1,2,1,2.8553655323823204,1.1522120676176792,5,0.1
calendar_24,calendar,1,3,1,2.850236347005396,1.1573412529946028,5,0.1
calendar_24,calendar,1,4,1,2.861379379635876,1.146198220364123,5,0.1
calendar_24,calendar,1,5,1,2.8827821958330544,1.124795404166945,5,0.1
calendar_24,calendar,1,6,1,2.8987315665625095,1.1088460334374906,5,0.1
calendar_24,calendar,1,7,1,2.8452940670612215,1.1622835329387784,5,0.1
calendar_24,calendar,1,8,1,2.7722196390093017,1.2353579609906982,5,0.1
calendar_24,calendar,1,9,1,3.029569938902979,0.978007661097021,5,0.1
calendar_24,calendar,1,0,2,3.074659142516719,0.9329184574832813,5,0.1
calendar_24,calendar,1,1,2,2.8549614689317804,1.152616131068219,5,0.1
calendar_24,calendar,1,2,2,2.963231403265167,1.0443461967348322,5,0.1
calendar_24,calendar,1,3,2,2.939438105636926,1.0681394943630733,5,0.1
calendar_24,calendar,1,4,2,2.909338141592617,1.0982394584073834,5,0.1
calendar_24,calendar,1,5,2,2.9690224286487257,1.0385551713512746,5,0.1
calendar_24,calendar,1,6,2,2.984005791922405,1.0235718080775957,5,0.1
calendar_24,calendar,1,7,2,2.921911033138359,1.085666566861641,5,0.1
calendar_24,calendar,1,8,2,2.8832261206694993,1.1243514793305007,5,0.1
calendar_24,calendar,1,9,2,3.0773884263356344,0.930189173664365,5,0.1
calendar_24,calendar,1,0,3,3.070317655960725,0.937259944039276,5,0.1
calendar_24,calendar,1,1,3,2.8901545089141734,1.117423091085827,5,0.1
calendar_24,calendar,1,2,3,2.978861842887668,1.0287157571123307,5,0.1
calendar_24,calendar,1,3,3,2.9616679223565887,1.0459096776434122,5,0.1
calendar_24,calendar,1,4,3,2.937773104860659,1.0698044951393424,5,0.1
calendar_24,calendar,1,5,3,2.958920906281988,1.0486566937180133,5,0.1
calendar_24,calendar,1,6,3,2.9167766415498826,1.0908009584501177,5,0.1
calendar_24,calendar,1,7,3,2.9484070459709026,1.0591705540290965,5,0.1
calendar_24,calendar,1,8,3,2.90269209296931,1.1048855070306893,5,0.1
calendar_24,calendar,1,9,3,3.08735832448073,0.9202192755192681,5,0.1
calendar_24,calendar,1,0,4,3.1311464492506778,0.8764311507493237,5,0.1
calendar_24,calendar,1,1,4,2.9292411259338866,1.078336474066114,5,0.1
calendar_24,calendar,1,2,4,2.9357086906266376,1.071868909373362,5,0.1
calendar_24,calendar,1,3,4,2.9610071492804666,1.0465704507195333,5,0.1
calendar_24,calendar,1,4,4,2.9623034127097196,1.0452741872902804,5,0.1
calendar_24,calendar,1,5,4,2.97159841057378,1.0359791894262198,5,0.1
calendar_24,calendar,1,6,4,2.994554249411657,1.0130233505883428,5,0.1
calendar_24,calendar,1,7,4,2.935894300593222,1.0716832994067786,5,0.1
calendar_24,calendar,1,8,4,2.918585545877162,1.0889920541228384,5,0.1
calendar_24,calendar,1,9,4,3.139171052689697,0.8684065473103034,5,0.1
calendar_24,calendar,1,0,5,3.08576080453806,0.92181679546194,5,0.1
calendar_24,calendar,1,1,5,2.874573536706851,1.133004063293149,5,0.1
calendar_24,calendar,1,2,5,2.949276617388256,1.0583009826117449,5,0.1
calendar_24,calendar,1,3,5,2.9234659338344313,1.0841116661655696,5,0.1
calendar_24,calendar,1,4,5,2.9545565217296117,1.0530210782703882,5,0.1
calendar_24,calendar,1,5,5,2.8696004321091455,1.1379771678908543,5,0.1
calendar_24,calendar,1,6,5,2.9695466983050522,1.0380309016949472,5,0.1
calendar_24,calendar,1,7,5,2.9281962764306555,1.0793813235693437,5,0.1
calendar_24,calendar,1,8,5,2.8462480494374804,1.1613295505625192,5,0.1
calendar_24,calendar,1,9,5,3.109579417755762,0.8979981822442388,5,0.1
calendar_24,calendar,1,0,6,3.0720644007975997,0.9355131992024007,5,0.1
calendar_24,calendar,1,1,6,2.770152184969329,1.237425415030671,5,0.1
calendar_24,calendar,1,2,6,2.879840221640537,1.1277373783594615,5,0.1
calendar_24,calendar,1,3,6,2.9748742152367877,1.0327033847632114,5,0.1
calendar_24,calendar,1,4,6,2.912475699433268,1.0951019005667326,5,0.1
calendar_24,calendar,1,5,6,2.903636125978284,1.1039414740217155,5,0.1
calendar_24,calendar,1,6,6,2.9324643657399445,1.0751132342600556,5,0.1
calendar_24,calendar,1,7,6,2.9229429206038215,1.0846346793961785,5,0.1
calendar_24,calendar,1,8,6,2.8770131585030567,1.1305644414969425,5,0.1
calendar_24,calendar,1,9,6,3.054781869400548,0.9527957305994517,5,0.1
calendar_24,calendar,1,0,7,3.013541093356072,0.9940365066439288,5,0.1
calendar_24,calendar,1,1,7,2.8041227134092073,1.203454886590793,5,0.1
calendar_24,calendar,1,2,7,2.866208352744908,1.1413692472550911,5,0.1
calendar_24,calendar,1,3,7,2.8400171985955422,1.1675604014044578,5,0.1
calendar_24,calendar,1,4,7,2.8588953792977243,1.1486822207022758,5,0.1
calendar_24,calendar,1,5,7,2.904997996191876,1.1025796038081255,5,0.1
calendar_24,calendar,1,6,7,2.937873919492148,1.0697036805078517,5,0.1
calendar_24,calendar,1,7,7,2.916108183055737,1.0914694169442622,5,0.1
calendar_24,calendar,1,8,7,2.8063208281557612,1.2012567718442402,5,0.1
calendar_24,calendar,1,9,7,3.0877611774913802,0.9198164225086201,5,0.1
calendar_24,calendar,1,0,8,3.0413379856176688,0.9662396143823311,5,0.1
calendar_24,calendar,1,1,8,2.713911193860818,1.2936664061391818,5,0.1
calendar_24,calendar,1,2,8,2.8156289087368207,1.1919486912631783,5,0.1
calendar_24,calendar,1,3,8,2.824461752478778,1.1831158475212218,5,0.1
calendar_24,calendar,1,4,8,2.825456450488946,1.1821211495110548,5,0.1
calendar_24,calendar,1,5,8,2.859542390926339,1.1480352090736623,5,0.1
calendar_24,calendar,1,6,8,2.858711234541624,1.1488663654583742,5,0.1
calendar_24,calendar,1,7,8,2.8275180339542834,1.1800595660457176,5,0.1
calendar_24,calendar,1,8,8,2.7010061850473632,1.3065714149526375,5,0.1
calendar_24,calendar,1,9,8,2.9475945048665944,1.0599830951334046,5,0.1
calendar_24,calendar,1,0,9,3.202687705679703,0.804889894320297,5,0.1
calendar_24,calendar,1,1,9,2.957592121849597,1.0499854781504023,5,0.1
calendar_24,calendar,1,2,9,3.0792299670790344,0.9283476329209657,5,0.1
calendar_24,calendar,1,3,9,3.1051552714444615,0.9024223285555394,5,0.1
calendar_24,calendar,1,4,9,3.1062531676409737,0.9013244323590263,5,0.1
calendar_24,calendar,1,5,9,3.0864517247806584,0.9211258752193406,5,0.1
calendar_24,calendar,1,6,9,3.0343377434230625,0.9732398565769375,5,0.1
calendar_24,calendar,1,7,9,3.0174868898861513,0.9900907101138483,5,0.1
calendar_24,calendar,1,8,9,2.9341010405521177,1.0734765594478815,5,0.1
calendar_24,calendar,1,9,9,3.193655272953216,0.8139223270467852,5,0.1
calendar_25,calendar,1,0,0,3.18215929942098,0.8254183005790193,5,0.1
calendar_25,calendar,1,1,0,2.9967812080109195,1.0107963919890792,5,0.1
calendar_25,calendar,1,2,0,3.098473815490964,0.9091037845090366,5,0.1
calendar_25,calendar,1,3,0,3.0932164680628143,0.9143611319371872,5,0.1
calendar_25,calendar,1,4,0,3.0325493530066705,0.9750282469933289,5,0.1
calendar_25,calendar,1,5,0,3.0245546097968146,0.9830229902031867,5,0.1
calendar_25,calendar,1,6,0,3.046074821915793,0.9615027780842074,5,0.1
calendar_25,calendar,1,7,0,3.0669235508630517,0.9406540491369484,5,0.1
calendar_25,calendar,1,8,0,2.9727271450356256,1.0348504549643744,5,0.1
calendar_25,calendar,1,9,0,3.195252774805867,0.812324825194134,5,0.1
calendar_25,calendar,1,0,1,2.9718856736398527,1.0356919263601463,5,0.1
calendar_25,calendar,1,1,1,2.7418521077978757,1.2657254922021242,5,0.1
calendar_25,calendar,1,2,1,2.8874036244725314,1.1201739755274687,5,0.1
calendar_25,calendar,1,3,1,2.9123533186108976,1.0952242813891029,5,0.1
calendar_25,calendar,1,4,1,2.9342260034628613,1.073351596537139,5,0.1
calendar_25,calendar,1,5,1,2.846143831850858,1.1614337681491416,5,0.1
calendar_25,calendar,1,6,1,2.9028031162526897,1.10477448374731,5,0.1
calendar_25,calendar,1,7,1,2.7737094396444713,1.233868160355529,5,0.1
calendar_25,calendar,1,8,1,2.7355544461057293,1.272023153894271,5,0.1
calendar_25,calendar,1,9,1,2.9880839414844065,1.019493658515594,5,0.1
calendar_25,calendar,1,0,2,3.011411431837833,0.9961661681621656,5,0.1
calendar_25,calendar,1,1,2,2.8852468658467183,1.1223307341532813,5,0.1
calendar_25,calendar,1,2,2,2.924939885167828,1.0826377148321715,5,0.1
calendar_25,calendar,1,3,2,2.9670703085917887,1.040507291408211,5,0.1
calendar_25,calendar,1,4,2,2.9221685901121606,1.0854090098878417,5,0.1
calendar_25,calendar,1,5,2,2.9243957693645934,1.083181830635406,5,0.1
calendar_25,calendar,1,6,2,2.901994230607824,1.1055833693921766,5,0.1
calendar_25,calendar,1,7,2,2.925466694051956,1.0821109059480438,5,0.1
calendar_25,calendar,1,8,2,2.830241550843697,1.177336049156303,5,0.1
calendar_25,calendar,1,9,2,3.066755595166342,0.9408220048336573,5,0.1
calendar_25,calendar,1,0,3,3.088504771612777,0.9190728283872243,5,0.1
calendar_25,calendar,1,1,3,2.7755172843720546,1.2320603156279446,5,0.1
calendar_25,calendar,1,2,3,2.9732836527756348,1.0342939472243657,5,0.1
calendar_25,calendar,1,3,3,2.9091963865868906,1.09838121341311,5,0.1
calendar_25,calendar,1,4,3,2.910455329603297,1.0971222703967032,5,0.1
calendar_25,calendar,1,5,3,2.9101807811753098,1.09739681882469,5,0.1
calendar_25,calendar,1,6,3,2.9303997464795954,1.0771778535204055,5,0.1
calendar_25,calendar,1,7,3,2.9296609991991334,1.0779166008008665,5,0.1
calendar_25,calendar,1,8,3,2.8852038363147368,1.1223737636852635,5,0.1
calendar_25,calendar,1,9,3,3.13022310031294,0.8773544996870583,5,0.1
calendar_25,calendar,1,0,4,3.0879118608187315,0.9196657391812698,5,0.1
calendar_25,calendar,1,1,4,2.8565388669733114,1.1510387330266882,5,0.1
calendar_25,calendar,1,2,4,2.970121907083111,1.0374556929168894,5,0.1
calendar_25,calendar,1,3,4,3.0015065452263205,1.0060710547736782,5,0.1
calendar_25,calendar,1,4,4,2.9632265790762875,1.0443510209237123,5,0.1
calendar_25,calendar,1,5,4,2.944075927894108,1.0635016721058919,5,0.1
calendar_25,calendar,1,6,4,2.954516886050221,1.0530607139497798,5,0.1
calendar_25,calendar,1,7,4,2.9795945415468954,1.0279830584531053,5,0.1
calendar_25,calendar,1,8,4,2.865689666450738,1.1418879335492618,5,0.1
calendar_25,calendar,1,9,4,3.2044113985818927,0.803166201418107,5,0.1
calendar_25,calendar,1,0,5,3.095783138042279,0.9117944619577223,5,0.1
calendar_25,calendar,1,1,5,2.925397031551368,1.0821805684486325,5,0.1
calendar_25,calendar,1,2,5,2.952434236194344,1.0551433638056558,5,0.1
calendar_25,calendar,1,3,5,2.9921180280761956,1.015459571923805,5,0.1
calendar_25,calendar,1,4,5,2.989557625532427,1.0180199744675726,5,0.1
calendar_25,calendar,1,5,5,2.9361893537512334,1.0713882462487672,5,0.1
calendar_25,calendar,1,6,5,3.0339665182500775,0.9736110817499223,5,0.1
calendar_25,calendar,1,7,5,2.9267751753844293,1.0808024246155694,5,0.1
calendar_25,calendar,1,8,5,2.846416003647708,1.1611615963522934,5,0.1
calendar_25,calendar,1,9,5,3.125416642682205,0.8821609573177936,5,0.1
calendar_25,calendar,1,0,6,3.1625806976783815,0.8449969023216182,5,0.1
calendar_25,calendar,1,1,6,2.8568598008001413,1.1507177991998585,5,0.1
calendar_25,calendar,1,2,6,2.9110889358405494,1.0964886641594507,5,0.1
calendar_25,calendar,1,3,6,2.9663676498590674,1.0412099501409329,5,0.1
calendar_25,calendar,1,4,6,2.9510573256022976,1.0565202743977025,5,0.1
calendar_25,calendar,1,5,6,2.9181998649253407,1.0893777350746614,5,0.1
calendar_25,calendar,1,6,6,2.9903938678265916,1.017183732173408,5,0.1
calendar_25,calendar,1,7,6,2.952661395991261,1.0549162040087376,5,0.1
calendar_25,calendar,1,8,6,2.870174902863331,1.1374026971366682,5,0.1
calendar_25,calendar,1,9,6,3.053754148908158,0.9538234510918437,5,0.1
calendar_25,calendar,1,0,7,3.08503125568458,0.9225463443154195,5,0.1
calendar_25,calendar,1,1,7,2.8700012380680353,1.1375763619319637,5,0.1
calendar_25,calendar,1,2,7,3.0249541913160205,0.98262340868398,5,0.1
calendar_25,calendar,1,3,7,2.9490369279486806,1.0585406720513195,5,0.1
calendar_25,calendar,1,4,7,2.960446910551247,1.0471306894487524,5,0.1
calendar_25,calendar,1,5,7,2.949668599505793,1.0579090004942076,5,0.1
calendar_25,calendar,1,6,7,2.996440779895777,1.011136820104224,5,0.1
calendar_25,calendar,1,7,7,2.974280428375963,1.0332971716240376,5,0.1
calendar_25,calendar,1,8,7,2.7805276066958085,1.2270499933041898,5,0.1
calendar_25,calendar,1,9,7,3.0583004883624567,0.9492771116375434,5,0.1
calendar_25,calendar,1,0,8,3.0115707974195858,0.996006802580415,5,0.1
calendar_25,calendar,1,1,8,2.7911606808824083,1.2164169191175922,5,0.1
calendar_25,calendar,1,2,8,2.8520235807307874,1.1555540192692122,5,0.1
calendar_25,calendar,1,3,8,2.926518284115943,1.0810593158840573,5,0.1
calendar_25,calendar,1,4,8,2.8569922668902445,1.1505853331097566,5,0.1
calendar_25,calendar,1,5,8,2.8269804362967217,1.1805971637032782,5,0.1
calendar_25,calendar,1,6,8,2.920419421712379,1.0871581782876212,5,0.1
calendar_25,calendar,1,7,8,2.8769065052847753,1.1306710947152254,5,0.1
calendar_25,calendar,1,8,8,2.7842597207336137,1.223317879266386,5,0.1
calendar_25,calendar,1,9,8,2.9844697100793183,1.0231078899206816,5,0.1
calendar_25,calendar,1,0,9,3.2641962621571823,0.7433813378428172,5,0.1
calendar_25,calendar,1,1,9,3.000903403393772,1.0066741966062274,5,0.1
calendar_25,calendar,1,2,9,3.1069517811592973,0.9006258188407031,5,0.1
calendar_25,calendar,1,3,9,3.104669581784695,0.9029080182153054,5,0.1
calendar_25,calendar,1,4,9,3.1106130457728116,0.8969645542271881,5,0.1
calendar_25,calendar,1,5,9,3.103501746428325,0.904075853571677,5,0.1
calendar_25,calendar,1,6,9,3.1252745569962173,0.8823030430037828,5,0.1
calendar_25,calendar,1,7,9,3.1552453791845854,0.8523322208154152,5,0.1
calendar_25,calendar,1,8,9,3.0114312622647788,0.9961463377352208,5,0.1
calendar_25,calendar,1,9,9,3.2385526965509004,0.7690249034491002,5,0.1
calendar_26,calendar,1,0,0,3.1885214717758856,0.819056128224115,5,0.1
calendar_26,calendar,1,1,0,2.940965402287777,1.066612197712223,5,0.1
calendar_26,calendar,1,2,0,3.084805629288117,0.9227719707118841,5,0.1
calendar_26,calendar,1,3,0,3.1516788626709378,0.8558987373290633,5,0.1
calendar_26,calendar,1,4,0,3.096278201258875,0.9112993987411245,5,0.1
calendar_26,calendar,1,5,0,3.112785961755083,0.894791638244918,5,0.1
calendar_26,calendar,1,6,0,3.1897266615993174,0.8178509384006839,5,0.1
calendar_26,calendar,1,7,0,3.1131517286611685,0.8944258713388313,5,0.1
calendar_26,calendar,1,8,0,3.0087951245614177,0.9987824754385831,5,0.1
calendar_26,calendar,1,9,0,3.3015599610265696,0.706017638973431,5,0.1
calendar_26,calendar,1,0,1,2.9993410581826248,1.0082365418173764,5,0.1
calendar_26,calendar,1,1,1,2.7509734157939314,1.256604184206068,5,0.1
calendar_26,calendar,1,2,1,2.865775695277494,1.1418019047225065,5,0.1
calendar_26,calendar,1,3,1,2.8352179123500183,1.1723596876499809,5,0.1
calendar_26,calendar,1,4,1,2.916142507690151,1.0914350923098486,5,0.1
calendar_26,calendar,1,5,1,2.893339215400867,1.1142383845991335,5,0.1
calendar_26,calendar,1,6,1,2.8800463825456086,1.1275312174543917,5,0.1
calendar_26,calendar,1,7,1,2.8261757645068606,1.181401835493139,5,0.1
calendar_26,calendar,1,8,1,2.7543981463650766,1.253179453634923,5,0.1
calendar_26,calendar,1,9,1,2.9918488178202676,1.015728782179732,5,0.1
calendar_26,calendar,1,0,2,3.10779473283562,0.8997828671643799,5,0.1
calendar_26,calendar,1,1,2,2.875782025637846,1.1317955743621542,5,0.1
calendar_26,calendar,1,2,2,2.949542984888197,1.058034615111803,5,0.1
calendar_26,calendar,1,3,2,2.9600780508860187,1.0474995491139805,5,0.1
calendar_26,calendar,1,4,2,2.96775231447335,1.0398252855266503,5,0.1
calendar_26,calendar,1,5,2,3.041402488333319,0.9661751116666811,5,0.1
calendar_26,calendar,1,6,2,2.9952277843319774,1.0123498156680217,5,0.1
calendar_26,calendar,1,7,2,2.90199631051025,1.1055812894897503,5,0.1
calendar_26,calendar,1,8,2,2.8291845622476997,1.1783930377523009,5,0.1
calendar_26,calendar,1,9,2,3.0509999311970097,0.9565776688029896,5,0.1
calendar_26,calendar,1,0,3,3.074095653121814,0.9334819468781875,5,0.1
calendar_26,calendar,1,1,3,2.9377900718271497,1.0697875281728497,5,0.1
calendar_26,calendar,1,2,3,2.9803359870553967,1.0272416129446034,5,0.1
calendar_26,calendar,1,3,3,3.008671701100802,0.9989058988991993,5,0.1
calendar_26,calendar,1,4,3,3.0136149270419597,0.9939626729580412,5,0.1
calendar_26,calendar,1,5,3,2.9635459981596894,1.0440316018403115,5,0.1
calendar_26,calendar,1,6,3,3.0131692626859246,0.9944083373140753,5,0.1
calendar_26,calendar,1,7,3,2.892944540929851,1.1146330590701496,5,0.1
calendar_26,calendar,1,8,3,2.856219800492828,1.1513577995071722,5,0.1
calendar_26,calendar,1,9,3,3.1076878187846497,0.8998897812153502,5,0.1
calendar_26,calendar,1,0,4,3.1176508913001464,0.8899267086998534,5,0.1
calendar_26,calendar,1,1,4,2.9614142782674264,1.0461633217325743,5,0.1
calendar_26,calendar,1,2,4,2.999583092167731,1.007994507832269,5,0.1
calendar_26,calendar,1,3,4,3.021910272876767,0.9856673271232336,5,0.1
calendar_26,calendar,1,4,4,3.017903598498694,0.9896740015013079,5,0.1
calendar_26,calendar,1,5,4,2.9775940571939765,1.0299835428060236,5,0.1
calendar_26,calendar,1,6,4,2.9810220257091977,1.0265555742908026,5,0.1
calendar_26,calendar,1,7,4,2.9688791794426717,1.038698420557328,5,0.1
calendar_26,calendar,1,8,4,2.855933466794682,1.1516441332053178,5,0.1
calendar_26,calendar,1,9,4,3.0689564970313787,0.9386211029686214,5,0.1
calendar_26,calendar,1,0,5,3.0435644341945376,0.9640131658054635,5,0.1
calendar_26,calendar,1,1,5,2.912578738868922,1.094998861131077,5,0.1
calendar_26,calendar,1,2,5,3.0198284533337323,0.9877491466662677,5,0.1
calendar_26,calendar,1,3,5,3.050626316924587,0.9569512830754132,5,0.1
calendar_26,calendar,1,4,5,3.028501321259457,0.9790762787405437,5,0.1
calendar_26,calendar,1,5,5,2.929508474625682,1.078069125374318,5,0.1
calendar_26,calendar,1,6,5,2.956378711460829,1.0511988885391719,5,0.1
calendar_26,calendar,1,7,5,2.9363107462840263,1.0712668537159749,5,0.1
calendar_26,calendar,1,8,5,2.8869368329202705,1.1206407670797294,5,0.1
calendar_26,calendar,1,9,5,3.105339748246728,0.902237851753273,5,0.1
calendar_26,calendar,1,0,6,3.0652968985824436,0.9422807014175569,5,0.1
calendar_26,calendar,1,1,6,2.888094191371479,1.1194834086285215,5,0.1
calendar_26,calendar,1,2,6,2.8894809790971454,1.1180966209028538,5,0.1
calendar_26,calendar,1,3,6,2.9023243338591205,1.1052532661408785,5,0.1
calendar_26,calendar,1,4,6,2.9761167997231452,1.031460800276855,5,0.1
calendar_26,calendar,1,5,6,2.929543809428012,1.0780337905719883,5,0.1
calendar_26,calendar,1,6,6,2.955050412977378,1.0525271870226214,5,0.1
calendar_26,calendar,1,7,6,2.8713079569282436,1.1362696430717576,5,0.1
calendar_26,calendar,1,8,6,2.9056814159381448,1.1018961840618557,5,0.1
calendar_26,calendar,1,9,6,3.134682212314349,0.8728953876856507,5,0.1
calendar_26,calendar,1,0,7,2.971770058870103,1.035807541129896,5,0.1
calendar_26,calendar,1,1,7,2.7916724414393213,1.2159051585606784,5,0.1
calendar_26,calendar,1,2,7,2.8850235949861385,1.122554005013862,5,0.1
calendar_26,calendar,1,3,7,2.9107185077494084,1.096859092250591,5,0.1
calendar_26,calendar,1,4,7,2.9025244522719107,1.1050531477280883,5,0.1
calendar_26,calendar,1,5,7,2.940949584269394,1.0666280157306054,5,0.1
calendar_26,calendar,1,6,7,2.9069329967280266,1.1006446032719739,5,0.1
calendar_26,calendar,1,7,7,2.9380844987558032,1.0694931012441962,5,0.1
calendar_26,calendar,1,8,7,2.806156768603466,1.2014208313965342,5,0.1
calendar_26,calendar,1,9,7,3.0541056951282055,0.9534719048717949,5,0.1
calendar_26,calendar,1,0,8,2.960957400662258,1.046620199337742,5,0.1
calendar_26,calendar,1,1,8,2.6794440761945624,1.3281335238054377,5,0.1
calendar_26,calendar,1,2,8,2.8416382623196648,1.1659393376803364,5,0.1
calendar_26,calendar,1,3,8,2.8299809170270764,1.1775966829729245,5,0.1
calendar_26,calendar,1,4,8,2.836550223235105,1.171027376764895,5,0.1
calendar_26,calendar,1,5,8,2.840641319811556,1.1669362801884426,5,0.1
calendar_26,calendar,1,6,8,2.7903787153290227,1.2171988846709765,5,0.1
calendar_26,calendar,1,7,8,2.7569765162254165,1.250601083774584,5,0.1
calendar_26,calendar,1,8,8,2.7005703030963475,1.3070072969036526,5,0.1
calendar_26,calendar,1,9,8,2.9712675053569617,1.0363100946430388,5,0.1
calendar_26,calendar,1,0,9,3.2043319579611382,0.8032456420388607,5,0.1
calendar_26,calendar,1,1,9,2.9942530356301713,1.0133245643698292,5,0.1
calendar_26,calendar,1,2,9,3.076591280451935,0.9309863195480647,5,0.1
calendar_26,calendar,1,3,9,3.1010316503564948,0.9065459496435055,5,0.1
calendar_26,calendar,1,4,9,3.082821476182965,0.9247561238170348,5,0.1
calendar_26,calendar,1,5,9,3.0538159719519564,0.953761628048044,5,0.1
calendar_26,calendar,1,6,9,3.0227756569122946,0.9848019430877062,5,0.1
calendar_26,calendar,1,7,9,3.025084279841134,0.9824933201588667,5,0.1
calendar_26,calendar,1,8,9,2.971796200721131,1.035781399278869,5,0.1
calendar_26,calendar,1,9,9,3.2319809268922253,0.775596673107775,5,0.1
calendar_23,calendar,2,0,0,3.155245626459554,0.8523319735404463,5,0.19999999999999998
calendar_23,calendar,2,1,0,2.80076021313425,1.2068173868657517,5,0.19999999999999998
calendar_23,calendar,2,2,0,2.91574452926234,1.091833070737661,5,0.19999999999999998
calendar_23,calendar,2,3,0,2.9262020951714427,1.0813755048285567,5,0.19999999999999998
calendar_23,calendar,2,4,0,2.859502938284838,1.1480746617151634,5,0.19999999999999998
calendar_23,calendar,2,5,0,2.8657097280979715,1.1418678719020288,5,0.19999999999999998
calendar_23,calendar,2,6,0,2.96771254315413,1.039865056845869,5,0.19999999999999998
calendar_23,calendar,2,7,0,2.9416505557775685,1.0659270442224316,5,0.19999999999999998
calendar_23,calendar,2,8,0,2.7860129844659007,1.2215646155340991,5,0.19999999999999998
calendar_23,calendar,2,9,0,3.1202301816209106,0.8873474183790908,5,0.19999999999999998
calendar_23,calendar,2,0,1,2.8419464839127677,1.1656311160872321,5,0.19999999999999998
calendar_23,calendar,2,1,1,2.5335545273198115,1.474023072680188,5,0.19999999999999998
calendar_23,calendar,2,2,1,2.624416601835213,1.383160998164788,5,0.19999999999999998
calendar_23,calendar,2,3,1,2.5984174618895035,1.4091601381104968,5,0.19999999999999998
calendar_23,calendar,2,4,1,2.598774215807156,1.4088033841928431,5,0.19999999999999998
calendar_23,calendar,2,5,1,2.604920805454906,1.402656794545094,5,0.19999999999999998
calendar_23,calendar,2,6,1,2.6208542347499617,1.3867233652500388,5,0.19999999999999998
calendar_23,calendar,2,7,1,2.622764491267418,1.3848131087325823,5,0.19999999999999998
calendar_23,calendar,2,8,1,2.539663886626749,1.4679137133732516,5,0.19999999999999998
calendar_23,calendar,2,9,1,2.816339862937712,1.1912377370622869,5,0.19999999999999998
calendar_23,calendar,2,0,2,2.821802387602084,1.1857752123979162,5,0.19999999999999998
calendar_23,calendar,2,1,2,2.5639522685832423,1.4436253314167582,5,0.19999999999999998
calendar_23,calendar,2,2,2,2.700183895612605,1.3073937043873936,5,0.19999999999999998
calendar_23,calendar,2,3,2,2.7722318409071653,1.235345759092834,5,0.19999999999999998
calendar_23,calendar,2,4,2,2.709981226225446,1.297596373774555,5,0.19999999999999998
calendar_23,calendar,2,5,2,2.734385399682673,1.2731922003173266,5,0.19999999999999998
calendar_23,calendar,2,6,2,2.7480060998425753,1.2595715001574244,5,0.19999999999999998
calendar_23,calendar,2,7,2,2.6966184822801815,1.3109591177198183,5,0.19999999999999998
calendar_23,calendar,2,8,2,2.6233997422987807,1.3841778577012198,5,0.19999999999999998
calendar_23,calendar,2,9,2,2.8901292738590048,1.117448326140995,5,0.19999999999999998
calendar_23,calendar,2,0,3,2.934255675230834,1.0733219247691663,5,0.19999999999999998
calendar_23,calendar,2,1,3,2.6282355810564537,1.3793420189435457,5,0.19999999999999998
calendar_23,calendar,2,2,3,2.73389867875489,1.2736789212451103,5,0.19999999999999998
calendar_23,calendar,2,3,3,2.7360933296258088,1.2714842703741915,5,0.19999999999999998
calendar_23,calendar,2,4,3,2.714167385825451,1.2934102141745496,5,0.19999999999999998
calendar_23,calendar,2,5,3,2.7420119988447484,1.2655656011552523,5,0.19999999999999998
calendar_23,calendar,2,6,3,2.741939443769734,1.265638156230266,5,0.19999999999999998
calendar_23,calendar,2,7,3,2.7707523553377373,1.236825244662263,5,0.19999999999999998
calendar_23,calendar,2,8,3,2.6666195785308493,1.340958021469151,5,0.19999999999999998
calendar_23,calendar,2,9,3,2.9566568288464965,1.0509207711535036,5,0.19999999999999998
calendar_23,calendar,2,0,4,2.9137302125492646,1.0938473874507346,5,0.19999999999999998
calendar_23,calendar,2,1,4,2.6277879878666783,1.379789612133322,5,0.19999999999999998
calendar_23,calendar,2,2,4,2.725808736945457,1.281768863054543,5,0.19999999999999998
calendar_23,calendar,2,3,4,2.757421278563462,1.2501563214365385,5,0.19999999999999998
calendar_23,calendar,2,4,4,2.727631731117648,1.279945868882352,5,0.19999999999999998
calendar_23,calendar,2,5,4,2.701370780703264,1.3062068192967338,5,0.19999999999999998
calendar_23,calendar,2,6,4,2.7587652458850394,1.2488123541149603,5,0.19999999999999998
calendar_23,calendar,2,7,4,2.701867939284478,1.3057096607155225,5,0.19999999999999998
calendar_23,calendar,2,8,4,2.681933567493974,1.325644032506026,5,0.19999999999999998
calendar_23,calendar,2,9,4,2.972479828480832,1.035097771519168,5,0.19999999999999998
calendar_23,calendar,2,0,5,2.906238854196941,1.1013387458030597,5,0.19999999999999998
calendar_23,calendar,2,1,5,2.6560019300135083,1.351575669986492,5,0.19999999999999998
calendar_23,calendar,2,2,5,2.7731213018757757,1.2344562981242237,5,0.19999999999999998
calendar_23,calendar,2,3,5,2.746891752035931,1.2606858479640684,5,0.19999999999999998
calendar_23,calendar,2,4,5,2.7790227661508817,1.2285548338491186,5,0.19999999999999998
calendar_23,calendar,2,5,5,2.807673596347644,1.1999040036523572,5,0.19999999999999998
calendar_23,calendar,2,6,5,2.7491754759720135,1.2584021240279852,5,0.19999999999999998
calendar_23,calendar,2,7,5,2.702174415930532,1.3054031840694689,5,0.19999999999999998
calendar_23,calendar,2,8,5,2.6760359040219197,1.3315416959780808,5,0.19999999999999998
calendar_23,calendar,2,9,5,2.95868552602488,1.0488920739751184,5,0.19999999999999998
calendar_23,calendar,2,0,6,2.927803529762171,1.0797740702378296,5,0.19999999999999998
calendar_23,calendar,2,1,6,2.663821439177315,1.3437561608226858,5,0.19999999999999998
calendar_23,calendar,2,2,6,2.7056061424544113,1.3019714575455887,5,0.19999999999999998
calendar_23,calendar,2,3,6,2.7599772080103606,1.2476003919896388,5,0.19999999999999998
calendar_23,calendar,2,4,6,2.81698414307648,1.1905934569235195,5,0.19999999999999998
calendar_23,calendar,2,5,6,2.7835559524586944,1.2240216475413068,5,0.19999999999999998
calendar_23,calendar,2,6,6,2.790938160598662,1.2166394394013385,5,0.19999999999999998
calendar_23,calendar,2,7,6,2.7670482717566562,1.2405293282433436,5,0.19999999999999998
calendar_23,calendar,2,8,6,2.621631610466622,1.3859459895333772,5,0.19999999999999998
calendar_23,calendar,2,9,6,2.9101872904066144,1.097390309593387,5,0.19999999999999998
calendar_23,calendar,2,0,7,2.938517692653543,1.0690599073464577,5,0.19999999999999998
calendar_23,calendar,2,1,7,2.626677335584014,1.380900264415987,5,0.19999999999999998
calendar_23,calendar,2,2,7,2.739305310936564,1.2682722890634364,5,0.19999999999999998
calendar_23,calendar,2,3,7,2.763512853891256,1.2440647461087448,5,0.19999999999999998
calendar_23,calendar,2,4,7,2.7368639929330927,1.2707136070669085,5,0.19999999999999998
calendar_23,calendar,2,5,7,2.7640985549011563,1.243479045098843,5,0.19999999999999998
calendar_23,calendar,2,6,7,2.7827316686836414,1.2248459313163573,5,0.19999999999999998
calendar_23,calendar,2,7,7,2.74377337308731,1.26380422691269,5,0.19999999999999998
calendar_23,calendar,2,8,7,2.6398076223918276,1.3677699776081726,5,0.19999999999999998
calendar_23,calendar,2,9,7,2.9112507117118294,1.0963268882881703,5,0.19999999999999998
calendar_23,calendar,2,0,8,2.83734532631549,1.1702322736845099,5,0.19999999999999998
calendar_23,calendar,2,1,8,2.569247691131856,1.4383299088681445,5,0.19999999999999998
calendar_23,calendar,2,2,8,2.676680768622761,1.3308968313772394,5,0.19999999999999998
calendar_23,calendar,2,3,8,2.6299281679457325,1.3776494320542678,5,0.19999999999999998
calendar_23,calendar,2,4,8,2.5677737898589386,1.439803810141061,5,0.19999999999999998
calendar_23,calendar,2,5,8,2.6402413300206837,1.367336269979316,5,0.19999999999999998
calendar_23,calendar,2,6,8,2.6649609384703754,1.3426166615296253,5,0.19999999999999998
calendar_23,calendar,2,7,8,2.5812247975960223,1.426352802403978,5,0.19999999999999998
calendar_23,calendar,2,8,8,2.5637744593874032,1.4438031406125975,5,0.19999999999999998
calendar_23,calendar,2,9,8,2.8811285379572804,1.1264490620427192,5,0.19999999999999998
calendar_23,calendar,2,0,9,3.055442281584515,0.9521353184154847,5,0.19999999999999998
calendar_23,calendar,2,1,9,2.8035786708777737,1.2039989291222262,5,0.19999999999999998
calendar_23,calendar,2,2,9,2.9221437946680373,1.0854338053319625,5,0.19999999999999998
calendar_23,calendar,2,3,9,2.8563401880914165,1.1512374119085829,5,0.19999999999999998
calendar_23,calendar,2,4,9,2.900089711674598,1.107487888325401,5,0.19999999999999998
calendar_23,calendar,2,5,9,3.0170030620962867,0.990574537903714,5,0.19999999999999998
calendar_23,calendar,2,6,9,2.962636612536165,1.044940987463834,5,0.19999999999999998
calendar_23,calendar,2,7,9,2.8435820302759867,1.1639955697240134,5,0.19999999999999998
calendar_23,calendar,2,8,9,2.7912420676412317,1.2163355323587681,5,0.19999999999999998
calendar_23,calendar,2,9,9,3.1328078599263196,0.8747697400736811,5,0.19999999999999998
calendar_24,calendar,2,0,0,3.1335994557657956,0.8739781442342052,5,0.19999999999999998
calendar_24,calendar,2,1,0,2.8073118910277404,1.20026570897226,5,0.19999999999999998
calendar_24,calendar,2,2,0,2.87365353358211,1.13392406641789,5,0.19999999999999998
calendar_24,calendar,2,3,0,2.8568444758124203,1.150733124187579,5,0.19999999999999998
calendar_24,calendar,2,4,0,2.8973279123278775,1.1102496876721237,5,0.19999999999999998
calendar_24,calendar,2,5,0,2.9713358853517624,1.0362417146482374,5,0.19999999999999998
calendar_24,calendar,2,6,0,2.926634708728629,1.0809428912713712,5,0.19999999999999998
calendar_24,calendar,2,7,0,2.886777111948927,1.120800488051074,5,0.19999999999999998
calendar_24,calendar,2,8,0,2.759765277775755,1.2478123222242437,5,0.19999999999999998
calendar_24,calendar,2,9,0,3.0348070675841985,0.9727705324158019,5,0.19999999999999998
calendar_24,calendar,2,0,1,2.784295263992955,1.223282336007045,5,0.19999999999999998
calendar_24,calendar,2,1,1,2.564277737765428,1.443299862234573,5,0.19999999999999998
calendar_24,calendar,2,2,1,2.5924246368642327,1.4151529631357682,5,0.19999999999999998
calendar_24,calendar,2,3,1,2.6047710188238398,1.4028065811761596,5,0.19999999999999998
calendar_24,calendar,2,4,1,2.6198319513372583,1.3877456486627433,5,0.19999999999999998
calendar_24,calendar,2,5,1,2.612507621270639,1.395069978729362,5,0.19999999999999998
calendar_24,calendar,2,6,1,2.624156123498988,1.383421476501012,5,0.19999999999999998
calendar_24,calendar,2,7,1,2.6259220804612604,1.3816555195387403,5,0.19999999999999998
calendar_24,calendar,2,8,1,2.509145360226176,1.498432239773825,5,0.19999999999999998
calendar_24,calendar,2,9,1,2.7979283886971915,1.2096492113028088,5,0.19999999999999998
calendar_24,calendar,2,0,2,2.896337265932271,1.1112403340677286,5,0.19999999999999998
calendar_24,calendar,2,1,2,2.652764309012432,1.354813290987568,5,0.19999999999999998
calendar_24,calendar,2,2,2,2.757848892016798,1.2497287079832027,5,0.19999999999999998
calendar_24,calendar,2,3,2,2.6989829394515983,1.3085946605484022,5,0.19999999999999998
calendar_24,calendar,2,4,2,2.6969302622548885,1.3106473377451113,5,0.19999999999999998
calendar_24,calendar,2,5,2,2.7700503646913144,1.2375272353086855,5,0.19999999999999998
calendar_24,calendar,2,6,2,2.787798474115786,1.2197791258842146,5,0.19999999999999998
calendar_24,calendar,2,7,2,2.7082070774211946,1.2993705225788057,5,0.19999999999999998
calendar_24,calendar,2,8,2,2.68321821571675,1.3243593842832497,5,0.19999999999999998
calendar_24,calendar,2,9,2,2.931616841449405,1.0759607585505961,5,0.19999999999999998
calendar_24,calendar,2,0,3,2.948428178078682,1.059149421921316,5,0.19999999999999998
calendar_24,calendar,2,1,3,2.6711185281017107,1.3364590718982892,5,0.19999999999999998
calendar_24,calendar,2,2,3,2.7506139698868,1.256963630113199,5,0.19999999999999998
calendar_24,calendar,2,3,3,2.8125023385294043,1.195075261470595,5,0.19999999999999998
calendar_24,calendar,2,4,3,2.7886435347062246,1.218934065293776,5,0.19999999999999998
calendar_24,calendar,2,5,3,2.7527968028400274,1.254780797159973,5,0.19999999999999998
calendar_24,calendar,2,6,3,2.7539488503565894,1.2536287496434104,5,0.19999999999999998
calendar_24,calendar,2,7,3,2.7609600575156747,1.246617542484325,5,0.19999999999999998
calendar_24,calendar,2,8,3,2.6546169088509184,1.352960691149081,5,0.19999999999999998
calendar_24,calendar,2,9,3,2.969990543569338,1.0375870564306624,5,0.19999999999999998
calendar_24,calendar,2,0,4,2.9317267197666044,1.0758508802333961,5,0.19999999999999998
calendar_24,calendar,2,1,4,2.742545538558115,1.2650320614418848,5,0.19999999999999998
calendar_24,calendar,2,2,4,2.8173984303692885,1.1901791696307114,5,0.19999999999999998
calendar_24,calendar,2,3,4,2.7838338341166913,1.223743765883309,5,0.19999999999999998
calendar_24,calendar,2,4,4,2.8516490162538646,1.1559285837461366,5,0.19999999999999998
calendar_24,calendar,2,5,4,2.7894412596829334,1.2181363403170675,5,0.19999999999999998
calendar_24,calendar,2,6,4,2.6750288370007542,1.3325487629992459,5,0.19999999999999998
calendar_24,calendar,2,7,4,2.7026281285100704,1.3049494714899306,5,0.19999999999999998
calendar_24,calendar,2,8,4,2.6406687683207877,1.3669088316792122,5,0.19999999999999998
calendar_24,calendar,2,9,4,2.91423398215097,1.0933436178490288,5,0.19999999999999998
calendar_24,calendar,2,0,5,2.9635826799275766,1.0439949200724232,5,0.19999999999999998
calendar_24,calendar,2,1,5,2.6433781612365164,1.364199438763484,5,0.19999999999999998
calendar_24,calendar,2,2,5,2.768119989757356,1.239457610242644,5,0.19999999999999998
calendar_24,calendar,2,3,5,2.7635025643573523,1.2440750356426478,5,0.19999999999999998
calendar_24,calendar,2,4,5,2.7868142184122617,1.220763381587738,5,0.19999999999999998
calendar_24,calendar,2,5,5,2.8167635651629745,1.1908140348370257,5,0.19999999999999998
calendar_24,calendar,2,6,5,2.725620848255587,1.2819567517444137,5,0.19999999999999998
calendar_24,calendar,2,7,5,2.661958943867138,1.3456186561328616,5,0.19999999999999998
calendar_24,calendar,2,8,5,2.5831063755384607,1.4244712244615403,5,0.19999999999999998
calendar_24,calendar,2,9,5,2.9419136717041283,1.0656639282958713,5,0.19999999999999998
calendar_24,calendar,2,0,6,2.959350475065542,1.0482271249344592,5,0.19999999999999998
calendar_24,calendar,2,1,6,2.6195958215361497,1.3879817784638495,5,0.19999999999999998
calendar_24,calendar,2,2,6,2.7607809248615975,1.246796675138402,5,0.19999999999999998
calendar_24,calendar,2,3,6,2.7895196975423917,1.2180579024576077,5,0.19999999999999998
calendar_24,calendar,2,4,6,2.7642436048428376,1.243333995157162,5,0.19999999999999998
calendar_24,calendar,2,5,6,2.7646328375416283,1.2429447624583727,5,0.19999999999999998
calendar_24,calendar,2,6,6,2.7948676484135233,1.2127099515864768,5,0.19999999999999998
calendar_24,calendar,2,7,6,2.715711798323037,1.2918658016769633,5,0.19999999999999998
calendar_24,calendar,2,8,6,2.5657807177907133,1.4417968822092877,5,0.19999999999999998
calendar_24,calendar,2,9,6,2.8770050593925935,1.1305725406074065,5,0.19999999999999998
calendar_24,calendar,2,0,7,2.9541978318649784,1.0533797681350228,5,0.19999999999999998
calendar_24,calendar,2,1,7,2.6799848686563577,1.3275927313436424,5,0.19999999999999998
calendar_24,calendar,2,2,7,2.663116477439079,1.3444611225609218,5,0.19999999999999998
calendar_24,calendar,2,3,7,2.763888183080929,1.2436894169190698,5,0.19999999999999998
calendar_24,calendar,2,4,7,2.732912219260007,1.2746653807399935,5,0.19999999999999998
calendar_24,calendar,2,5,7,2.7339628858945098,1.27361471410549,5,0.19999999999999998
calendar_24,calendar,2,6,7,2.7578075711872128,1.2497700288127873,5,0.19999999999999998
calendar_24,calendar,2,7,7,2.683851507355237,1.3237260926447636,5,0.19999999999999998
calendar_24,calendar,2,8,7,2.625431963049726,1.382145636950275,5,0.19999999999999998
calendar_24,calendar,2,9,7,2.866228717892271,1.1413488821077276,5,0.19999999999999998
calendar_24,calendar,2,0,8,2.8382517128874376,1.1693258871125616,5,0.19999999999999998
calendar_24,calendar,2,1,8,2.5625025943503754,1.4450750056496247,5,0.19999999999999998
calendar_24,calendar,2,2,8,2.613767429990699,1.3938101700093006,5,0.19999999999999998
calendar_24,calendar,2,3,8,2.6438793798945808,1.3636982201054195,5,0.19999999999999998
calendar_24,calendar,2,4,8,2.672341162514972,1.3352364374850285,5,0.19999999999999998
calendar_24,calendar,2,5,8,2.631485274776596,1.3760923252234043,5,0.19999999999999998
calendar_24,calendar,2,6,8,2.657886887515969,1.3496907124840303,5,0.19999999999999998
calendar_24,calendar,2,7,8,2.616711556628938,1.390866043371062,5,0.19999999999999998
calendar_24,calendar,2,8,8,2.550244436841841,1.4573331631581585,5,0.19999999999999998
calendar_24,calendar,2,9,8,2.7493922048854067,1.2581853951145936,5,0.19999999999999998
calendar_24,calendar,2,0,9,3.0946546178717074,0.9129229821282929,5,0.19999999999999998
calendar_24,calendar,2,1,9,2.786724835068862,1.220852764931139,5,0.19999999999999998
calendar_24,calendar,2,2,9,2.922403477771126,1.0851741222288744,5,0.19999999999999998
calendar_24,calendar,2,3,9,2.996564115007994,1.011013484992007,5,0.19999999999999998
calendar_24,calendar,2,4,9,2.99823371952675,1.0093438804732495,5,0.19999999999999998
calendar_24,calendar,2,5,9,2.9325244653089317,1.0750531346910683,5,0.19999999999999998
calendar_24,calendar,2,6,9,2.923252955157255,1.0843246448427442,5,0.19999999999999998
calendar_24,calendar,2,7,9,2.8712769695973277,1.1363006304026733,5,0.19999999999999998
calendar_24,calendar,2,8,9,2.7776098015288393,1.2299677984711612,5,0.19999999999999998
calendar_24,calendar,2,9,9,3.0937691583358657,0.9138084416641342,5,0.19999999999999998
calendar_25,calendar,2,0,0,3.0521105594746394,0.9554670405253594,5,0.19999999999999998
calendar_25,calendar,2,1,0,2.7930434077028217,1.2145341922971784,5,0.19999999999999998
calendar_25,calendar,2,2,0,2.893342085607061,1.1142355143929394,5,0.19999999999999998
calendar_25,calendar,2,3,0,2.938382908360062,1.069194691639938,5,0.19999999999999998
calendar_25,calendar,2,4,0,2.960912024259676,1.0466655757403234,5,0.19999999999999998
calendar_25,calendar,2,5,0,2.902981199621428,1.1045964003785715,5,0.19999999999999998
calendar_25,calendar,2,6,0,3.0146176263182656,0.9929599736817344,5,0.19999999999999998
calendar_25,calendar,2,7,0,2.9037009559395814,1.1038766440604193,5,0.19999999999999998
calendar_25,calendar,2,8,0,2.838294106530364,1.1692834934696366,5,0.19999999999999998
calendar_25,calendar,2,9,0,3.156485169630143,0.8510924303698569,5,0.19999999999999998
calendar_25,calendar,2,0,1,2.7745161551744797,1.2330614448255208,5,0.19999999999999998
calendar_25,calendar,2,1,1,2.5408066011407464,1.4667709988592543,5,0.19999999999999998
calendar_25,calendar,2,2,1,2.665961704031168,1.3416158959688318,5,0.19999999999999998
calendar_25,calendar,2,3,1,2.696490516640369,1.3110870833596318,5,0.19999999999999998
calendar_25,calendar,2,4,1,2.648914497510929,1.358663102489072,5,0.19999999999999998
calendar_25,calendar,2,5,1,2.610452319091925,1.3971252809080756,5,0.19999999999999998
calendar_25,calendar,2,6,1,2.6803299381105647,1.3272476618894369,5,0.19999999999999998
calendar_25,calendar,2,7,1,2.6327095870411377,1.3748680129588633,5,0.19999999999999998
calendar_25,calendar,2,8,1,2.625298884224516,1.3822787157754848,5,0.19999999999999998
calendar_25,calendar,2,9,1,2.8389519273983868,1.1686256726016138,5,0.19999999999999998
calendar_25,calendar,2,0,2,2.8828991358500184,1.1246784641499818,5,0.19999999999999998
calendar_25,calendar,2,1,2,2.6320912655545197,1.3754863344454813,5,0.19999999999999998
calendar_25,calendar,2,2,2,2.7483064380114217,1.2592711619885788,5,0.19999999999999998
calendar_25,calendar,2,3,2,2.7499941017238423,1.257583498276158,5,0.19999999999999998
calendar_25,calendar,2,4,2,2.7576413650858127,1.2499362349141871,5,0.19999999999999998
calendar_25,calendar,2,5,2,2.7135990679665407,1.2939785320334602,5,0.19999999999999998
calendar_25,calendar,2,6,2,2.7342165167867623,1.2733610832132372,5,0.19999999999999998
calendar_25,calendar,2,7,2,2.7593194950925306,1.2482581049074704,5,0.19999999999999998
calendar_25,calendar,2,8,2,2.622839557770444,1.3847380422295574,5,0.19999999999999998
calendar_25,calendar,2,9,2,2.973200436465051,1.0343771635349495,5,0.19999999999999998
calendar_25,calendar,2,0,3,2.8902423734514886,1.1173352265485132,5,0.19999999999999998
calendar_25,calendar,2,1,3,2.6788206188665,1.3287569811334994,5,0.19999999999999998
calendar_25,calendar,2,2,3,2.7732919183887033,1.2342856816112977,5,0.19999999999999998
calendar_25,calendar,2,3,3,2.763252517805698,1.2443250821943028,5,0.19999999999999998
calendar_25,calendar,2,4,3,2.759782802214465,1.2477947977855357,5,0.19999999999999998
calendar_25,calendar,2,5,3,2.7668287100169744,1.2407488899830252,5,0.19999999999999998
calendar_25,calendar,2,6,3,2.7494275397574786,1.2581500602425213,5,0.19999999999999998
calendar_25,calendar,2,7,3,2.7342285321266058,1.2733490678733939,5,0.19999999999999998
calendar_25,calendar,2,8,3,2.654966130179925,1.3526114698200755,5,0.19999999999999998
calendar_25,calendar,2,9,3,2.9385827231829746,1.0689948768170248,5,0.19999999999999998
calendar_25,calendar,2,0,4,2.9159981607473657,1.0915794392526341,5,0.19999999999999998
calendar_25,calendar,2,1,4,2.631662414049915,1.3759151859500842,5,0.19999999999999998
calendar_25,calendar,2,2,4,2.721172097055859,1.2864055029441408,5,0.19999999999999998
calendar_25,calendar,2,3,4,2.7819651704841513,1.2256124295158486,5,0.19999999999999998
calendar_25,calendar,2,4,4,2.7478210570044017,1.259756542995599,5,0.19999999999999998
calendar_25,calendar,2,5,4,2.7849456640969006,1.2226319359030986,5,0.19999999999999998
calendar_25,calendar,2,6,4,2.759589152812261,1.24798844718774,5,0.19999999999999998
calendar_25,calendar,2,7,4,2.7442763853589422,1.263301214641056,5,0.19999999999999998
calendar_25,calendar,2,8,4,2.660229532935316,1.3473480670646842,5,0.19999999999999998
calendar_25,calendar,2,9,4,2.979483439208761,1.0280941607912388,5,0.19999999999999998
calendar_25,calendar,2,0,5,2.9312791917653143,1.0762984082346858,5,0.19999999999999998
calendar_25,calendar,2,1,5,2.6245439839822873,1.3830336160177128,5,0.19999999999999998
calendar_25,calendar,2,2,5,2.7380498084184235,1.269527791581578,5,0.19999999999999998
calendar_25,calendar,2,3,5,2.742253075897705,1.265324524102295,5,0.19999999999999998
calendar_25,calendar,2,4,5,2.7730230403174985,1.2345545596825012,5,0.19999999999999998
calendar_25,calendar,2,5,5,2.7327313646722398,1.27484623532776,5,0.19999999999999998
calendar_25,calendar,2,6,5,2.724550640996296,1.283026959003704,5,0.19999999999999998
calendar_25,calendar,2,7,5,2.7164321728813796,1.2911454271186193,5,0.19999999999999998
calendar_25,calendar,2,8,5,2.6522765232863055,1.3553010767136955,5,0.19999999999999998
calendar_25,calendar,2,9,5,2.926443042333289,1.081134557666712,5,0.19999999999999998
calendar_25,calendar,2,0,6,2.9423867337509835,1.0651908662490168,5,0.19999999999999998
calendar_25,calendar,2,1,6,2.602720841102234,1.4048567588977667,5,0.19999999999999998
calendar_25,calendar,2,2,6,2.6471647188750973,1.360412881124903,5,0.19999999999999998
calendar_25,calendar,2,3,6,2.729558422734411,1.27801917726559,5,0.19999999999999998
calendar_25,calendar,2,4,6,2.708499871654037,1.2990777283459627,5,0.19999999999999998
calendar_25,calendar,2,5,6,2.7439855556036115,1.2635920443963886,5,0.19999999999999998
calendar_25,calendar,2,6,6,2.761175005144543,1.2464025948554562,5,0.19999999999999998
calendar_25,calendar,2,7,6,2.729880796943517,1.2776968030564828,5,0.19999999999999998
calendar_25,calendar,2,8,6,2.652401709521314,1.3551758904786868,5,0.19999999999999998
calendar_25,calendar,2,9,6,2.982511769944149,1.0250658300558515,5,0.19999999999999998
calendar_25,calendar,2,0,7,2.910001300994593,1.0975762990054074,5,0.19999999999999998
calendar_25,calendar,2,1,7,2.5687526430721372,1.4388249569278628,5,0.19999999999999998
calendar_25,calendar,2,2,7,2.665809227112564,1.3417683728874366,5,0.19999999999999998
calendar_25,calendar,2,3,7,2.689672765973869,1.3179048340261323,5,0.19999999999999998
calendar_25,calendar,2,4,7,2.634067127262458,1.3735104727375431,5,0.19999999999999998
calendar_25,calendar,2,5,7,2.7073724343060794,1.300205165693921,5,0.19999999999999998
calendar_25,calendar,2,6,7,2.702520686549279,1.305056913450722,5,0.19999999999999998
calendar_25,calendar,2,7,7,2.7077369591664713,1.2998406408335288,5,0.19999999999999998
calendar_25,calendar,2,8,7,2.6092329947416126,1.3983446052583874,5,0.19999999999999998
calendar_25,calendar,2,9,7,2.9472323408095433,1.0603452591904579,5,0.19999999999999998
calendar_25,calendar,2,0,8,2.8553563595615934,1.1522212404384053,5,0.19999999999999998
calendar_25,calendar,2,1,8,2.546193219920824,1.4613843800791761,5,0.19999999999999998
calendar_25,calendar,2,2,8,2.6576356491729554,1.3499419508270452,5,0.19999999999999998
calendar_25,calendar,2,3,8,2.619752484742434,1.3878251152575662,5,0.19999999999999998
calendar_25,calendar,2,4,8,2.6165790649170146,1.3909985350829845,5,0.19999999999999998
calendar_25,calendar,2,5,8,2.6311786145200897,1.3763989854799115,5,0.19999999999999998
calendar_25,calendar,2,6,8,2.6600531958205114,1.347524404179489,5,0.19999999999999998
calendar_25,calendar,2,7,8,2.6585910591859703,1.3489865408140305,5,0.19999999999999998
calendar_25,calendar,2,8,8,2.5456983025829962,1.461879297417004,5,0.19999999999999998
calendar_25,calendar,2,9,8,2.861108964593271,1.1464686354067286,5,0.19999999999999998
calendar_25,calendar,2,0,9,3.1255734817535803,0.8820041182464207,5,0.19999999999999998
calendar_25,calendar,2,1,9,2.8847475106926783,1.1228300893073218,5,0.19999999999999998
calendar_25,calendar,2,2,9,2.942696662304742,1.064880937695257,5,0.19999999999999998
calendar_25,calendar,2,3,9,2.9782260914869974,1.0293515085130036,5,0.19999999999999998
calendar_25,calendar,2,4,9,2.983201514665217,1.0243760853347825,5,0.19999999999999998
calendar_25,calendar,2,5,9,2.988683347045896,1.0188942529541039,5,0.19999999999999998
calendar_25,calendar,2,6,9,2.9176579391099153,1.089919660890085,5,0.19999999999999998
calendar_25,calendar,2,7,9,2.8991964353711706,1.1083811646288302,5,0.19999999999999998
calendar_25,calendar,2,8,9,2.8220359616513706,1.185541638348629,5,0.19999999999999998
calendar_25,calendar,2,9,9,3.1208008870305552,0.8867767129694447,5,0.19999999999999998
calendar_26,calendar,2,0,0,3.0983958187867113,0.9091817812132892,5,0.19999999999999998
calendar_26,calendar,2,1,0,2.8930468473104516,1.1145307526895478,5,0.19999999999999998
calendar_26,calendar,2,2,0,2.9327199637427412,1.0748576362572593,5,0.19999999999999998
calendar_26,calendar,2,3,0,2.954718112574369,1.0528594874256296,5,0.19999999999999998
calendar_26,calendar,2,4,0,2.949905327897204,1.057672272102797,5,0.19999999999999998
calendar_26,calendar,2,5,0,2.895887394533911,1.1116902054660889,5,0.19999999999999998
calendar_26,calendar,2,6,0,2.926578682430303,1.0809989175696963,5,0.19999999999999998
calendar_26,calendar,2,7,0,2.8822965522421122,1.1252810477578883,5,0.19999999999999998
calendar_26,calendar,2,8,0,2.904782518078745,1.1027950819212544,5,0.19999999999999998
calendar_26,calendar,2,9,0,3.1651732326863895,0.8424043673136116,5,0.19999999999999998
calendar_26,calendar,2,0,1,2.8286332255302056,1.1789443744697936,5,0.19999999999999998
calendar_26,calendar,2,1,1,2.5819665288037936,1.4256110711962056,5,0.19999999999999998
calendar_26,calendar,2,2,1,2.6812780606629247,1.3262995393370756,5,0.19999999999999998
calendar_26,calendar,2,3,1,2.6580122463887705,1.349565353611229,5,0.19999999999999998
calendar_26,calendar,2,4,1,2.637524403156869,1.3700531968431309,5,0.19999999999999998
calendar_26,calendar,2,5,1,2.6629925979259577,1.344585002074042,5,0.19999999999999998
calendar_26,calendar,2,6,1,2.632974543704707,1.3746030562952933,5,0.19999999999999998
calendar_26,calendar,2,7,1,2.6448775440154955,1.3627000559845033,5,0.19999999999999998
calendar_26,calendar,2,8,1,2.6051012166289538,1.4024763833710463,5,0.19999999999999998
calendar_26,calendar,2,9,1,2.9495198946955883,1.0580577053044122,5,0.19999999999999998
calendar_26,calendar,2,0,2,2.8906752416132058,1.1169023583867939,5,0.19999999999999998
calendar_26,calendar,2,1,2,2.6060152861408024,1.4015623138591995,5,0.19999999999999998
calendar_26,calendar,2,2,2,2.7134607069286147,1.2941168930713858,5,0.19999999999999998
calendar_26,calendar,2,3,2,2.7196824058646514,1.287895194135349,5,0.19999999999999998
calendar_26,calendar,2,4,2,2.8002591288203877,1.2073184711796112,5,0.19999999999999998
calendar_26,calendar,2,5,2,2.7157728621272943,1.2918047378727044,5,0.19999999999999998
calendar_26,calendar,2,6,2,2.6981049387737244,1.3094726612262761,5,0.19999999999999998
calendar_26,calendar,2,7,2,2.7101140680203684,1.2974635319796322,5,0.19999999999999998
calendar_26,calendar,2,8,2,2.6786917667236634,1.328885833276337,5,0.19999999999999998
calendar_26,calendar,2,9,2,2.9774253275592937,1.0301522724407075,5,0.19999999999999998
calendar_26,calendar,2,0,3,2.8834485371750684,1.124129062824932,5,0.19999999999999998
calendar_26,calendar,2,1,3,2.7027241483444255,1.3048534516555739,5,0.19999999999999998
calendar_26,calendar,2,2,3,2.672198218932593,1.3353793810674068,5,0.19999999999999998
calendar_26,calendar,2,3,3,2.717593355120604,1.2899842448793966,5,0.19999999999999998
calendar_26,calendar,2,4,3,2.713590215117703,1.2939873848822958,5,0.19999999999999998
calendar_26,calendar,2,5,3,2.6844820079929206,1.3230955920070804,5,0.19999999999999998
calendar_26,calendar,2,6,3,2.7375005192780804,1.2700770807219188,5,0.19999999999999998
calendar_26,calendar,2,7,3,2.7832603782414918,1.2243172217585083,5,0.19999999999999998
calendar_26,calendar,2,8,3,2.6683657129869647,1.339211887013035,5,0.19999999999999998
calendar_26,calendar,2,9,3,2.933427395124294,1.0741502048757054,5,0.19999999999999998
calendar_26,calendar,2,0,4,2.9832111742224505,1.0243664257775489,5,0.19999999999999998
calendar_26,calendar,2,1,4,2.6953793254219973,1.3121982745780032,5,0.19999999999999998
calendar_26,calendar,2,2,4,2.7254756296157496,1.2821019703842493,5,0.19999999999999998
calendar_26,calendar,2,3,4,2.7049855938055667,1.3025920061944323,5,0.19999999999999998
calendar_26,calendar,2,4,4,2.745760009853086,1.261817590146913,5,0.19999999999999998
calendar_26,calendar,2,5,4,2.647278319529846,1.3602992804701544,5,0.19999999999999998
calendar_26,calendar,2,6,4,2.745795605025486,1.2617819949745137,5,0.19999999999999998
calendar_26,calendar,2,7,4,2.7789795534105344,1.2285980465894653,5,0.19999999999999998
calendar_26,calendar,2,8,4,2.717805101977835,1.2897724980221654,5,0.19999999999999998
calendar_26,calendar,2,9,4,2.9365183062817652,1.071059293718235,5,0.19999999999999998
calendar_26,calendar,2,0,5,2.9222907124459523,1.0852868875540467,5,0.19999999999999998
calendar_26,calendar,2,1,5,2.723259567171915,1.2843180328280852,5,0.19999999999999998
calendar_26,calendar,2,2,5,2.7394884184357933,1.2680891815642055,5,0.19999999999999998
calendar_26,calendar,2,3,5,2.7298230115059114,1.2777545884940884,5,0.19999999999999998
calendar_26,calendar,2,4,5,2.7380272913098613,1.2695503086901376,5,0.19999999999999998
calendar_26,calendar,2,5,5,2.6861875207238075,1.3213900792761921,5,0.19999999999999998
calendar_26,calendar,2,6,5,2.7849385552220896,1.22263904477791,5,0.19999999999999998
calendar_26,calendar,2,7,5,2.774680859530905,1.232896740469094,5,0.19999999999999998
calendar_26,calendar,2,8,5,2.6959012423730218,1.3116763576269785,5,0.19999999999999998
calendar_26,calendar,2,9,5,2.907745093571689,1.0998325064283117,5,0.19999999999999998
calendar_26,calendar,2,0,6,2.9812874659149293,1.0262901340850696,5,0.19999999999999998
calendar_26,calendar,2,1,6,2.6141535276508994,1.3934240723491003,5,0.19999999999999998
calendar_26,calendar,2,2,6,2.7050639661085376,1.3025136338914627,5,0.19999999999999998
calendar_26,calendar,2,3,6,2.7401541515150845,1.2674234484849156,5,0.19999999999999998
calendar_26,calendar,2,4,6,2.817795609244476,1.189781990755524,5,0.19999999999999998
calendar_26,calendar,2,5,6,2.8497904876446216,1.157787112355378,5,0.19999999999999998
calendar_26,calendar,2,6,6,2.8399928418112683,1.1675847581887306,5,0.19999999999999998
calendar_26,calendar,2,7,6,2.690889548459356,1.3166880515406447,5,0.19999999999999998
calendar_26,calendar,2,8,6,2.6241824536292433,1.383395146370757,5,0.19999999999999998
calendar_26,calendar,2,9,6,2.9675763118100464,1.0400012881899536,5,0.19999999999999998
calendar_26,calendar,2,0,7,2.8989867921547203,1.1085908078452797,5,0.19999999999999998
calendar_26,calendar,2,1,7,2.6047956255488796,1.40278197445112,5,0.19999999999999998
calendar_26,calendar,2,2,7,2.6608980871091656,1.3466795128908344,5,0.19999999999999998
calendar_26,calendar,2,3,7,2.795466210885067,1.2121113891149329,5,0.19999999999999998
calendar_26,calendar,2,4,7,2.72601690592295,1.2815606940770499,5,0.19999999999999998
calendar_26,calendar,2,5,7,2.792979199057309,1.2145984009426913,5,0.19999999999999998
calendar_26,calendar,2,6,7,2.761356560102226,1.2462210398977747,5,0.19999999999999998
calendar_26,calendar,2,7,7,2.7222803069437695,1.2852972930562303,5,0.19999999999999998
calendar_26,calendar,2,8,7,2.639589417794553,1.3679881822054463,5,0.19999999999999998
calendar_26,calendar,2,9,7,2.914185382772194,1.0933922172278066,5,0.19999999999999998
calendar_26,calendar,2,0,8,2.8458053318861394,1.161772268113859,5,0.19999999999999998
calendar_26,calendar,2,1,8,2.519551484905309,1.4880261150946907,5,0.19999999999999998
calendar_26,calendar,2,2,8,2.6760030433508364,1.3315745566491635,5,0.19999999999999998
calendar_26,calendar,2,3,8,2.6857067320330597,1.321870867966941,5,0.19999999999999998
calendar_26,calendar,2,4,8,2.666749112425052,1.340828487574947,5,0.19999999999999998
calendar_26,calendar,2,5,8,2.6849475537762415,1.3226300462237586,5,0.19999999999999998
calendar_26,calendar,2,6,8,2.626213816007317,1.3813637839926838,5,0.19999999999999998
calendar_26,calendar,2,7,8,2.663102806719403,1.344474793280597,5,0.19999999999999998
calendar_26,calendar,2,8,8,2.5090513516776585,1.498526248322343,5,0.19999999999999998
calendar_26,calendar,2,9,8,2.7832323697581507,1.2243452302418483,5,0.19999999999999998
calendar_26,calendar,2,0,9,3.069597252767732,0.937980347232268,5,0.19999999999999998
calendar_26,calendar,2,1,9,2.8188673594301297,1.1887102405698695,5,0.19999999999999998
calendar_26,calendar,2,2,9,2.869622852064676,1.1379547479353231,5,0.19999999999999998
calendar_26,calendar,2,3,9,2.955736210479745,1.0518413895202547,5,0.19999999999999998
calendar_26,calendar,2,4,9,2.872774661219122,1.134802938780879,5,0.19999999999999998
calendar_26,calendar,2,5,9,2.9029638765089905,1.10461372349101,5,0.19999999999999998
calendar_26,calendar,2,6,9,2.997887010051814,1.0096905899481852,5,0.19999999999999998
calendar_26,calendar,2,7,9,2.9369361674996104,1.0706414325003895,5,0.19999999999999998
calendar_26,calendar,2,8,9,2.8424250571557836,1.1651525428442162,5,0.19999999999999998
calendar_26,calendar,2,9,9,3.074546062681593,0.9330315373184063,5,0.19999999999999998
calendar_23,calendar,3,0,0,2.9516944517960417,1.0558831482039592,5,0.3
calendar_23,calendar,3,1,0,2.6022238412910035,1.4053537587089966,5,0.3
calendar_23,calendar,3,2,0,2.70947408133298,1.2981035186670196,5,0.3
calendar_23,calendar,3,3,0,2.7870533837624603,1.2205242162375403,5,0.3
calendar_23,calendar,3,4,0,2.701216799823575,1.3063608001764249,5,0.3
calendar_23,calendar,3,5,0,2.878723595863404,1.128854004136595,5,0.3
calendar_23,calendar,3,6,0,2.8371999867966826,1.1703776132033172,5,0.3
calendar_23,calendar,3,7,0,2.844626438167719,1.162951161832281,5,0.3
calendar_23,calendar,3,8,0,2.673739479081797,1.3338381209182024,5,0.3
calendar_23,calendar,3,9,0,2.9872688016825495,1.020308798317451,5,0.3
calendar_23,calendar,3,0,1,2.674817075156598,1.3327605248434033,5,0.3
calendar_23,calendar,3,1,1,2.392165135914459,1.615412464085541,5,0.3
calendar_23,calendar,3,2,1,2.450954686326809,1.5566229136731917,5,0.3
calendar_23,calendar,3,3,1,2.4727560979601337,1.5348215020398666,5,0.3
calendar_23,calendar,3,4,1,2.4905558271410535,1.5170217728589472,5,0.3
calendar_23,calendar,3,5,1,2.4726479666888204,1.5349296333111795,5,0.3
calendar_23,calendar,3,6,1,2.5352450391053476,1.4723325608946523,5,0.3
calendar_23,calendar,3,7,1,2.4896240646012937,1.5179535353987064,5,0.3
calendar_23,calendar,3,8,1,2.4540913317740594,1.5534862682259398,5,0.3
calendar_23,calendar,3,9,1,2.6567726236708977,1.3508049763291023,5,0.3
calendar_23,calendar,3,0,2,2.7294448143322803,1.2781327856677194,5,0.3
calendar_23,calendar,3,1,2,2.442775145066796,1.5648024549332047,5,0.3
calendar_23,calendar,3,2,2,2.5539557297673854,1.4536218702326147,5,0.3
calendar_23,calendar,3,3,2,2.557863744406862,1.4497138555931377,5,0.3
calendar_23,calendar,3,4,2,2.5505535428406167,1.4570240571593827,5,0.3
calendar_23,calendar,3,5,2,2.4889105811150736,1.518667018884926,5,0.3
calendar_23,calendar,3,6,2,2.5333154602446,1.4742621397553999,5,0.3
calendar_23,calendar,3,7,2,2.5462504668633175,1.4613271331366826,5,0.3
calendar_23,calendar,3,8,2,2.469539029354032,1.5380385706459685,5,0.3
calendar_23,calendar,3,9,2,2.766114746383207,1.241462853616793,5,0.3
calendar_23,calendar,3,0,3,2.7519065676309937,1.255671032369007,5,0.3
calendar_23,calendar,3,1,3,2.523254066323459,1.4843235336765412,5,0.3
calendar_23,calendar,3,2,3,2.5001538787314606,1.5074237212685395,5,0.3
calendar_23,calendar,3,3,3,2.5799607946519303,1.427616805348069,5,0.3
calendar_23,calendar,3,4,3,2.5950703841692087,1.4125072158307919,5,0.3
calendar_23,calendar,3,5,3,2.5143465621963705,1.4932310378036295,5,0.3
calendar_23,calendar,3,6,3,2.55566981393757,1.4519077860624305,5,0.3
calendar_23,calendar,3,7,3,2.582840015042931,1.4247375849570694,5,0.3
calendar_23,calendar,3,8,3,2.5049909440449825,1.502586655955017,5,0.3
calendar_23,calendar,3,9,3,2.7916307391498663,1.215946860850133,5,0.3
calendar_23,calendar,3,0,4,2.7785026093408414,1.2290749906591587,5,0.3
calendar_23,calendar,3,1,4,2.4801996483024986,1.5273779516975008,5,0.3
calendar_23,calendar,3,2,4,2.575644812154952,1.4319327878450492,5,0.3
calendar_23,calendar,3,3,4,2.5663530679535405,1.4412245320464587,5,0.3
calendar_23,calendar,3,4,4,2.6026807042467404,1.4048968957532595,5,0.3
calendar_23,calendar,3,5,4,2.54226245069675,1.4653151493032497,5,0.3
calendar_23,calendar,3,6,4,2.5391456357211806,1.468431964278819,5,0.3
calendar_23,calendar,3,7,4,2.5462112749543278,1.4613663250456719,5,0.3
calendar_23,calendar,3,8,4,2.485203349919193,1.5223742500808066,5,0.3
calendar_23,calendar,3,9,4,2.7711023042868046,1.2364752957131948,5,0.3
calendar_23,calendar,3,0,5,2.8043870274063973,1.2031905725936038,5,0.3
calendar_23,calendar,3,1,5,2.500112791139346,1.5074648088606548,5,0.3
calendar_23,calendar,3,2,5,2.5896421710477076,1.4179354289522907,5,0.3
calendar_23,calendar,3,3,5,2.5885902137291015,1.4189873862708984,5,0.3
calendar_23,calendar,3,4,5,2.5924236375604086,1.4151539624395917,5,0.3
calendar_23,calendar,3,5,5,2.5349263774992608,1.472651222500739,5,0.3
calendar_23,calendar,3,6,5,2.564296880162616,1.4432807198373843,5,0.3
calendar_23,calendar,3,7,5,2.5073437054488625,1.5002338945511386,5,0.3
calendar_23,calendar,3,8,5,2.4806306095363193,1.5269469904636805,5,0.3
calendar_23,calendar,3,9,5,2.772492998735306,1.2350846012646939,5,0.3
calendar_23,calendar,3,0,6,2.807044519876261,1.200533080123738,5,0.3
calendar_23,calendar,3,1,6,2.49074366557717,1.51683393442283,5,0.3
calendar_23,calendar,3,2,6,2.603039481123082,1.4045381188769175,5,0.3
calendar_23,calendar,3,3,6,2.6130580294102477,1.3945195705897522,5,0.3
calendar_23,calendar,3,4,6,2.5521107496497315,1.4554668503502688,5,0.3
calendar_23,calendar,3,5,6,2.500221295602927,1.507356304397073,5,0.3
calendar_23,calendar,3,6,6,2.513066728557066,1.494510871442935,5,0.3
calendar_23,calendar,3,7,6,2.528413628818171,1.4791639711818292,5,0.3
calendar_23,calendar,3,8,6,2.4547496000120685,1.552827999987932,5,0.3
calendar_23,calendar,3,9,6,2.7421619514621027,1.265415648537896,5,0.3
calendar_23,calendar,3,0,7,2.833060824294151,1.1745167757058503,5,0.3
calendar_23,calendar,3,1,7,2.5236234893318157,1.4839541106681844,5,0.3
calendar_23,calendar,3,2,7,2.5042371407855266,1.5033404592144726,5,0.3
calendar_23,calendar,3,3,7,2.5219374667718526,1.4856401332281473,5,0.3
calendar_23,calendar,3,4,7,2.5084380821788432,1.4991395178211573,5,0.3
calendar_23,calendar,3,5,7,2.5462954445650214,1.4612821554349775,5,0.3
calendar_23,calendar,3,6,7,2.4903866701033213,1.5171909298966788,5,0.3
calendar_23,calendar,3,7,7,2.478870117027036,1.528707482972964,5,0.3
calendar_23,calendar,3,8,7,2.4121436620875545,1.595433937912446,5,0.3
calendar_23,calendar,3,9,7,2.7235875040118294,1.2839900959881703,5,0.3
calendar_23,calendar,3,0,8,2.6404090340960384,1.3671685659039607,5,0.3
calendar_23,calendar,3,1,8,2.427069221027027,1.5805083789729737,5,0.3
calendar_23,calendar,3,2,8,2.4405477914592018,1.5670298085407988,5,0.3
calendar_23,calendar,3,3,8,2.403472789604082,1.6041048103959188,5,0.3
calendar_23,calendar,3,4,8,2.4618633647646657,1.5457142352353355,5,0.3
calendar_23,calendar,3,5,8,2.4347531196966172,1.5728244803033824,5,0.3
calendar_23,calendar,3,6,8,2.478625880042163,1.528951719957836,5,0.3
calendar_23,calendar,3,7,8,2.419636982548193,1.5879406174518067,5,0.3
calendar_23,calendar,3,8,8,2.417980691305841,1.5895969086941597,5,0.3
calendar_23,calendar,3,9,8,2.5906780275409984,1.4168995724590014,5,0.3
calendar_23,calendar,3,0,9,3.003795329970653,1.003782270029347,5,0.3
calendar_23,calendar,3,1,9,2.591319576118404,1.4162580238815965,5,0.3
calendar_23,calendar,3,2,9,2.711044663162116,1.2965329368378842,5,0.3
calendar_23,calendar,3,3,9,2.766097696695811,1.241479903304188,5,0.3
calendar_23,calendar,3,4,9,2.6936250567680715,1.313952543231929,5,0.3
calendar_23,calendar,3,5,9,2.6943846667857407,1.3131929332142587,5,0.3
calendar_23,calendar,3,6,9,2.7619013492192126,1.2456762507807877,5,0.3
calendar_23,calendar,3,7,9,2.7618552493762043,1.2457223506237953,5,0.3
calendar_23,calendar,3,8,9,2.674803630823853,1.332773969176147,5,0.3
calendar_23,calendar,3,9,9,2.9660474891248185,1.0415301108751804,5,0.3
calendar_24,calendar,3,0,0,2.9539163124648433,1.0536612875351576,5,0.3
calendar_24,calendar,3,1,0,2.7322425037400784,1.2753350962599208,5,0.3
calendar_24,calendar,3,2,0,2.7995967751578585,1.2079808248421409,5,0.3
calendar_24,calendar,3,3,0,2.785565093838021,1.2220125061619782,5,0.3
calendar_24,calendar,3,4,0,2.7581830702379273,1.249394529762072,5,0.3
calendar_24,calendar,3,5,0,2.7412640889823865,1.2663135110176138,5,0.3
calendar_24,calendar,3,6,0,2.743735470119922,1.2638421298800782,5,0.3
calendar_24,calendar,3,7,0,2.760978434416312,1.246599165583687,5,0.3
calendar_24,calendar,3,8,0,2.665916810298004,1.3416607897019959,5,0.3
calendar_24,calendar,3,9,0,3.027219951360583,0.9803576486394181,5,0.3
calendar_24,calendar,3,0,1,2.647236375048147,1.3603412249518534,5,0.3
calendar_24,calendar,3,1,1,2.393867800304687,1.6137097996953131,5,0.3
calendar_24,calendar,3,2,1,2.4275424148953535,1.5800351851046477,5,0.3
calendar_24,calendar,3,3,1,2.4475621358615665,1.5600154641384336,5,0.3
calendar_24,calendar,3,4,1,2.432448748826435,1.5751288511735657,5,0.3
calendar_24,calendar,3,5,1,2.4303687628798176,1.5772088371201827,5,0.3
calendar_24,calendar,3,6,1,2.464897283738153,1.5426803162618477,5,0.3
calendar_24,calendar,3,7,1,2.4451632327159776,1.5624143672840232,5,0.3
calendar_24,calendar,3,8,1,2.391570690912614,1.6160069090873865,5,0.3
calendar_24,calendar,3,9,1,2.637126017459471,1.37045158254053,5,0.3
calendar_24,calendar,3,0,2,2.7226367818745683,1.2849408181254325,5,0.3
calendar_24,calendar,3,1,2,2.4389044231631196,1.5686731768368805,5,0.3
calendar_24,calendar,3,2,2,2.482696944072275,1.5248806559277253,5,0.3
calendar_24,calendar,3,3,2,2.4814488931780314,1.526128706821969,5,0.3
calendar_24,calendar,3,4,2,2.5498958355213235,1.4576817644786766,5,0.3
calendar_24,calendar,3,5,2,2.537051689165143,1.470525910834858,5,0.3
calendar_24,calendar,3,6,2,2.556440317160136,1.451137282839865,5,0.3
calendar_24,calendar,3,7,2,2.530943264273154,1.4766343357268454,5,0.3
calendar_24,calendar,3,8,2,2.4682928076714363,1.5392847923285644,5,0.3
calendar_24,calendar,3,9,2,2.7871282750858994,1.2204493249140995,5,0.3
calendar_24,calendar,3,0,3,2.857587617121179,1.1499899828788203,5,0.3
calendar_24,calendar,3,1,3,2.482589795646126,1.5249878043538747,5,0.3
calendar_24,calendar,3,2,3,2.566637549382081,1.440940050617919,5,0.3
calendar_24,calendar,3,3,3,2.6082042717851017,1.3993733282148977,5,0.3
calendar_24,calendar,3,4,3,2.557672543335183,1.4499050566648177,5,0.3
calendar_24,calendar,3,5,3,2.5457092115224134,1.4618683884775874,5,0.3
calendar_24,calendar,3,6,3,2.535279803388081,1.4722977966119195,5,0.3
calendar_24,calendar,3,7,3,2.526131913077069,1.4814456869229313,5,0.3
calendar_24,calendar,3,8,3,2.4597939338786325,1.5477836661213684,5,0.3
calendar_24,calendar,3,9,3,2.743895902535556,1.2636816974644436,5,0.3
calendar_24,calendar,3,0,4,2.7703032300348895,1.237274369965111,5,0.3
calendar_24,calendar,3,1,4,2.509446030911341,1.4981315690886592,5,0.3
calendar_24,calendar,3,2,4,2.573036664714288,1.4345409352857115,5,0.3
calendar_24,calendar,3,3,4,2.5922382309228,1.4153393690772,5,0.3
calendar_24,calendar,3,4,4,2.5313618473621036,1.4762157526378963,5,0.3
calendar_24,calendar,3,5,4,2.5101580431590245,1.497419556840975,5,0.3
calendar_24,calendar,3,6,4,2.5966296732550105,1.4109479267449903,5,0.3
calendar_24,calendar,3,7,4,2.5440801422387413,1.4634974577612585,5,0.3
calendar_24,calendar,3,8,4,2.501840884928425,1.5057367150715755,5,0.3
calendar_24,calendar,3,9,4,2.793343043874511,1.2142345561254893,5,0.3
calendar_24,calendar,3,0,5,2.810735165322895,1.196842434677105,5,0.3
calendar_24,calendar,3,1,5,2.447686494783753,1.5598911052162479,5,0.3
calendar_24,calendar,3,2,5,2.553608327455892,1.453969272544108,5,0.3
calendar_24,calendar,3,3,5,2.5358925415979643,1.4716850584020365,5,0.3
calendar_24,calendar,3,4,5,2.5389603048971803,1.468617295102819,5,0.3
calendar_24,calendar,3,5,5,2.6131174161212734,1.3944601838787267,5,0.3
calendar_24,calendar,3,6,5,2.5491902806189315,1.4583873193810686,5,0.3
calendar_24,calendar,3,7,5,2.5890953353743074,1.4184822646256925,5,0.3
calendar_24,calendar,3,8,5,2.461112875296471,1.5464647247035295,5,0.3
calendar_24,calendar,3,9,5,2.778412064364155,1.2291655356358435,5,0.3
calendar_24,calendar,3,0,6,2.7762872883716114,1.2312903116283886,5,0.3
calendar_24,calendar,3,1,6,2.5103324759827323,1.497245124017267,5,0.3
calendar_24,calendar,3,2,6,2.5660997890241424,1.4414778109758573,5,0.3
calendar_24,calendar,3,3,6,2.55145847855261,1.4561191214473899,5,0.3
calendar_24,calendar,3,4,6,2.5526582775717186,1.4549193224282813,5,0.3
calendar_24,calendar,3,5,6,2.6110997126839415,1.3964778873160588,5,0.3
calendar_24,calendar,3,6,6,2.6126497051807376,1.394927894819263,5,0.3
calendar_24,calendar,3,7,6,2.4892542060342904,1.5183233939657101,5,0.3
calendar_24,calendar,3,8,6,2.486511963068514,1.5210656369314866,5,0.3
calendar_24,calendar,3,9,6,2.772829928397855,1.2347476716021455,5,0.3
calendar_24,calendar,3,0,7,2.6657571826763586,1.3418204173236419,5,0.3
calendar_24,calendar,3,1,7,2.4020378896797574,1.6055397103202425,5,0.3
calendar_24,calendar,3,2,7,2.523701409747279,1.4838761902527207,5,0.3
calendar_24,calendar,3,3,7,2.57638270586198,1.43119489413802,5,0.3
calendar_24,calendar,3,4,7,2.55523094788007,1.4523466521199304,5,0.3
calendar_24,calendar,3,5,7,2.531151096250426,1.4764265037495752,5,0.3
calendar_24,calendar,3,6,7,2.587451306493583,1.4201262935064167,5,0.3
calendar_24,calendar,3,7,7,2.52872379803127,1.4788538019687294,5,0.3
calendar_24,calendar,3,8,7,2.4295779699085136,1.5779996300914867,5,0.3
calendar_24,calendar,3,9,7,2.7606166979354385,1.246960902064562,5,0.3
calendar_24,calendar,3,0,8,2.5554286873863945,1.4521489126136058,5,0.3
calendar_24,calendar,3,1,8,2.3652802562180324,1.6422973437819675,5,0.3
calendar_24,calendar,3,2,8,2.4436344757141644,1.5639431242858368,5,0.3
calendar_24,calendar,3,3,8,2.4946726603728075,1.5129049396271932,5,0.3
calendar_24,calendar,3,4,8,2.449516438936019,1.5580611610639803,5,0.3
calendar_24,calendar,3,5,8,2.49045286940214,1.51712473059786,5,0.3
calendar_24,calendar,3,6,8,2.490602269767063,1.5169753302329374,5,0.3
calendar_24,calendar,3,7,8,2.3834883243502945,1.6240892756497065,5,0.3
calendar_24,calendar,3,8,8,2.4043321164009446,1.6032454835990555,5,0.3
calendar_24,calendar,3,9,8,2.6371583003141046,1.3704192996858964,5,0.3
calendar_24,calendar,3,0,9,3.0388282139181064,0.9687493860818939,5,0.3
calendar_24,calendar,3,1,9,2.6785070289515707,1.3290705710484294,5,0.3
calendar_24,calendar,3,2,9,2.6982249143093333,1.3093526856906672,5,0.3
calendar_24,calendar,3,3,9,2.7617670032500565,1.245810596749944,5,0.3
calendar_24,calendar,3,4,9,2.7573418848821643,1.2502357151178354,5,0.3
calendar_24,calendar,3,5,9,2.7357675510737507,1.2718100489262496,5,0.3
calendar_24,calendar,3,6,9,2.717684737274575,1.2898928627254256,5,0.3
calendar_24,calendar,3,7,9,2.7386062450881914,1.2689713549118096,5,0.3
calendar_24,calendar,3,8,9,2.633753396801907,1.3738242031980934,5,0.3
calendar_24,calendar,3,9,9,3.0224068947907607,0.9851707052092398,5,0.3
calendar_25,calendar,3,0,0,2.9233507612588916,1.0842268387411083,5,0.3
calendar_25,calendar,3,1,0,2.6241103606908003,1.3834672393091987,5,0.3
calendar_25,calendar,3,2,0,2.7808078737843216,1.2267697262156791,5,0.3
calendar_25,calendar,3,3,0,2.7898318237675754,1.2177457762324244,5,0.3
calendar_25,calendar,3,4,0,2.773954573936084,1.233623026063918,5,0.3
calendar_25,calendar,3,5,0,2.779575489028121,1.2280021109718786,5,0.3
calendar_25,calendar,3,6,0,2.8092855796565828,1.198292020343418,5,0.3
calendar_25,calendar,3,7,0,2.7610096146377,1.2465679853623,5,0.3
calendar_25,calendar,3,8,0,2.740929969629028,1.2666476303709724,5,0.3
calendar_25,calendar,3,9,0,3.0057978524982696,1.0017797475017312,5,0.3
calendar_25,calendar,3,0,1,2.620109908815976,1.387467691184024,5,0.3
calendar_25,calendar,3,1,1,2.4051995334888865,1.6023780665111143,5,0.3
calendar_25,calendar,3,2,1,2.475347646304598,1.5322299536954018,5,0.3
calendar_25,calendar,3,3,1,2.494996392257081,1.512581207742919,5,0.3
calendar_25,calendar,3,4,1,2.4923318047879985,1.515245795212002,5,0.3
calendar_25,calendar,3,5,1,2.491632055457806,1.515945544542193,5,0.3
calendar_25,calendar,3,6,1,2.4872284356669185,1.5203491643330818,5,0.3
calendar_25,calendar,3,7,1,2.4692015942953875,1.538376005704613,5,0.3
calendar_25,calendar,3,8,1,2.405598704519317,1.6019788954806828,5,0.3
calendar_25,calendar,3,9,1,2.667603777283562,1.3399738227164377,5,0.3
calendar_25,calendar,3,0,2,2.664933496873934,1.3426441031260672,5,0.3
calendar_25,calendar,3,1,2,2.478328992487385,1.529248607512615,5,0.3
calendar_25,calendar,3,2,2,2.516212153728256,1.491365446271744,5,0.3
calendar_25,calendar,3,3,2,2.6346677208814304,1.3729098791185697,5,0.3
calendar_25,calendar,3,4,2,2.621403760871731,1.3861738391282683,5,0.3
calendar_25,calendar,3,5,2,2.59651073235383,1.4110668676461706,5,0.3
calendar_25,calendar,3,6,2,2.5281130404983303,1.4794645595016704,5,0.3
calendar_25,calendar,3,7,2,2.5707196604414784,1.436857939558523,5,0.3
calendar_25,calendar,3,8,2,2.453078778175721,1.554498821824279,5,0.3
calendar_25,calendar,3,9,2,2.6902715500656735,1.3173060499343263,5,0.3
calendar_25,calendar,3,0,3,2.8228880035661303,1.1846895964338695,5,0.3
calendar_25,calendar,3,1,3,2.5272870288233475,1.4802905711766525,5,0.3
calendar_25,calendar,3,2,3,2.5553973503826146,1.452180249617386,5,0.3
calendar_25,calendar,3,3,3,2.543313725039386,1.464263874960614,5,0.3
calendar_25,calendar,3,4,3,2.577742646106134,1.4298349538938664,5,0.3
calendar_25,calendar,3,5,3,2.620131603753339,1.3874459962466614,5,0.3
calendar_25,calendar,3,6,3,2.572347268898385,1.4352303311016146,5,0.3
calendar_25,calendar,3,7,3,2.5520107370923397,1.4555668629076604,5,0.3
calendar_25,calendar,3,8,3,2.460864033317681,1.5467135666823189,5,0.3
calendar_25,calendar,3,9,3,2.777693051874609,1.2298845481253917,5,0.3
calendar_25,calendar,3,0,4,2.8436682024821844,1.163909397517815,5,0.3
calendar_25,calendar,3,1,4,2.505372561433988,1.502205038566012,5,0.3
calendar_25,calendar,3,2,4,2.605151682559437,1.402425917440563,5,0.3
calendar_25,calendar,3,3,4,2.5785627646897207,1.4290148353102787,5,0.3
calendar_25,calendar,3,4,4,2.621722294798628,1.3858553052013725,5,0.3
calendar_25,calendar,3,5,4,2.5624930965758383,1.445084503424162,5,0.3
calendar_25,calendar,3,6,4,2.5234721962504443,1.4841054037495558,5,0.3
calendar_25,calendar,3,7,4,2.5228347623405343,1.4847428376594667,5,0.3
calendar_25,calendar,3,8,4,2.4939279571930872,1.5136496428069124,5,0.3
calendar_25,calendar,3,9,4,2.8114556426204236,1.1961219573795767,5,0.3
calendar_25,calendar,3,0,5,2.840492343340297,1.167085256659702,5,0.3
calendar_25,calendar,3,1,5,2.4954762458115702,1.5121013541884307,5,0.3
calendar_25,calendar,3,2,5,2.5013072669614687,1.506270333038532,5,0.3
calendar_25,calendar,3,3,5,2.5482410465836405,1.4593365534163605,5,0.3
calendar_25,calendar,3,4,5,2.520155452097563,1.4874221479024377,5,0.3
calendar_25,calendar,3,5,5,2.5357135014655974,1.471864098534403,5,0.3
calendar_25,calendar,3,6,5,2.4931659565704676,1.514411643429533,5,0.3
calendar_25,calendar,3,7,5,2.5093077209871946,1.4982698790128062,5,0.3
calendar_25,calendar,3,8,5,2.5368091227249243,1.4707684772750764,5,0.3
calendar_25,calendar,3,9,5,2.742897181965172,1.2646804180348294,5,0.3
calendar_25,calendar,3,0,6,2.7949383468148628,1.212639253185138,5,0.3
calendar_25,calendar,3,1,6,2.4908236507531742,1.5167539492468265,5,0.3
calendar_25,calendar,3,2,6,2.5838759326771488,1.423701667322851,5,0.3
calendar_25,calendar,3,3,6,2.5419708718660474,1.4656067281339527,5,0.3
calendar_25,calendar,3,4,6,2.5215550236455004,1.4860225763545003,5,0.3
calendar_25,calendar,3,5,6,2.514756310039801,1.492821289960199,5,0.3
calendar_25,calendar,3,6,6,2.4889143858825244,1.5186632141174763,5,0.3
calendar_25,calendar,3,7,6,2.50970443753252,1.4978731624674797,5,0.3
calendar_25,calendar,3,8,6,2.472792710151682,1.5347848898483185,5,0.3
calendar_25,calendar,3,9,6,2.821951078154689,1.1856265218453115,5,0.3
calendar_25,calendar,3,0,7,2.7128529594281527,1.2947246405718464,5,0.3
calendar_25,calendar,3,1,7,2.4734812518138893,1.5340963481861107,5,0.3
calendar_25,calendar,3,2,7,2.598623569488209,1.4089540305117914,5,0.3
calendar_25,calendar,3,3,7,2.514753731643581,1.4928238683564194,5,0.3
calendar_25,calendar,3,4,7,2.5035998163863327,1.5039777836136674,5,0.3
calendar_25,calendar,3,5,7,2.4757677658905837,1.5318098341094168,5,0.3
calendar_25,calendar,3,6,7,2.519073447871541,1.4885041521284594,5,0.3
calendar_25,calendar,3,7,7,2.4816305417209654,1.5259470582790358,5,0.3
calendar_25,calendar,3,8,7,2.466958381283238,1.5406192187167629,5,0.3
calendar_25,calendar,3,9,7,2.7824140321496493,1.2251635678503499,5,0.3
calendar_25,calendar,3,0,8,2.6131709835530956,1.3944066164469036,5,0.3
calendar_25,calendar,3,1,8,2.4358900322497443,1.571687567750255,5,0.3
calendar_25,calendar,3,2,8,2.5141743298462655,1.493403270153735,5,0.3
calendar_25,calendar,3,3,8,2.4851338980105697,1.5224437019894306,5,0.3
calendar_25,calendar,3,4,8,2.4905793234213767,1.5169982765786234,5,0.3
calendar_25,calendar,3,5,8,2.4780930025590275,1.5294845974409723,5,0.3
calendar_25,calendar,3,6,8,2.4071764671591183,1.6004011328408825,5,0.3
calendar_25,calendar,3,7,8,2.4063682214246613,1.6012093785753385,5,0.3
calendar_25,calendar,3,8,8,2.345651877011647,1.6619257229883533,5,0.3
calendar_25,calendar,3,9,8,2.672437549204448,1.335140050795552,5,0.3
calendar_25,calendar,3,0,9,3.003573509409973,1.0040040905900272,5,0.3
calendar_25,calendar,3,1,9,2.6585395864542822,1.3490380135457185,5,0.3
calendar_25,calendar,3,2,9,2.808564071961153,1.1990135280388468,5,0.3
calendar_25,calendar,3,3,9,2.760544424106367,1.2470331758936335,5,0.3
calendar_25,calendar,3,4,9,2.8097808911274025,1.197796708872598,5,0.3
calendar_25,calendar,3,5,9,2.7433521858813017,1.2642254141186982,5,0.3
calendar_25,calendar,3,6,9,2.66450220181167,1.3430753981883288,5,0.3
calendar_25,calendar,3,7,9,2.6450394341988006,1.3625381658011995,5,0.3
calendar_25,calendar,3,8,9,2.601705801950631,1.4058717980493693,5,0.3
calendar_25,calendar,3,9,9,2.9776880840502162,1.0298895159497843,5,0.3
calendar_26,calendar,3,0,0,2.945673135151663,1.0619044648483367,5,0.3
calendar_26,calendar,3,1,0,2.657709244821459,1.3498683551785402,5,0.3
calendar_26,calendar,3,2,0,2.7220328326553047,1.285544767344695,5,0.3
calendar_26,calendar,3,3,0,2.741377096480453,1.266200503519546,5,0.3
calendar_26,calendar,3,4,0,2.81125103769641,1.1963265623035901,5,0.3
calendar_26,calendar,3,5,0,2.762227148254937,1.2453504517450629,5,0.3
calendar_26,calendar,3,6,0,2.81770595822183,1.1898716417781707,5,0.3
calendar_26,calendar,3,7,0,2.739588737585317,1.2679888624146833,5,0.3
calendar_26,calendar,3,8,0,2.5702964034731504,1.4372811965268497,5,0.3
calendar_26,calendar,3,9,0,2.939428605691719,1.068148994308281,5,0.3
calendar_26,calendar,3,0,1,2.620949855712591,1.386627744287409,5,0.3
calendar_26,calendar,3,1,1,2.402105226980971,1.605472373019029,5,0.3
calendar_26,calendar,3,2,1,2.4429322992904137,1.5646453007095866,5,0.3
calendar_26,calendar,3,3,1,2.5134056831633984,1.4941719168366014,5,0.3
calendar_26,calendar,3,4,1,2.4741199736961583,1.5334576263038424,5,0.3
calendar_26,calendar,3,5,1,2.504897823705122,1.5026797762948778,5,0.3
calendar_26,calendar,3,6,1,2.442747797455585,1.5648298025444154,5,0.3
calendar_26,calendar,3,7,1,2.421820795813704,1.5857568041862962,5,0.3
calendar_26,calendar,3,8,1,2.3675660612172864,1.6400115387827146,5,0.3
calendar_26,calendar,3,9,1,2.614111264956076,1.3934663350439234,5,0.3
calendar_26,calendar,3,0,2,2.669807996674176,1.3377696033258246,5,0.3
calendar_26,calendar,3,1,2,2.441777600950666,1.5657999990493339,5,0.3
calendar_26,calendar,3,2,2,2.5257106018083086,1.481866998191692,5,0.3
calendar_26,calendar,3,3,2,2.537676474993334,1.4699011250066663,5,0.3
calendar_26,calendar,3,4,2,2.561680506698307,1.4458970933016928,5,0.3
calendar_26,calendar,3,5,2,2.547894059231164,1.4596835407688362,5,0.3
calendar_26,calendar,3,6,2,2.604388283006993,1.4031893169930068,5,0.3
calendar_26,calendar,3,7,2,2.5066503677514986,1.5009272322485006,5,0.3
calendar_26,calendar,3,8,2,2.4528974184739503,1.5546801815260498,5,0.3
calendar_26,calendar,3,9,2,2.685571950044378,1.3220056499556219,5,0.3
calendar_26,calendar,3,0,3,2.762076267693516,1.2455013323064834,5,0.3
calendar_26,calendar,3,1,3,2.4415932307325354,1.5659843692674655,5,0.3
calendar_26,calendar,3,2,3,2.5058804513051545,1.5016971486948447,5,0.3
calendar_26,calendar,3,3,3,2.5595374603921695,1.4480401396078304,5,0.3
calendar_26,calendar,3,4,3,2.5167729287834653,1.4908046712165348,5,0.3
calendar_26,calendar,3,5,3,2.5346674803211005,1.4729101196789,5,0.3
calendar_26,calendar,3,6,3,2.55953227641072,1.44804532358928,5,0.3
calendar_26,calendar,3,7,3,2.4653673567197076,1.5422102432802933,5,0.3
calendar_26,calendar,3,8,3,2.4305388372951655,1.577038762704835,5,0.3
calendar_26,calendar,3,9,3,2.7849875531932766,1.2225900468067235,5,0.3
calendar_26,calendar,3,0,4,2.744450954187954,1.263126645812045,5,0.3
calendar_26,calendar,3,1,4,2.451880318781628,1.5556972812183734,5,0.3
calendar_26,calendar,3,2,4,2.5207548243762803,1.4868227756237207,5,0.3
calendar_26,calendar,3,3,4,2.5192427900318943,1.4883348099681066,5,0.3
calendar_26,calendar,3,4,4,2.5225232464505694,1.4850543535494314,5,0.3
calendar_26,calendar,3,5,4,2.5502494980271386,1.4573281019728614,5,0.3
calendar_26,calendar,3,6,4,2.5800489037688528,1.4275286962311478,5,0.3
calendar_26,calendar,3,7,4,2.519123789168316,1.4884538108316838,5,0.3
calendar_26,calendar,3,8,4,2.449267209503822,1.5583103904961788,5,0.3
calendar_26,calendar,3,9,4,2.8320866485453475,1.175490951454653,5,0.3
calendar_26,calendar,3,0,5,2.7467422981775655,1.2608353018224359,5,0.3
calendar_26,calendar,3,1,5,2.493774051821449,1.5138035481785497,5,0.3
calendar_26,calendar,3,2,5,2.5401976475674037,1.467379952432596,5,0.3
calendar_26,calendar,3,3,5,2.5419947124324676,1.465582887567532,5,0.3
calendar_26,calendar,3,4,5,2.551188652369549,1.4563889476304506,5,0.3
calendar_26,calendar,3,5,5,2.6031024821526216,1.404475117847378,5,0.3
calendar_26,calendar,3,6,5,2.5941038314859584,1.4134737685140413,5,0.3
calendar_26,calendar,3,7,5,2.54025524693153,1.4673223530684703,5,0.3
calendar_26,calendar,3,8,5,2.4515606499504314,1.5560169500495686,5,0.3
calendar_26,calendar,3,9,5,2.7608832052924335,1.2466943947075677,5,0.3
calendar_26,calendar,3,0,6,2.7290690228036762,1.2785085771963227,5,0.3
calendar_26,calendar,3,1,6,2.4442667355077385,1.5633108644922613,5,0.3
calendar_26,calendar,3,2,6,2.548314844409515,1.459262755590485,5,0.3
calendar_26,calendar,3,3,6,2.569093430075456,1.4384841699245448,5,0.3
calendar_26,calendar,3,4,6,2.555277571272999,1.4523000287270018,5,0.3
calendar_26,calendar,3,5,6,2.5547596984981946,1.4528179015018048,5,0.3
calendar_26,calendar,3,6,6,2.616252148600948,1.3913254513990518,5,0.3
calendar_26,calendar,3,7,6,2.465554517011142,1.5420230829888588,5,0.3
calendar_26,calendar,3,8,6,2.450614942136605,1.556962657863396,5,0.3
calendar_26,calendar,3,9,6,2.759415590448289,1.2481620095517107,5,0.3
calendar_26,calendar,3,0,7,2.7446580978034922,1.2629195021965078,5,0.3
calendar_26,calendar,3,1,7,2.449170130970767,1.5584074690292329,5,0.3
calendar_26,calendar,3,2,7,2.5427359087874644,1.4648416912125362,5,0.3
calendar_26,calendar,3,3,7,2.5002434984561974,1.5073341015438022,5,0.3
calendar_26,calendar,3,4,7,2.573987387246045,1.4335902127539553,5,0.3
calendar_26,calendar,3,5,7,2.528822867630817,1.4787547323691825,5,0.3
calendar_26,calendar,3,6,7,2.548636789365458,1.4589408106345423,5,0.3
calendar_26,calendar,3,7,7,2.5001822423279387,1.5073953576720616,5,0.3
calendar_26,calendar,3,8,7,2.4041295014170574,1.6034480985829425,5,0.3
calendar_26,calendar,3,9,7,2.6689312206947164,1.3386463793052843,5,0.3
calendar_26,calendar,3,0,8,2.5962361526200306,1.4113414473799706,5,0.3
calendar_26,calendar,3,1,8,2.429606216453194,1.5779713835468068,5,0.3
calendar_26,calendar,3,2,8,2.436623429969424,1.5709541700305758,5,0.3
calendar_26,calendar,3,3,8,2.4476268741402714,1.5599507258597283,5,0.3
calendar_26,calendar,3,4,8,2.4832417681675185,1.5243358318324827,5,0.3
calendar_26,calendar,3,5,8,2.482541075453931,1.525036524546069,5,0.3
calendar_26,calendar,3,6,8,2.477876504447387,1.5297010955526125,5,0.3
calendar_26,calendar,3,7,8,2.40943885429404,1.5981387457059606,5,0.3
calendar_26,calendar,3,8,8,2.3329120032543695,1.6746655967456303,5,0.3
calendar_26,calendar,3,9,8,2.5559874889706498,1.4515901110293503,5,0.3
calendar_26,calendar,3,0,9,3.0141771159529482,0.9934004840470507,5,0.3
calendar_26,calendar,3,1,9,2.772190558865464,1.2353870411345356,5,0.3
calendar_26,calendar,3,2,9,2.800888540400354,1.2066890595996467,5,0.3
calendar_26,calendar,3,3,9,2.778567696928979,1.2290099030710213,5,0.3
calendar_26,calendar,3,4,9,2.7713458784786997,1.2362317215213008,5,0.3
calendar_26,calendar,3,5,9,2.7971581361631257,1.2104194638368748,5,0.3
calendar_26,calendar,3,6,9,2.7762931675629074,1.231284432437092,5,0.3
calendar_26,calendar,3,7,9,2.76379522457682,1.2437823754231803,5,0.3
calendar_26,calendar,3,8,9,2.5707850054210413,1.436792594578959,5,0.3
calendar_26,calendar,3,9,9,2.9937916569394027,1.0137859430605964,5,0.3
calendar_27,calendar,1,0,0,3.1997982391598696,0.8077793608401317,5,0.1
calendar_27,calendar,1,1,0,2.9615404970209487,1.046037102979051,5,0.1
calendar_27,calendar,1,2,0,3.069875820420873,0.9377017795791271,5,0.1
calendar_27,calendar,1,3,0,3.1587593463038606,0.8488182536961404,5,0.1
calendar_27,calendar,1,4,0,3.1990668400081312,0.808510759991869,5,0.1
calendar_27,calendar,1,5,0,3.162214633711475,0.8453629662885246,5,0.1
calendar_27,calendar,1,6,0,3.114154513263223,0.8934230867367771,5,0.1
calendar_27,calendar,1,7,0,3.0666661869639245,0.9409114130360754,5,0.1
calendar_27,calendar,1,8,0,3.010451012057254,0.9971265879427463,5,0.1
calendar_27,calendar,1,9,0,3.274306350187162,0.7332712498128381,5,0.1
calendar_27,calendar,1,0,1,3.035994782403128,0.971582817596872,5,0.1
calendar_27,calendar,1,1,1,2.7644739722450176,1.2431036277549816,5,0.1
calendar_27,calendar,1,2,1,2.8368569916517403,1.1707206083482604,5,0.1
calendar_27,calendar,1,3,1,2.8996370038108874,1.107940596189113,5,0.1
calendar_27,calendar,1,4,1,2.8819163200317344,1.125661279968265,5,0.1
calendar_27,calendar,1,5,1,2.8851663582128415,1.122411241787159,5,0.1
calendar_27,calendar,1,6,1,2.8211735100614233,1.1864040899385768,5,0.1
calendar_27,calendar,1,7,1,2.8276549091541487,1.1799226908458504,5,0.1
calendar_27,calendar,1,8,1,2.750317448889819,1.2572601511101804,5,0.1
calendar_27,calendar,1,9,1,2.9818991230022176,1.0256784769977834,5,0.1
calendar_27,calendar,1,0,2,3.0946464339674304,0.9129311660325685,5,0.1
calendar_27,calendar,1,1,2,2.900999509119222,1.1065780908807772,5,0.1
calendar_27,calendar,1,2,2,2.887023255808496,1.120554344191505,5,0.1
calendar_27,calendar,1,3,2,2.966816339021103,1.0407612609788968,5,0.1
calendar_27,calendar,1,4,2,2.9222083035388597,1.0853692964611408,5,0.1
calendar_27,calendar,1,5,2,2.935127626442441,1.0724499735575586,5,0.1
calendar_27,calendar,1,6,2,2.937966432048157,1.0696111679518427,5,0.1
calendar_27,calendar,1,7,2,2.9905685284495656,1.0170090715504347,5,0.1
calendar_27,calendar,1,8,2,2.7806393909122096,1.2269382090877903,5,0.1
calendar_27,calendar,1,9,2,3.0254367318812876,0.9821408681187133,5,0.1
calendar_27,calendar,1,0,3,3.075512146285795,0.9320654537142055,5,0.1
calendar_27,calendar,1,1,3,2.8131079511726353,1.1944696488273645,5,0.1
calendar_27,calendar,1,2,3,2.951841950703716,1.0557356492962842,5,0.1
calendar_27,calendar,1,3,3,2.8812970361739465,1.1262805638260542,5,0.1
calendar_27,calendar,1,4,3,2.9180170956371363,1.0895605043628627,5,0.1
calendar_27,calendar,1,5,3,2.9637391973330027,1.0438384026669967,5,0.1
calendar_27,calendar,1,6,3,2.955132165608696,1.052445434391304,5,0.1
calendar_27,calendar,1,7,3,2.917301118028581,1.0902764819714197,5,0.1
calendar_27,calendar,1,8,3,2.8089234165575965,1.1986541834424034,5,0.1
calendar_27,calendar,1,9,3,3.0335935193477175,0.9739840806522834,5,0.1
calendar_27,calendar,1,0,4,3.0869814338578454,0.9205961661421539,5,0.1
calendar_27,calendar,1,1,4,2.8816364441236346,1.1259411558763661,5,0.1
calendar_27,calendar,1,2,4,2.9458264587125678,1.061751141287432,5,0.1
calendar_27,calendar,1,3,4,2.951275511397503,1.0563020886024987,5,0.1
calendar_27,calendar,1,4,4,2.940312530504548,1.0672650694954517,5,0.1
calendar_27,calendar,1,5,4,2.9418755918541413,1.0657020081458586,5,0.1
calendar_27,calendar,1,6,4,2.910922184714101,1.096655415285899,5,0.1
calendar_27,calendar,1,7,4,2.968956390647467,1.0386212093525327,5,0.1
calendar_27,calendar,1,8,4,2.8415708904397734,1.1660067095602247,5,0.1
calendar_27,calendar,1,9,4,3.090540881611955,0.9170367183880467,5,0.1
calendar_27,calendar,1,0,5,3.157257301940053,0.850320298059947,5,0.1
calendar_27,calendar,1,1,5,2.855902212025823,1.1516753879741766,5,0.1
calendar_27,calendar,1,2,5,2.960399198903682,1.0471784010963192,5,0.1
calendar_27,calendar,1,3,5,2.9432434356879447,1.0643341643120554,5,0.1
calendar_27,calendar,1,4,5,2.943998922461147,1.0635786775388525,5,0.1
calendar_27,calendar,1,5,5,2.9242150592107694,1.0833625407892304,5,0.1
calendar_27,calendar,1,6,5,2.9280222557209714,1.0795553442790284,5,0.1
calendar_27,calendar,1,7,5,2.881010115542229,1.1265674844577713,5,0.1
calendar_27,calendar,1,8,5,2.8476225629044496,1.1599550370955498,5,0.1
calendar_27,calendar,1,9,5,3.0839199175313143,0.9236576824686853,5,0.1
calendar_27,calendar,1,0,6,3.1338686353988936,0.8737089646011077,5,0.1
calendar_27,calendar,1,1,6,2.932834968872141,1.0747426311278583,5,0.1
calendar_27,calendar,1,2,6,2.9706527100220876,1.0369248899779124,5,0.1
calendar_27,calendar,1,3,6,2.9502067348495773,1.057370865150422,5,0.1
calendar_27,calendar,1,4,6,2.93840759146805,1.0691700085319489,5,0.1
calendar_27,calendar,1,5,6,2.9160630038996143,1.0915145961003847,5,0.1
calendar_27,calendar,1,6,6,2.9433995735795833,1.0641780264204164,5,0.1
calendar_27,calendar,1,7,6,2.8799726048490757,1.1276049951509233,5,0.1
calendar_27,calendar,1,8,6,2.7960575147996174,1.211520085200384,5,0.1
calendar_27,calendar,1,9,6,3.087031712160995,0.920545887839005,5,0.1
calendar_27,calendar,1,0,7,3.1837218951164683,0.8238557048835331,5,0.1
calendar_27,calendar,1,1,7,2.8537573217622594,1.1538202782377402,5,0.1
calendar_27,calendar,1,2,7,2.9533584228376215,1.0542191771623788,5,0.1
calendar_27,calendar,1,3,7,3.005058939389711,1.0025186606102883,5,0.1
calendar_27,calendar,1,4,7,2.9740274231624313,1.0335501768375683,5,0.1
calendar_27,calendar,1,5,7,2.948251188724526,1.0593264112754748,5,0.1
calendar_27,calendar,1,6,7,2.915441946685876,1.0921356533141249,5,0.1
calendar_27,calendar,1,7,7,2.8586359882060846,1.1489416117939153,5,0.1
calendar_27,calendar,1,8,7,2.810397869306927,1.1971797306930732,5,0.1
calendar_27,calendar,1,9,7,3.009668255899815,0.9979093441001857,5,0.1
calendar_27,calendar,1,0,8,3.0222418305666396,0.985335769433361,5,0.1
calendar_27,calendar,1,1,8,2.815943260609024,1.191634339390976,5,0.1
calendar_27,calendar,1,2,8,2.8942136419162052,1.113363958083796,5,0.1
calendar_27,calendar,1,3,8,2.9084919792366803,1.099085620763321,5,0.1
calendar_27,calendar,1,4,8,2.9273321791635705,1.08024542083643,5,0.1
calendar_27,calendar,1,5,8,2.9061882750445074,1.1013893249554922,5,0.1
calendar_27,calendar,1,6,8,2.890621208905701,1.116956391094299,5,0.1
calendar_27,calendar,1,7,8,2.901685732979178,1.1058918670208233,5,0.1
calendar_27,calendar,1,8,8,2.7371867455372008,1.2703908544627998,5,0.1
calendar_27,calendar,1,9,8,2.9447504439471777,1.0628271560528226,5,0.1
calendar_27,calendar,1,0,9,3.270539314967493,0.7370382850325088,5,0.1
calendar_27,calendar,1,1,9,3.0344200658940474,0.9731575341059522,5,0.1
calendar_27,calendar,1,2,9,3.1562455505626765,0.8513320494373229,5,0.1
calendar_27,calendar,1,3,9,3.170985519675977,0.8365920803240234,5,0.1
calendar_27,calendar,1,4,9,3.1048714374950004,0.9027061625049991,5,0.1
calendar_27,calendar,1,5,9,3.1283944771619505,0.8791831228380506,5,0.1
calendar_27,calendar,1,6,9,3.1484960010860528,0.8590815989139475,5,0.1
calendar_27,calendar,1,7,9,3.0968532067575776,0.9107243932424229,5,0.1
calendar_27,calendar,1,8,9,3.0171204615848586,0.9904571384151415,5,0.1
calendar_27,calendar,1,9,9,3.2173768110552823,0.7902007889447186,5,0.1
calendar_28,calendar,1,0,0,3.239332953882876,0.7682446461171241,5,0.1
calendar_28,calendar,1,1,0,2.9769789055958347,1.0305986944041658,5,0.1
calendar_28,calendar,1,2,0,3.0926227153199948,0.9149548846800043,5,0.1
calendar_28,calendar,1,3,0,3.0772801587788674,0.9302974412211326,5,0.1
calendar_28,calendar,1,4,0,3.098140836929415,0.909436763070584,5,0.1
calendar_28,calendar,1,5,0,3.1138609888304005,0.8937166111695996,5,0.1
calendar_28,calendar,1,6,0,3.1080628584709644,0.8995147415290365,5,0.1
calendar_28,calendar,1,7,0,3.0298173108979967,0.9777602891020029,5,0.1
calendar_28,calendar,1,8,0,3.0138203858856327,0.9937572141143683,5,0.1
calendar_28,calendar,1,9,0,3.1698039409086465,0.837773659091353,5,0.1
calendar_28,calendar,1,0,1,2.9951245220110883,1.012453077988912,5,0.1
calendar_28,calendar,1,1,1,2.8054894377362896,1.2020881622637103,5,0.1
calendar_28,calendar,1,2,1,2.810576852742956,1.197000747257044,5,0.1
calendar_28,calendar,1,3,1,2.779096061271964,1.2284815387280363,5,0.1
calendar_28,calendar,1,4,1,2.8323833448500557,1.1751942551499435,5,0.1
calendar_28,calendar,1,5,1,2.913799140160726,1.0937784598392724,5,0.1
calendar_28,calendar,1,6,1,2.837822515716612,1.1697550842833877,5,0.1
calendar_28,calendar,1,7,1,2.860947042216207,1.1466305577837925,5,0.1
calendar_28,calendar,1,8,1,2.7522596625327105,1.2553179374672891,5,0.1
calendar_28,calendar,1,9,1,3.0388244497213233,0.9687531502786786,5,0.1
calendar_28,calendar,1,0,2,3.070415125714531,0.937162474285471,5,0.1
calendar_28,calendar,1,1,2,2.8068102518758056,1.2007673481241943,5,0.1
calendar_28,calendar,1,2,2,2.9161367624816648,1.0914408375183362,5,0.1
calendar_28,calendar,1,3,2,2.929565413176937,1.0780121868230637,5,0.1
calendar_28,calendar,1,4,2,2.935272904332133,1.0723046956678668,5,0.1
calendar_28,calendar,1,5,2,3.005297202725756,1.0022803972742442,5,0.1
calendar_28,calendar,1,6,2,2.952090390673291,1.0554872093267096,5,0.1
calendar_28,calendar,1,7,2,2.903840820051853,1.1037367799481468,5,0.1
calendar_28,calendar,1,8,2,2.841195304231868,1.1663822957681331,5,0.1
calendar_28,calendar,1,9,2,3.0596898430374377,0.9478877569625617,5,0.1
calendar_28,calendar,1,0,3,3.0656742119872353,0.9419033880127659,5,0.1
calendar_28,calendar,1,1,3,2.7882515713316964,1.2193260286683032,5,0.1
calendar_28,calendar,1,2,3,2.959016950966845,1.0485606490331543,5,0.1
calendar_28,calendar,1,3,3,2.911350596238941,1.0962270037610595,5,0.1
calendar_28,calendar,1,4,3,2.9867087398084284,1.0208688601915716,5,0.1
calendar_28,calendar,1,5,3,3.014551842535766,0.9930257574642345,5,0.1
calendar_28,calendar,1,6,3,2.9552767482158013,1.0523008517841992,5,0.1
calendar_28,calendar,1,7,3,2.9591241696939306,1.0484534303060695,5,0.1
calendar_28,calendar,1,8,3,2.8617513987810446,1.1458262012189555,5,0.1
calendar_28,calendar,1,9,3,3.036391063324324,0.9711865366756761,5,0.1
calendar_28,calendar,1,0,4,3.0584938625061313,0.9490837374938684,5,0.1
calendar_28,calendar,1,1,4,2.823229047278533,1.184348552721466,5,0.1
calendar_28,calendar,1,2,4,2.9017522496961226,1.105825350303878,5,0.1
calendar_28,calendar,1,3,4,2.960197493269811,1.0473801067301893,5,0.1
calendar_28,calendar,1,4,4,2.981969691236996,1.0256079087630041,5,0.1
calendar_28,calendar,1,5,4,2.946797095199561,1.0607805048004384,5,0.1
calendar_28,calendar,1,6,4,3.0058509380769176,1.001726661923084,5,0.1
calendar_28,calendar,1,7,4,2.96333294339513,1.0442446566048709,5,0.1
calendar_28,calendar,1,8,4,2.8367482261113803,1.1708293738886209,5,0.1
calendar_28,calendar,1,9,4,3.082353056634972,0.925224543365027,5,0.1
calendar_28,calendar,1,0,5,3.09800965191959,0.9095679480804116,5,0.1
calendar_28,calendar,1,1,5,2.8316039948756293,1.1759736051243692,5,0.1
calendar_28,calendar,1,2,5,2.9469721420200616,1.060605457979939,5,0.1
calendar_28,calendar,1,3,5,2.9376490114830416,1.0699285885169585,5,0.1
calendar_28,calendar,1,4,5,3.002594671917926,1.0049829280820735,5,0.1
calendar_28,calendar,1,5,5,2.941639293753153,1.0659383062468466,5,0.1
calendar_28,calendar,1,6,5,2.9789982320632347,1.028579367936766,5,0.1
calendar_28,calendar,1,7,5,2.9082033066590425,1.0993742933409565,5,0.1
calendar_28,calendar,1,8,5,2.8497403688238445,1.1578372311761553,5,0.1
calendar_28,calendar,1,9,5,3.092420521282827,0.9151570787171736,5,0.1
calendar_28,calendar,1,0,6,3.1211762241608216,0.8864013758391801,5,0.1
calendar_28,calendar,1,1,6,2.8810748852823855,1.1265027147176145,5,0.1
calendar_28,calendar,1,2,6,2.8801710823163083,1.127406517683692,5,0.1
calendar_28,calendar,1,3,6,2.961869446350957,1.0457081536490431,5,0.1
calendar_28,calendar,1,4,6,2.9273799824252977,1.080197617574704,5,0.1
calendar_28,calendar,1,5,6,2.971675536149298,1.0359020638507022,5,0.1
calendar_28,calendar,1,6,6,2.9704047935579387,1.0371728064420622,5,0.1
calendar_28,calendar,1,7,6,2.9994436106624933,1.0081339893375068,5,0.1
calendar_28,calendar,1,8,6,2.842815114343484,1.164762485656516,5,0.1
calendar_28,calendar,1,9,6,3.075348826574887,0.9322287734251127,5,0.1
calendar_28,calendar,1,0,7,3.116166797744398,0.8914108022556029,5,0.1
calendar_28,calendar,1,1,7,2.8258860288305905,1.1816915711694085,5,0.1
calendar_28,calendar,1,2,7,2.8411508074677316,1.1664267925322676,5,0.1
calendar_28,calendar,1,3,7,2.8943382374058353,1.1132393625941648,5,0.1
calendar_28,calendar,1,4,7,2.925128506204261,1.082449093795738,5,0.1
calendar_28,calendar,1,5,7,2.9822060612044425,1.0253715387955578,5,0.1
calendar_28,calendar,1,6,7,2.908639081385287,1.0989385186147125,5,0.1
calendar_28,calendar,1,7,7,2.968200975069552,1.0393766249304477,5,0.1
calendar_28,calendar,1,8,7,2.7770732799522184,1.2305043200477819,5,0.1
calendar_28,calendar,1,9,7,3.0431459172933435,0.9644316827066568,5,0.1
calendar_28,calendar,1,0,8,2.9515802211173825,1.0559973788826178,5,0.1
calendar_28,calendar,1,1,8,2.6860831317424045,1.3214944682575955,5,0.1
calendar_28,calendar,1,2,8,2.832979581061451,1.174598018938549,5,0.1
calendar_28,calendar,1,3,8,2.816251548343217,1.1913260516567834,5,0.1
calendar_28,calendar,1,4,8,2.8084004507373463,1.199177149262653,5,0.1
calendar_28,calendar,1,5,8,2.8389325887369785,1.1686450112630211,5,0.1
calendar_28,calendar,1,6,8,2.922341288033121,1.085236311966879,5,0.1
calendar_28,calendar,1,7,8,2.776888003243257,1.230689596756744,5,0.1
calendar_28,calendar,1,8,8,2.68622079731046,1.321356802689541,5,0.1
calendar_28,calendar,1,9,8,3.0379000234647755,0.969677576535224,5,0.1
calendar_28,calendar,1,0,9,3.2211933955159937,0.7863842044840067,5,0.1
calendar_28,calendar,1,1,9,2.969295964174734,1.0382816358252667,5,0.1
calendar_28,calendar,1,2,9,3.033377512794865,0.9742000872051354,5,0.1
calendar_28,calendar,1,3,9,3.069832730456999,0.9377448695430023,5,0.1
calendar_28,calendar,1,4,9,3.0752666636506074,0.932310936349393,5,0.1
calendar_28,calendar,1,5,9,3.1112506761456995,0.8963269238543017,5,0.1
calendar_28,calendar,1,6,9,3.150286914034377,0.8572906859656232,5,0.1
calendar_28,calendar,1,7,9,3.066233481833011,0.9413441181669893,5,0.1
calendar_28,calendar,1,8,9,3.0496761990034162,0.957901400996583,5,0.1
calendar_28,calendar,1,9,9,3.22451329779825,0.7830643022017492,5,0.1
calendar_29,calendar,1,0,0,3.2057242941928923,0.8018533058071082,5,0.1
calendar_29,calendar,1,1,0,2.968199999265923,1.0393776007340774,5,0.1
calendar_29,calendar,1,2,0,3.1230787353535194,0.8844988646464804,5,0.1
calendar_29,calendar,1,3,0,3.0883270767008657,0.9192505232991343,5,0.1
calendar_29,calendar,1,4,0,3.124741034785992,0.8828365652140076,5,0.1
calendar_29,calendar,1,5,0,3.068253428015267,0.9393241719847337,5,0.1
calendar_29,calendar,1,6,0,3.046573836253899,0.961003763746101,5,0.1
calendar_29,calendar,1,7,0,3.053981672847389,0.9535959271526114,5,0.1
calendar_29,calendar,1,8,0,2.9970725686645294,1.0105050313354693,5,0.1
calendar_29,calendar,1,9,0,3.233049167952163,0.7745284320478381,5,0.1
calendar_29,calendar,1,0,1,2.9574363691626053,1.0501412308373934,5,0.1
calendar_29,calendar,1,1,1,2.745388563253724,1.2621890367462774,5,0.1
calendar_29,calendar,1,2,1,2.83260144383898,1.1749761561610204,5,0.1
calendar_29,calendar,1,3,1,2.855630999659676,1.151946600340325,5,0.1
calendar_29,calendar,1,4,1,2.8774134328646745,1.1301641671353257,5,0.1
calendar_29,calendar,1,5,1,2.8243322103541555,1.1832453896458455,5,0.1
calendar_29,calendar,1,6,1,2.8374248341597084,1.1701527658402926,5,0.1
calendar_29,calendar,1,7,1,2.863227163915752,1.1443504360842491,5,0.1
calendar_29,calendar,1,8,1,2.723364168196324,1.284213431803675,5,0.1
calendar_29,calendar,1,9,1,3.0112003891309365,0.9963772108690632,5,0.1
calendar_29,calendar,1,0,2,3.072802627070045,0.9347749729299558,5,0.1
calendar_29,calendar,1,1,2,2.8078157535953774,1.1997618464046236,5,0.1
calendar_29,calendar,1,2,2,2.9507277193820474,1.0568498806179534,5,0.1
calendar_29,calendar,1,3,2,2.926491425268103,1.0810861747318974,5,0.1
calendar_29,calendar,1,4,2,2.8826072202891027,1.1249703797108968,5,0.1
calendar_29,calendar,1,5,2,2.874483272853132,1.1330943271468668,5,0.1
calendar_29,calendar,1,6,2,2.9546160963423387,1.0529615036576612,5,0.1
calendar_29,calendar,1,7,2,2.923725829708667,1.0838517702913322,5,0.1
calendar_29,calendar,1,8,2,2.766320068449886,1.2412575315501142,5,0.1
calendar_29,calendar,1,9,2,3.0399807039439937,0.9675968960560068,5,0.1
calendar_29,calendar,1,0,3,3.0834488472222708,0.9241287527777301,5,0.1
calendar_29,calendar,1,1,3,2.8142242090791743,1.1933533909208272,5,0.1
calendar_29,calendar,1,2,3,2.930935134914985,1.0766424650850153,5,0.1
calendar_29,calendar,1,3,3,2.9644552399463744,1.0431223600536252,5,0.1
calendar_29,calendar,1,4,3,2.899421633614266,1.1081559663857339,5,0.1
calendar_29,calendar,1,5,3,2.952170270022086,1.0554073299779136,5,0.1
calendar_29,calendar,1,6,3,2.9182228684740523,1.0893547315259478,5,0.1
calendar_29,calendar,1,7,3,2.8911749775556137,1.1164026224443864,5,0.1
calendar_29,calendar,1,8,3,2.8817955699674855,1.1257820300325143,5,0.1
calendar_29,calendar,1,9,3,3.026639873397113,0.9809377266028864,5,0.1
calendar_29,calendar,1,0,4,3.116643089947473,0.890934510052527,5,0.1
calendar_29,calendar,1,1,4,2.869715005748511,1.1378625942514897,5,0.1
calendar_29,calendar,1,2,4,2.958227099568519,1.0493505004314816,5,0.1
calendar_29,calendar,1,3,4,2.931497228171241,1.0760803718287593,5,0.1
calendar_29,calendar,1,4,4,2.950600752147664,1.056976847852336,5,0.1
calendar_29,calendar,1,5,4,2.8926497468582073,1.1149278531417928,5,0.1
calendar_29,calendar,1,6,4,2.8980568791117474,1.1095207208882523,5,0.1
calendar_29,calendar,1,7,4,2.935605073405989,1.0719725265940108,5,0.1
calendar_29,calendar,1,8,4,2.789689576666915,1.2178880233330849,5,0.1
calendar_29,calendar,1,9,4,3.0304489771597196,0.9771286228402807,5,0.1
calendar_29,calendar,1,0,5,3.0938702996486356,0.9137073003513642,5,0.1
calendar_29,calendar,1,1,5,2.8681038869882753,1.1394737130117245,5,0.1
calendar_29,calendar,1,2,5,2.957803844754179,1.0497737552458213,5,0.1
calendar_29,calendar,1,3,5,2.929162621424656,1.0784149785753445,5,0.1
calendar_29,calendar,1,4,5,2.9742647752284013,1.0333128247715997,5,0.1
calendar_29,calendar,1,5,5,3.012889394399007,0.9946882056009934,5,0.1
calendar_29,calendar,1,6,5,2.987842470884325,1.0197351291156747,5,0.1
calendar_29,calendar,1,7,5,2.9053928949685957,1.1021847050314064,5,0.1
calendar_29,calendar,1,8,5,2.859553641896178,1.1480239581038227,5,0.1
calendar_29,calendar,1,9,5,3.0340104759553537,0.9735671240446476,5,0.1
calendar_29,calendar,1,0,6,3.108638012485656,0.898939587514344,5,0.1
calendar_29,calendar,1,1,6,2.881286791622399,1.1262908083776,5,0.1
calendar_29,calendar,1,2,6,2.910958701536581,1.0966188984634189,5,0.1
calendar_29,calendar,1,3,6,2.960562804300575,1.0470147956994256,5,0.1
calendar_29,calendar,1,4,6,2.8961476632148617,1.111429936785139,5,0.1
calendar_29,calendar,1,5,6,2.9823791613761723,1.0251984386238273,5,0.1
calendar_29,calendar,1,6,6,3.031312195393521,0.9762654046064795,5,0.1
calendar_29,calendar,1,7,6,2.9724710167391812,1.035106583260819,5,0.1
calendar_29,calendar,1,8,6,2.8655098846827456,1.1420677153172538,5,0.1
calendar_29,calendar,1,9,6,3.117013215712538,0.8905643842874612,5,0.1
calendar_29,calendar,1,0,7,3.139929413365721,0.8676481866342779,5,0.1
calendar_29,calendar,1,1,7,2.7807156361568213,1.2268619638431795,5,0.1
calendar_29,calendar,1,2,7,2.8468506069965405,1.1607269930034598,5,0.1
calendar_29,calendar,1,3,7,2.903218839410803,1.1043587605891976,5,0.1
calendar_29,calendar,1,4,7,2.8821414964245253,1.1254361035754745,5,0.1
calendar_29,calendar,1,5,7,2.990288125254379,1.0172894747456218,5,0.1
calendar_29,calendar,1,6,7,3.03907553895025,0.9685020610497496,5,0.1
calendar_29,calendar,1,7,7,2.9062853779617286,1.1012922220382722,5,0.1
calendar_29,calendar,1,8,7,2.82418280046543,1.1833947995345697,5,0.1
calendar_29,calendar,1,9,7,3.1307304497449673,0.8768471502550327,5,0.1
calendar_29,calendar,1,0,8,2.9507726308160773,1.0568049691839232,5,0.1
calendar_29,calendar,1,1,8,2.7265596754936188,1.2810179245063813,5,0.1
calendar_29,calendar,1,2,8,2.88793539056673,1.1196422094332696,5,0.1
calendar_29,calendar,1,3,8,2.8506761117894883,1.1569014882105122,5,0.1
calendar_29,calendar,1,4,8,2.857706552652784,1.1498710473472153,5,0.1
calendar_29,calendar,1,5,8,2.887234104555387,1.1203434954446136,5,0.1
calendar_29,calendar,1,6,8,2.8324003186287676,1.1751772813712327,5,0.1
calendar_29,calendar,1,7,8,2.808118047453317,1.1994595525466831,5,0.1
calendar_29,calendar,1,8,8,2.73458652374532,1.2729910762546797,5,0.1
calendar_29,calendar,1,9,8,2.936099920196686,1.0714776798033139,5,0.1
calendar_29,calendar,1,0,9,3.2079667482645253,0.7996108517354746,5,0.1
calendar_29,calendar,1,1,9,3.000663792487684,1.0069138075123154,5,0.1
calendar_29,calendar,1,2,9,3.0044356471707467,1.0031419528292536,5,0.1
calendar_29,calendar,1,3,9,3.1145534527841274,0.8930241472158721,5,0.1
calendar_29,calendar,1,4,9,3.074344257035282,0.9332333429647176,5,0.1
calendar_29,calendar,1,5,9,3.084930721708294,0.9226468782917077,5,0.1
calendar_29,calendar,1,6,9,3.120602818103732,0.8869747818962683,5,0.1
calendar_29,calendar,1,7,9,3.0892519253434307,0.9183256746565697,5,0.1
calendar_29,calendar,1,8,9,2.9586289530229055,1.048948646977094,5,0.1
calendar_29,calendar,1,9,9,3.214629108511273,0.7929484914887276,5,0.1
calendar_27,calendar,2,0,0,3.108779054686045,0.8987985453139555,5,0.19999999999999998
calendar_27,calendar,2,1,0,2.854478957959854,1.1530986420401452,5,0.19999999999999998
calendar_27,calendar,2,2,0,2.9265971994109456,1.0809804005890529,5,0.19999999999999998
calendar_27,calendar,2,3,0,2.889297699806247,1.118279900193752,5,0.19999999999999998
calendar_27,calendar,2,4,0,2.8708445105695257,1.1367330894304741,5,0.19999999999999998
calendar_27,calendar,2,5,0,2.926887837686513,1.0806897623134877,5,0.19999999999999998
calendar_27,calendar,2,6,0,2.9690109316708084,1.0385666683291919,5,0.19999999999999998
calendar_27,calendar,2,7,0,2.960472193267469,1.0471054067325307,5,0.19999999999999998
calendar_27,calendar,2,8,0,2.819695856589438,1.1878817434105633,5,0.19999999999999998
calendar_27,calendar,2,9,0,3.0656585582178715,0.9419190417821292,5,0.19999999999999998
calendar_27,calendar,2,0,1,2.845815966848361,1.1617616331516396,5,0.19999999999999998
calendar_27,calendar,2,1,1,2.5874440664417055,1.4201335335582954,5,0.19999999999999998
calendar_27,calendar,2,2,1,2.6775065857400664,1.330071014259934,5,0.19999999999999998
calendar_27,calendar,2,3,1,2.6124503998409194,1.3951272001590806,5,0.19999999999999998
calendar_27,calendar,2,4,1,2.656124156651088,1.351453443348912,5,0.19999999999999998
calendar_27,calendar,2,5,1,2.620818323657665,1.3867592763423344,5,0.19999999999999998
calendar_27,calendar,2,6,1,2.6832805993077433,1.3242970006922565,5,0.19999999999999998
calendar_27,calendar,2,7,1,2.5845383869952254,1.4230392130047753,5,0.19999999999999998
calendar_27,calendar,2,8,1,2.516287523005598,1.4912900769944026,5,0.19999999999999998
calendar_27,calendar,2,9,1,2.776749699320253,1.2308279006797473,5,0.19999999999999998
calendar_27,calendar,2,0,2,2.919103554726112,1.0884740452738881,5,0.19999999999999998
calendar_27,calendar,2,1,2,2.6260895846136623,1.3814880153863383,5,0.19999999999999998
calendar_27,calendar,2,2,2,2.670467236625592,1.3371103633744077,5,0.19999999999999998
calendar_27,calendar,2,3,2,2.7150917011359184,1.2924858988640822,5,0.19999999999999998
calendar_27,calendar,2,4,2,2.650663491504421,1.35691410849558,5,0.19999999999999998
calendar_27,calendar,2,5,2,2.6737515124936806,1.3338260875063197,5,0.19999999999999998
calendar_27,calendar,2,6,2,2.729964350728399,1.2776132492716017,5,0.19999999999999998
calendar_27,calendar,2,7,2,2.7537975350689625,1.2537800649310373,5,0.19999999999999998
calendar_27,calendar,2,8,2,2.672076686442557,1.335500913557443,5,0.19999999999999998
calendar_27,calendar,2,9,2,2.927018055710706,1.080559544289294,5,0.19999999999999998
calendar_27,calendar,2,0,3,2.9604726116618334,1.0471049883381658,5,0.19999999999999998
calendar_27,calendar,2,1,3,2.647685249814031,1.3598923501859692,5,0.19999999999999998
calendar_27,calendar,2,2,3,2.806031789492871,1.201545810507129,5,0.19999999999999998
calendar_27,calendar,2,3,3,2.7295754515551285,1.2780021484448714,5,0.19999999999999998
calendar_27,calendar,2,4,3,2.789048647158798,1.2185289528412013,5,0.19999999999999998
calendar_27,calendar,2,5,3,2.753152827397583,1.2544247726024171,5,0.19999999999999998
calendar_27,calendar,2,6,3,2.7408564370891533,1.2667211629108475,5,0.19999999999999998
calendar_27,calendar,2,7,3,2.7430156009760704,1.2645619990239294,5,0.19999999999999998
calendar_27,calendar,2,8,3,2.669041821368002,1.3385357786319978,5,0.19999999999999998
calendar_27,calendar,2,9,3,2.9777934861234088,1.0297841138765917,5,0.19999999999999998
calendar_27,calendar,2,0,4,2.9243471860077754,1.0832304139922244,5,0.19999999999999998
calendar_27,calendar,2,1,4,2.6675830367751034,1.3399945632248966,5,0.19999999999999998
calendar_27,calendar,2,2,4,2.74426799023997,1.2633096097600285,5,0.19999999999999998
calendar_27,calendar,2,3,4,2.7263856615665056,1.2811919384334944,5,0.19999999999999998
calendar_27,calendar,2,4,4,2.73016519880087,1.2774124011991308,5,0.19999999999999998
calendar_27,calendar,2,5,4,2.7688950298003934,1.2386825701996071,5,0.19999999999999998
calendar_27,calendar,2,6,4,2.794247289270779,1.213330310729221,5,0.19999999999999998
calendar_27,calendar,2,7,4,2.681751913398544,1.325825686601455,5,0.19999999999999998
calendar_27,calendar,2,8,4,2.713302359523322,1.2942752404766773,5,0.19999999999999998
calendar_27,calendar,2,9,4,2.9379579766687067,1.0696196233312938,5,0.19999999999999998
calendar_27,calendar,2,0,5,2.9196183973367607,1.0879592026632394,5,0.19999999999999998
calendar_27,calendar,2,1,5,2.698571452028316,1.3090061479716837,5,0.19999999999999998
calendar_27,calendar,2,2,5,2.8186327900517427,1.1889448099482578,5,0.19999999999999998
calendar_27,calendar,2,3,5,2.7736048309003456,1.2339727690996543,5,0.19999999999999998
calendar_27,calendar,2,4,5,2.7040752139727973,1.303502386027204,5,0.19999999999999998
calendar_27,calendar,2,5,5,2.7303454591143965,1.277232140885604,5,0.19999999999999998
calendar_27,calendar,2,6,5,2.721115283569203,1.2864623164307978,5,0.19999999999999998
calendar_27,calendar,2,7,5,2.7644454532620477,1.2431321467379521,5,0.19999999999999998
calendar_27,calendar,2,8,5,2.6420316292715165,1.3655459707284843,5,0.19999999999999998
calendar_27,calendar,2,9,5,2.9096667281410764,1.0979108718589237,5,0.19999999999999998
calendar_27,calendar,2,0,6,2.9349828005481142,1.0725947994518863,5,0.19999999999999998
calendar_27,calendar,2,1,6,2.6030577308050464,1.4045198691949543,5,0.19999999999999998
calendar_27,calendar,2,2,6,2.716870701938904,1.290706898061097,5,0.19999999999999998
calendar_27,calendar,2,3,6,2.7145850200585504,1.2929925799414492,5,0.19999999999999998
calendar_27,calendar,2,4,6,2.712140372905649,1.2954372270943506,5,0.19999999999999998
calendar_27,calendar,2,5,6,2.730634953102273,1.2769426468977276,5,0.19999999999999998
calendar_27,calendar,2,6,6,2.732492752819538,1.2750848471804617,5,0.19999999999999998
calendar_27,calendar,2,7,6,2.7181762464768258,1.2894013535231739,5,0.19999999999999998
calendar_27,calendar,2,8,6,2.5911418264626263,1.4164357735373745,5,0.19999999999999998
calendar_27,calendar,2,9,6,2.8895684138947355,1.118009186105265,5,0.19999999999999998
calendar_27,calendar,2,0,7,2.9439804727818313,1.06359712721817,5,0.19999999999999998
calendar_27,calendar,2,1,7,2.6318762256501094,1.3757013743498907,5,0.19999999999999998
calendar_27,calendar,2,2,7,2.7130045319149363,1.2945730680850642,5,0.19999999999999998
calendar_27,calendar,2,3,7,2.731055131368791,1.2765224686312076,5,0.19999999999999998
calendar_27,calendar,2,4,7,2.7186141002176543,1.288963499782346,5,0.19999999999999998
calendar_27,calendar,2,5,7,2.6848454495730842,1.3227321504269158,5,0.19999999999999998
calendar_27,calendar,2,6,7,2.7264297898680128,1.2811478101319882,5,0.19999999999999998
calendar_27,calendar,2,7,7,2.696843580501599,1.3107340194984014,5,0.19999999999999998
calendar_27,calendar,2,8,7,2.6403346540869097,1.3672429459130901,5,0.19999999999999998
calendar_27,calendar,2,9,7,2.8734687989893657,1.1341088010106344,5,0.19999999999999998
calendar_27,calendar,2,0,8,2.8842354257668505,1.1233421742331493,5,0.19999999999999998
calendar_27,calendar,2,1,8,2.58752573447255,1.4200518655274499,5,0.19999999999999998
calendar_27,calendar,2,2,8,2.6444968956273804,1.3630807043726194,5,0.19999999999999998
calendar_27,calendar,2,3,8,2.6447032265645385,1.3628743734354616,5,0.19999999999999998
calendar_27,calendar,2,4,8,2.693000680339235,1.3145769196607637,5,0.19999999999999998
calendar_27,calendar,2,5,8,2.5805638989884,1.427013701011601,5,0.19999999999999998
calendar_27,calendar,2,6,8,2.600527505853752,1.4070500941462485,5,0.19999999999999998
calendar_27,calendar,2,7,8,2.5846493024799915,1.422928297520009,5,0.19999999999999998
calendar_27,calendar,2,8,8,2.495425805864982,1.512151794135019,5,0.19999999999999998
calendar_27,calendar,2,9,8,2.7710515274770033,1.236526072522997,5,0.19999999999999998
calendar_27,calendar,2,0,9,3.138892522064374,0.8686850779356255,5,0.19999999999999998
calendar_27,calendar,2,1,9,2.818397492323009,1.189180107676991,5,0.19999999999999998
calendar_27,calendar,2,2,9,2.932052210806353,1.075525389193648,5,0.19999999999999998
calendar_27,calendar,2,3,9,2.932867242145675,1.0747103578543247,5,0.19999999999999998
calendar_27,calendar,2,4,9,2.899061606791128,1.1085159932088708,5,0.19999999999999998
calendar_27,calendar,2,5,9,2.94156932976536,1.0660082702346403,5,0.19999999999999998
calendar_27,calendar,2,6,9,2.8261522928736826,1.1814253071263157,5,0.19999999999999998
calendar_27,calendar,2,7,9,2.9075275165090773,1.1000500834909235,5,0.19999999999999998
calendar_27,calendar,2,8,9,2.7814364415872537,1.2261411584127462,5,0.19999999999999998
calendar_27,calendar,2,9,9,3.021056194249604,0.9865214057503958,5,0.19999999999999998
calendar_28,calendar,2,0,0,3.0493312701397457,0.9582463298602538,5,0.19999999999999998
calendar_28,calendar,2,1,0,2.8182313678971194,1.1893462321028798,5,0.19999999999999998
calendar_28,calendar,2,2,0,2.8948706342005153,1.1127069657994841,5,0.19999999999999998
calendar_28,calendar,2,3,0,2.9980312894164833,1.0095463105835163,5,0.19999999999999998
calendar_28,calendar,2,4,0,2.8889462538697863,1.1186313461302135,5,0.19999999999999998
calendar_28,calendar,2,5,0,2.9615916843935652,1.0459859156064357,5,0.19999999999999998
calendar_28,calendar,2,6,0,2.95282092873735,1.0547566712626506,5,0.19999999999999998
calendar_28,calendar,2,7,0,2.8716167019145264,1.1359608980854734,5,0.19999999999999998
calendar_28,calendar,2,8,0,2.898581406968749,1.1089961930312502,5,0.19999999999999998
calendar_28,calendar,2,9,0,3.159084166353283,0.8484934336467166,5,0.19999999999999998
calendar_28,calendar,2,0,1,2.7953138464875047,1.2122637535124974,5,0.19999999999999998
calendar_28,calendar,2,1,1,2.50364052168373,1.5039370783162695,5,0.19999999999999998
calendar_28,calendar,2,2,1,2.6545766642514854,1.3530009357485144,5,0.19999999999999998
calendar_28,calendar,2,3,1,2.6451413957429883,1.3624362042570115,5,0.19999999999999998
calendar_28,calendar,2,4,1,2.731296382512212,1.2762812174877878,5,0.19999999999999998
calendar_28,calendar,2,5,1,2.6456904323020702,1.3618871676979312,5,0.19999999999999998
calendar_28,calendar,2,6,1,2.6642709472672625,1.3433066527327375,5,0.19999999999999998
calendar_28,calendar,2,7,1,2.656393870120538,1.351183729879463,5,0.19999999999999998
calendar_28,calendar,2,8,1,2.5186065972460243,1.488971002753976,5,0.19999999999999998
calendar_28,calendar,2,9,1,2.9061165470923256,1.1014610529076745,5,0.19999999999999998
calendar_28,calendar,2,0,2,2.923618092640785,1.083959507359215,5,0.19999999999999998
calendar_28,calendar,2,1,2,2.6603369800685353,1.3472406199314642,5,0.19999999999999998
calendar_28,calendar,2,2,2,2.7202250393265324,1.2873525606734677,5,0.19999999999999998
calendar_28,calendar,2,3,2,2.7549339251556426,1.252643674844357,5,0.19999999999999998
calendar_28,calendar,2,4,2,2.7307230481776537,1.2768545518223462,5,0.19999999999999998
calendar_28,calendar,2,5,2,2.774057519817502,1.2335200801824975,5,0.19999999999999998
calendar_28,calendar,2,6,2,2.7542610904509064,1.2533165095490932,5,0.19999999999999998
calendar_28,calendar,2,7,2,2.762076630193852,1.245500969806147,5,0.19999999999999998
calendar_28,calendar,2,8,2,2.655847240085998,1.3517303599140023,5,0.19999999999999998
calendar_28,calendar,2,9,2,2.9339866157896313,1.073590984210367,5,0.19999999999999998
calendar_28,calendar,2,0,3,2.98935420768872,1.01822339231128,5,0.19999999999999998
calendar_28,calendar,2,1,3,2.695478003508697,1.3120995964913036,5,0.19999999999999998
calendar_28,calendar,2,2,3,2.69738301680032,1.3101945831996802,5,0.19999999999999998
calendar_28,calendar,2,3,3,2.6850488036210907,1.32252879637891,5,0.19999999999999998
calendar_28,calendar,2,4,3,2.70943285081342,1.2981447491865805,5,0.19999999999999998
calendar_28,calendar,2,5,3,2.774525068422488,1.2330525315775127,5,0.19999999999999998
calendar_28,calendar,2,6,3,2.8193501494251736,1.1882274505748258,5,0.19999999999999998
calendar_28,calendar,2,7,3,2.8030792165992175,1.204498383400783,5,0.19999999999999998
calendar_28,calendar,2,8,3,2.7129995378756555,1.294578062124345,5,0.19999999999999998
calendar_28,calendar,2,9,3,2.9985057764092553,1.0090718235907437,5,0.19999999999999998
calendar_28,calendar,2,0,4,2.9408352611381856,1.066742338861815,5,0.19999999999999998
calendar_28,calendar,2,1,4,2.690374411545138,1.3172031884548623,5,0.19999999999999998
calendar_28,calendar,2,2,4,2.744839695337965,1.2627379046620348,5,0.19999999999999998
calendar_28,calendar,2,3,4,2.699971006317459,1.3076065936825416,5,0.19999999999999998
calendar_28,calendar,2,4,4,2.742704890944437,1.2648727090555643,5,0.19999999999999998
calendar_28,calendar,2,5,4,2.733162905247234,1.274414694752766,5,0.19999999999999998
calendar_28,calendar,2,6,4,2.708566993082178,1.2990106069178216,5,0.19999999999999998
calendar_28,calendar,2,7,4,2.7525281325407565,1.255049467459243,5,0.19999999999999998
calendar_28,calendar,2,8,4,2.6578743959306332,1.3497032040693655,5,0.19999999999999998
calendar_28,calendar,2,9,4,2.9123325777413287,1.0952450222586716,5,0.19999999999999998
calendar_28,calendar,2,0,5,2.890246893028853,1.1173307069711471,5,0.19999999999999998
calendar_28,calendar,2,1,5,2.643129109417806,1.3644484905821945,5,0.19999999999999998
calendar_28,calendar,2,2,5,2.7190025565496736,1.2885750434503271,5,0.19999999999999998
calendar_28,calendar,2,3,5,2.7666269949861495,1.240950605013851,5,0.19999999999999998
calendar_28,calendar,2,4,5,2.803333136943654,1.2042444630563456,5,0.19999999999999998
calendar_28,calendar,2,5,5,2.8080054847852347,1.1995721152147658,5,0.19999999999999998
calendar_28,calendar,2,6,5,2.7117774195549957,1.2958001804450034,5,0.19999999999999998
calendar_28,calendar,2,7,5,2.7652950787945163,1.242282521205484,5,0.19999999999999998
calendar_28,calendar,2,8,5,2.590126601281661,1.4174509987183386,5,0.19999999999999998
calendar_28,calendar,2,9,5,2.8855739619404863,1.1220036380595138,5,0.19999999999999998
calendar_28,calendar,2,0,6,2.9094090167819457,1.0981685832180552,5,0.19999999999999998
calendar_28,calendar,2,1,6,2.65090260334319,1.3566749966568101,5,0.19999999999999998
calendar_28,calendar,2,2,6,2.7757391147274326,1.2318384852725663,5,0.19999999999999998
calendar_28,calendar,2,3,6,2.7687490398634877,1.2388285601365112,5,0.19999999999999998
calendar_28,calendar,2,4,6,2.852769646149462,1.1548079538505382,5,0.19999999999999998
calendar_28,calendar,2,5,6,2.726917780872777,1.280659819127223,5,0.19999999999999998
calendar_28,calendar,2,6,6,2.717829412931917,1.2897481870680836,5,0.19999999999999998
calendar_28,calendar,2,7,6,2.709831059426917,1.297746540573084,5,0.19999999999999998
calendar_28,calendar,2,8,6,2.631429184393487,1.3761484156065138,5,0.19999999999999998
calendar_28,calendar,2,9,6,2.9478747093966917,1.059702890603308,5,0.19999999999999998
calendar_28,calendar,2,0,7,2.9633900635594665,1.0441875364405337,5,0.19999999999999998
calendar_28,calendar,2,1,7,2.6753777722467906,1.33219982775321,5,0.19999999999999998
calendar_28,calendar,2,2,7,2.696323602329432,1.311253997670568,5,0.19999999999999998
calendar_28,calendar,2,3,7,2.760981459026731,1.2465961409732695,5,0.19999999999999998
calendar_28,calendar,2,4,7,2.7213506662281777,1.2862269337718213,5,0.19999999999999998
calendar_28,calendar,2,5,7,2.6632063088336246,1.3443712911663754,5,0.19999999999999998
calendar_28,calendar,2,6,7,2.659269872154485,1.3483077278455147,5,0.19999999999999998
calendar_28,calendar,2,7,7,2.741358156531477,1.2662194434685226,5,0.19999999999999998
calendar_28,calendar,2,8,7,2.637417779098768,1.370159820901233,5,0.19999999999999998
calendar_28,calendar,2,9,7,2.987478842782246,1.0200987572177544,5,0.19999999999999998
calendar_28,calendar,2,0,8,2.7795958572363753,1.2279817427636246,5,0.19999999999999998
calendar_28,calendar,2,1,8,2.5097177121868657,1.497859887813135,5,0.19999999999999998
calendar_28,calendar,2,2,8,2.606970424965929,1.400607175034071,5,0.19999999999999998
calendar_28,calendar,2,3,8,2.609769215053494,1.3978083849465068,5,0.19999999999999998
calendar_28,calendar,2,4,8,2.63951913957646,1.3680584604235402,5,0.19999999999999998
calendar_28,calendar,2,5,8,2.6320708435317743,1.375506756468226,5,0.19999999999999998
calendar_28,calendar,2,6,8,2.6714869312442433,1.3360906687557574,5,0.19999999999999998
calendar_28,calendar,2,7,8,2.5986820601183944,1.4088955398816054,5,0.19999999999999998
calendar_28,calendar,2,8,8,2.5696883060673836,1.4378892939326162,5,0.19999999999999998
calendar_28,calendar,2,9,8,2.8596354865758626,1.1479421134241374,5,0.19999999999999998
calendar_28,calendar,2,0,9,3.1376713968799685,0.8699062031200319,5,0.19999999999999998
calendar_28,calendar,2,1,9,2.7427768527553518,1.264800747244647,5,0.19999999999999998
calendar_28,calendar,2,2,9,2.923832505392349,1.0837450946076508,5,0.19999999999999998
calendar_28,calendar,2,3,9,2.9127562186484726,1.0948213813515275,5,0.19999999999999998
calendar_28,calendar,2,4,9,2.8937600853166705,1.113817514683331,5,0.19999999999999998
calendar_28,calendar,2,5,9,2.842445189887979,1.1651324101120226,5,0.19999999999999998
calendar_28,calendar,2,6,9,2.8797209580566814,1.1278566419433187,5,0.19999999999999998
calendar_28,calendar,2,7,9,2.901895110067276,1.105682489932726,5,0.19999999999999998
calendar_28,calendar,2,8,9,2.820031764460949,1.1875458355390511,5,0.19999999999999998
calendar_28,calendar,2,9,9,3.149898983006685,0.8576786169933152,5,0.19999999999999998
calendar_29,calendar,2,0,0,3.185207511632017,0.8223700883679833,5,0.19999999999999998
calendar_29,calendar,2,1,0,2.887813862708398,1.1197637372916016,5,0.19999999999999998
calendar_29,calendar,2,2,0,2.9681789507464607,1.039398649253539,5,0.19999999999999998
calendar_29,calendar,2,3,0,2.976160969930118,1.0314166300698813,5,0.19999999999999998
calendar_29,calendar,2,4,0,2.9776499631505184,1.0299276368494799,5,0.19999999999999998
calendar_29,calendar,2,5,0,2.892918518572994,1.114659081427005,5,0.19999999999999998
calendar_29,calendar,2,6,0,2.8958117241037167,1.111765875896284,5,0.19999999999999998
calendar_29,calendar,2,7,0,2.845545850570033,1.1620317494299672,5,0.19999999999999998
calendar_29,calendar,2,8,0,2.7948757360742995,1.2127018639257,5,0.19999999999999998
calendar_29,calendar,2,9,0,3.122622006734286,0.8849555932657128,5,0.19999999999999998
calendar_29,calendar,2,0,1,2.8879196696650666,1.1196579303349325,5,0.19999999999999998
calendar_29,calendar,2,1,1,2.624717348875621,1.3828602511243795,5,0.19999999999999998
calendar_29,calendar,2,2,1,2.6502861302517697,1.35729146974823,5,0.19999999999999998
calendar_29,calendar,2,3,1,2.7208062775305324,1.286771322469466,5,0.19999999999999998
calendar_29,calendar,2,4,1,2.7139464663067416,1.2936311336932573,5,0.19999999999999998
calendar_29,calendar,2,5,1,2.6408937764953606,1.36668382350464,5,0.19999999999999998
calendar_29,calendar,2,6,1,2.5867225787936485,1.4208550212063518,5,0.19999999999999998
calendar_29,calendar,2,7,1,2.646627126911115,1.3609504730888844,5,0.19999999999999998
calendar_29,calendar,2,8,1,2.5526485101374674,1.4549290898625327,5,0.19999999999999998
calendar_29,calendar,2,9,1,2.873231117007064,1.1343464829929368,5,0.19999999999999998
calendar_29,calendar,2,0,2,2.943943930659861,1.0636336693401405,5,0.19999999999999998
calendar_29,calendar,2,1,2,2.6756312740508235,1.3319463259491764,5,0.19999999999999998
calendar_29,calendar,2,2,2,2.7303396480209448,1.2772379519790553,5,0.19999999999999998
calendar_29,calendar,2,3,2,2.7824988925112324,1.2250787074887686,5,0.19999999999999998
calendar_29,calendar,2,4,2,2.7288716705875724,1.2787059294124268,5,0.19999999999999998
calendar_29,calendar,2,5,2,2.723275815596951,1.2843017844030495,5,0.19999999999999998
calendar_29,calendar,2,6,2,2.67746279100719,1.3301148089928103,5,0.19999999999999998
calendar_29,calendar,2,7,2,2.697426852890656,1.3101507471093439,5,0.19999999999999998
calendar_29,calendar,2,8,2,2.6494713779576893,1.3581062220423108,5,0.19999999999999998
calendar_29,calendar,2,9,2,2.870294628759822,1.137282971240179,5,0.19999999999999998
calendar_29,calendar,2,0,3,2.952108800621587,1.0554687993784146,5,0.19999999999999998
calendar_29,calendar,2,1,3,2.5906652237336893,1.4169123762663114,5,0.19999999999999998
calendar_29,calendar,2,2,3,2.7098900455604276,1.2976875544395725,5,0.19999999999999998
calendar_29,calendar,2,3,3,2.7662874062238223,1.2412901937761789,5,0.19999999999999998
calendar_29,calendar,2,4,3,2.7832255867530007,1.2243520132469998,5,0.19999999999999998
calendar_29,calendar,2,5,3,2.7198553266214742,1.2877222733785263,5,0.19999999999999998
calendar_29,calendar,2,6,3,2.8033925655998253,1.2041850344001752,5,0.19999999999999998
calendar_29,calendar,2,7,3,2.760360075618343,1.247217524381657,5,0.19999999999999998
calendar_29,calendar,2,8,3,2.619010494118449,1.3885671058815519,5,0.19999999999999998
calendar_29,calendar,2,9,3,2.9243027710835405,1.0832748289164595,5,0.19999999999999998
calendar_29,calendar,2,0,4,2.895992760472861,1.111584839527139,5,0.19999999999999998
calendar_29,calendar,2,1,4,2.6115983114775747,1.3959792885224243,5,0.19999999999999998
calendar_29,calendar,2,2,4,2.73833996182484,1.2692376381751589,5,0.19999999999999998
calendar_29,calendar,2,3,4,2.7660173424840795,1.2415602575159208,5,0.19999999999999998
calendar_29,calendar,2,4,4,2.7205820934214944,1.2869955065785046,5,0.19999999999999998
calendar_29,calendar,2,5,4,2.769050428207422,1.2385271717925792,5,0.19999999999999998
calendar_29,calendar,2,6,4,2.7606618541514707,1.24691574584853,5,0.19999999999999998
calendar_29,calendar,2,7,4,2.7798941783186444,1.2276834216813548,5,0.19999999999999998
calendar_29,calendar,2,8,4,2.6581353535591807,1.3494422464408187,5,0.19999999999999998
calendar_29,calendar,2,9,4,2.91205744928646,1.095520150713541,5,0.19999999999999998
calendar_29,calendar,2,0,5,2.8979854706195227,1.109592129380478,5,0.19999999999999998
calendar_29,calendar,2,1,5,2.644010586473531,1.363567013526469,5,0.19999999999999998
calendar_29,calendar,2,2,5,2.6860797816785142,1.3214978183214843,5,0.19999999999999998
calendar_29,calendar,2,3,5,2.7466218208439415,1.2609557791560584,5,0.19999999999999998
calendar_29,calendar,2,4,5,2.7813657969572567,1.2262118030427431,5,0.19999999999999998
calendar_29,calendar,2,5,5,2.7762845481589022,1.231293051841096,5,0.19999999999999998
calendar_29,calendar,2,6,5,2.732304705326756,1.275272894673242,5,0.19999999999999998
calendar_29,calendar,2,7,5,2.723222295835804,1.2843553041641969,5,0.19999999999999998
calendar_29,calendar,2,8,5,2.61740224621994,1.3901753537800599,5,0.19999999999999998
calendar_29,calendar,2,9,5,2.9361809714721376,1.0713966285278635,5,0.19999999999999998
calendar_29,calendar,2,0,6,2.888624496245069,1.118953103754931,5,0.19999999999999998
calendar_29,calendar,2,1,6,2.6420461400006054,1.365531459999394,5,0.19999999999999998
calendar_29,calendar,2,2,6,2.764740149803635,1.2428374501963646,5,0.19999999999999998
calendar_29,calendar,2,3,6,2.7416742997402905,1.2659033002597098,5,0.19999999999999998
calendar_29,calendar,2,4,6,2.7533227105959592,1.2542548894040406,5,0.19999999999999998
calendar_29,calendar,2,5,6,2.717135030588789,1.2904425694112107,5,0.19999999999999998
calendar_29,calendar,2,6,6,2.724728506400353,1.2828490935996475,5,0.19999999999999998
calendar_29,calendar,2,7,6,2.7397413988937447,1.2678362011062543,5,0.19999999999999998
calendar_29,calendar,2,8,6,2.6438680906658476,1.363709509334153,5,0.19999999999999998
calendar_29,calendar,2,9,6,2.971805753884989,1.0357718461150116,5,0.19999999999999998
calendar_29,calendar,2,0,7,2.9332351104109353,1.074342489589065,5,0.19999999999999998
calendar_29,calendar,2,1,7,2.687057967523214,1.3205196324767865,5,0.19999999999999998
calendar_29,calendar,2,2,7,2.765280944459068,1.2422966555409318,5,0.19999999999999998
calendar_29,calendar,2,3,7,2.7104462212445073,1.2971313787554917,5,0.19999999999999998
calendar_29,calendar,2,4,7,2.7501059309867504,1.2574716690132495,5,0.19999999999999998
calendar_29,calendar,2,5,7,2.7165219748796723,1.2910556251203267,5,0.19999999999999998
calendar_29,calendar,2,6,7,2.6958143031605637,1.3117632968394364,5,0.19999999999999998
calendar_29,calendar,2,7,7,2.712481362772451,1.2950962372275485,5,0.19999999999999998
calendar_29,calendar,2,8,7,2.6811652336379326,1.3264123663620675,5,0.19999999999999998
calendar_29,calendar,2,9,7,2.957137222132078,1.0504403778679214,5,0.19999999999999998
calendar_29,calendar,2,0,8,2.840617027422535,1.166960572577463,5,0.19999999999999998
calendar_29,calendar,2,1,8,2.55766443917879,1.44991316082121,5,0.19999999999999998
calendar_29,calendar,2,2,8,2.626655614533827,1.3809219854661732,5,0.19999999999999998
calendar_29,calendar,2,3,8,2.661820066837206,1.3457575331627936,5,0.19999999999999998
calendar_29,calendar,2,4,8,2.6628064517330943,1.3447711482669065,5,0.19999999999999998
calendar_29,calendar,2,5,8,2.655597350870068,1.351980249129932,5,0.19999999999999998
calendar_29,calendar,2,6,8,2.57553614646257,1.4320414535374304,5,0.19999999999999998
calendar_29,calendar,2,7,8,2.6262198236309673,1.3813577763690337,5,0.19999999999999998
calendar_29,calendar,2,8,8,2.5735887261260455,1.4339888738739546,5,0.19999999999999998
calendar_29,calendar,2,9,8,2.8487826116352553,1.158794988364746,5,0.19999999999999998
calendar_29,calendar,2,0,9,3.1464428256976467,0.8611347743023522,5,0.19999999999999998
calendar_29,calendar,2,1,9,2.8672908522848473,1.140286747715153,5,0.19999999999999998
calendar_29,calendar,2,2,9,2.878358548826195,1.1292190511738052,5,0.19999999999999998
calendar_29,calendar,2,3,9,2.8609695145281138,1.1466080854718868,5,0.19999999999999998
calendar_29,calendar,2,4,9,2.900513275668241,1.1070643243317593,5,0.19999999999999998
calendar_29,calendar,2,5,9,2.9366638667008442,1.070913733299155,5,0.19999999999999998
calendar_29,calendar,2,6,9,2.940299674083977,1.0672779259160232,5,0.19999999999999998
calendar_29,calendar,2,7,9,2.9105199080319197,1.0970576919680817,5,0.19999999999999998
calendar_29,calendar,2,8,9,2.8093777233379615,1.1981998766620383,5,0.19999999999999998
calendar_29,calendar,2,9,9,3.1396874214847403,0.8678901785152608,5,0.19999999999999998
calendar_27,calendar,3,0,0,2.9190168177091436,1.088560782290855,5,0.3
calendar_27,calendar,3,1,0,2.6056413628584334,1.4019362371415665,5,0.3
calendar_27,calendar,3,2,0,2.7096772799469644,1.2979003200530355,5,0.3
calendar_27,calendar,3,3,0,2.808945049226461,1.1986325507735394,5,0.3
calendar_27,calendar,3,4,0,2.7922455526677226,1.2153320473322775,5,0.3
calendar_27,calendar,3,5,0,2.8139571928901823,1.1936204071098173,5,0.3
calendar_27,calendar,3,6,0,2.7576319932687223,1.249945606731278,5,0.3
calendar_27,calendar,3,7,0,2.6646417316457836,1.3429358683542167,5,0.3
calendar_27,calendar,3,8,0,2.6196270212236197,1.3879505787763804,5,0.3
calendar_27,calendar,3,9,0,2.925919613764611,1.081657986235389,5,0.3
calendar_27,calendar,3,0,1,2.6135759508820247,1.3940016491179754,5,0.3
calendar_27,calendar,3,1,1,2.358347146021894,1.6492304539781062,5,0.3
calendar_27,calendar,3,2,1,2.425497810918049,1.5820797890819516,5,0.3
calendar_27,calendar,3,3,1,2.413931153671058,1.5936464463289428,5,0.3
calendar_27,calendar,3,4,1,2.475541218289782,1.5320363817102187,5,0.3
calendar_27,calendar,3,5,1,2.49554427085766,1.5120333291423407,5,0.3
calendar_27,calendar,3,6,1,2.4461000228297167,1.5614775771702833,5,0.3
calendar_27,calendar,3,7,1,2.3971621276394433,1.6104154723605577,5,0.3
calendar_27,calendar,3,8,1,2.3759776478339765,1.6315999521660243,5,0.3
calendar_27,calendar,3,9,1,2.644737179869394,1.362840420130606,5,0.3
calendar_27,calendar,3,0,2,2.6911670236460963,1.3164105763539045,5,0.3
calendar_27,calendar,3,1,2,2.4265958964484287,1.580981703551571,5,0.3
calendar_27,calendar,3,2,2,2.454029279026086,1.5535483209739147,5,0.3
calendar_27,calendar,3,3,2,2.539364778066248,1.4682128219337525,5,0.3
calendar_27,calendar,3,4,2,2.509058212041153,1.4985193879588479,5,0.3
calendar_27,calendar,3,5,2,2.5539590229502296,1.4536185770497707,5,0.3
calendar_27,calendar,3,6,2,2.522213402992854,1.4853641970071454,5,0.3
calendar_27,calendar,3,7,2,2.527356381593951,1.4802212184060484,5,0.3
calendar_27,calendar,3,8,2,2.414733852930406,1.5928437470695942,5,0.3
calendar_27,calendar,3,9,2,2.703013909732001,1.304563690267999,5,0.3
calendar_27,calendar,3,0,3,2.718636125066977,1.2889414749330235,5,0.3
calendar_27,calendar,3,1,3,2.4496721937769594,1.5579054062230402,5,0.3
calendar_27,calendar,3,2,3,2.4696740128102137,1.537903587189787,5,0.3
calendar_27,calendar,3,3,3,2.545032496810943,1.462545103189056,5,0.3
calendar_27,calendar,3,4,3,2.5122025547981206,1.4953750452018801,5,0.3
calendar_27,calendar,3,5,3,2.5493966169469378,1.4581809830530617,5,0.3
calendar_27,calendar,3,6,3,2.5328853146636146,1.4746922853363862,5,0.3
calendar_27,calendar,3,7,3,2.527637329811829,1.4799402701881714,5,0.3
calendar_27,calendar,3,8,3,2.4882413780915678,1.519336221908432,5,0.3
calendar_27,calendar,3,9,3,2.7137603446594567,1.293817255340542,5,0.3
calendar_27,calendar,3,0,4,2.7123697337814496,1.2952078662185504,5,0.3
calendar_27,calendar,3,1,4,2.4570555562491743,1.550522043750826,5,0.3
calendar_27,calendar,3,2,4,2.5271377295541053,1.480439870445895,5,0.3
calendar_27,calendar,3,3,4,2.5227870684454805,1.4847905315545202,5,0.3
calendar_27,calendar,3,4,4,2.5346128976327296,1.4729647023672712,5,0.3
calendar_27,calendar,3,5,4,2.569332000985787,1.4382455990142133,5,0.3
calendar_27,calendar,3,6,4,2.5537982009225617,1.453779399077439,5,0.3
calendar_27,calendar,3,7,4,2.5562050008927852,1.4513725991072142,5,0.3
calendar_27,calendar,3,8,4,2.434960038826551,1.5726175611734496,5,0.3
calendar_27,calendar,3,9,4,2.739306269359675,1.2682713306403244,5,0.3
calendar_27,calendar,3,0,5,2.8358728392482213,1.1717047607517785,5,0.3
calendar_27,calendar,3,1,5,2.4484911103864238,1.559086489613576,5,0.3
calendar_27,calendar,3,2,5,2.5389635599546336,1.4686140400453669,5,0.3
calendar_27,calendar,3,3,5,2.543033233874961,1.4645443661250386,5,0.3
calendar_27,calendar,3,4,5,2.5659281251554327,1.4416494748445678,5,0.3
calendar_27,calendar,3,5,5,2.5614333028016647,1.4461442971983354,5,0.3
calendar_27,calendar,3,6,5,2.509678553440621,1.4978990465593796,5,0.3
calendar_27,calendar,3,7,5,2.505456018542024,1.5021215814579765,5,0.3
calendar_27,calendar,3,8,5,2.477603930491241,1.529973669508759,5,0.3
calendar_27,calendar,3,9,5,2.751501454151967,1.2560761458480336,5,0.3
calendar_27,calendar,3,0,6,2.8275071785394825,1.1800704214605184,5,0.3
calendar_27,calendar,3,1,6,2.470789280885613,1.5367883191143867,5,0.3
calendar_27,calendar,3,2,6,2.520300313424378,1.4872772865756216,5,0.3
calendar_27,calendar,3,3,6,2.559954655400679,1.4476229445993216,5,0.3
calendar_27,calendar,3,4,6,2.5507559335679453,1.4568216664320548,5,0.3
calendar_27,calendar,3,5,6,2.526887397938689,1.4806902020613115,5,0.3
calendar_27,calendar,3,6,6,2.5605204536358372,1.4470571463641622,5,0.3
calendar_27,calendar,3,7,6,2.565745652700359,1.4418319472996417,5,0.3
calendar_27,calendar,3,8,6,2.4275524483723365,1.580025151627663,5,0.3
calendar_27,calendar,3,9,6,2.7411963073207337,1.2663812926792661,5,0.3
calendar_27,calendar,3,0,7,2.6669873349629962,1.3405902650370032,5,0.3
calendar_27,calendar,3,1,7,2.416256376900353,1.5913212230996467,5,0.3
calendar_27,calendar,3,2,7,2.537152988295757,1.470424611704242,5,0.3
calendar_27,calendar,3,3,7,2.50589558962009,1.5016820103799111,5,0.3
calendar_27,calendar,3,4,7,2.5122765368442344,1.4953010631557655,5,0.3
calendar_27,calendar,3,5,7,2.536584226171468,1.4709933738285326,5,0.3
calendar_27,calendar,3,6,7,2.5092932204639995,1.4982843795360004,5,0.3
calendar_27,calendar,3,7,7,2.5247578820694465,1.4828197179305533,5,0.3
calendar_27,calendar,3,8,7,2.4556753386001184,1.5519022613998825,5,0.3
calendar_27,calendar,3,9,7,2.6823814050635257,1.325196194936474,5,0.3
calendar_27,calendar,3,0,8,2.5743876418287415,1.4331899581712582,5,0.3
calendar_27,calendar,3,1,8,2.375670147142763,1.6319074528572375,5,0.3
calendar_27,calendar,3,2,8,2.4141378915792213,1.5934397084207794,5,0.3
calendar_27,calendar,3,3,8,2.4748542547517003,1.5327233452483002,5,0.3
calendar_27,calendar,3,4,8,2.4662773636081594,1.5413002363918409,5,0.3
calendar_27,calendar,3,5,8,2.4799206629364536,1.5276569370635462,5,0.3
calendar_27,calendar,3,6,8,2.4424869258981756,1.5650906741018247,5,0.3
calendar_27,calendar,3,7,8,2.4333175075846065,1.5742600924153933,5,0.3
calendar_27,calendar,3,8,8,2.384690113812492,1.6228874861875082,5,0.3
calendar_27,calendar,3,9,8,2.6801235340298986,1.3274540659701015,5,0.3
calendar_27,calendar,3,0,9,2.9040750814066887,1.1035025185933114,5,0.3
calendar_27,calendar,3,1,9,2.5923799079662366,1.4151976920337643,5,0.3
calendar_27,calendar,3,2,9,2.7260004437127474,1.2815771562872522,5,0.3
calendar_27,calendar,3,3,9,2.67824158255251,1.3293360174474904,5,0.3
calendar_27,calendar,3,4,9,2.754413201998036,1.2531643980019636,5,0.3
calendar_27,calendar,3,5,9,2.848272054135862,1.1593055458641373,5,0.3
calendar_27,calendar,3,6,9,2.825278186867191,1.1822994131328088,5,0.3
calendar_27,calendar,3,7,9,2.7647147510578858,1.242862848942114,5,0.3
calendar_27,calendar,3,8,9,2.638647644043679,1.3689299559563215,5,0.3
calendar_27,calendar,3,9,9,3.0379438106627252,0.9696337893372752,5,0.3
calendar_28,calendar,3,0,0,2.974347640090095,1.033229959909905,5,0.3
calendar_28,calendar,3,1,0,2.6167551368248176,1.3908224631751813,5,0.3
calendar_28,calendar,3,2,0,2.7085103016757466,1.299067298324254,5,0.3
calendar_28,calendar,3,3,0,2.775779799314866,1.2317978006851353,5,0.3
calendar_28,calendar,3,4,0,2.8265519357304782,1.1810256642695214,5,0.3
calendar_28,calendar,3,5,0,2.7709436331475406,1.2366339668524595,5,0.3
calendar_28,calendar,3,6,0,2.7816633386509957,1.2259142613490042,5,0.3
calendar_28,calendar,3,7,0,2.7828639345281867,1.224713665471813,5,0.3
calendar_28,calendar,3,8,0,2.6674266145149335,1.340150985485067,5,0.3
calendar_28,calendar,3,9,0,2.9714509661427138,1.0361266338572872,5,0.3
calendar_28,calendar,3,0,1,2.6181199336526926,1.3894576663473066,5,0.3
calendar_28,calendar,3,1,1,2.3956648376344774,1.6119127623655225,5,0.3
calendar_28,calendar,3,2,1,2.4131431884068943,1.5944344115931068,5,0.3
calendar_28,calendar,3,3,1,2.5081498219748055,1.4994277780251932,5,0.3
calendar_28,calendar,3,4,1,2.467800788034064,1.539776811965936,5,0.3
calendar_28,calendar,3,5,1,2.4347554997121446,1.5728221002878562,5,0.3
calendar_28,calendar,3,6,1,2.4565229207732595,1.5510546792267412,5,0.3
calendar_28,calendar,3,7,1,2.4767242815297865,1.5308533184702133,5,0.3
calendar_28,calendar,3,8,1,2.4092051690250704,1.598372430974929,5,0.3
calendar_28,calendar,3,9,1,2.66092599387862,1.34665160612138,5,0.3
calendar_28,calendar,3,0,2,2.6509677381762264,1.3566098618237743,5,0.3
calendar_28,calendar,3,1,2,2.455710685372057,1.5518669146279425,5,0.3
calendar_28,calendar,3,2,2,2.460922982824841,1.546654617175159,5,0.3
calendar_28,calendar,3,3,2,2.528954821435252,1.478622778564748,5,0.3
calendar_28,calendar,3,4,2,2.4841448209439627,1.523432779056038,5,0.3
calendar_28,calendar,3,5,2,2.4532331302021206,1.5543444697978797,5,0.3
calendar_28,calendar,3,6,2,2.4453477128849848,1.562229887115015,5,0.3
calendar_28,calendar,3,7,2,2.496439434376212,1.511138165623788,5,0.3
calendar_28,calendar,3,8,2,2.437042872706674,1.5705347272933259,5,0.3
calendar_28,calendar,3,9,2,2.712129705350362,1.2954478946496364,5,0.3
calendar_28,calendar,3,0,3,2.7012595596098254,1.3063180403901735,5,0.3
calendar_28,calendar,3,1,3,2.3949026584314694,1.6126749415685313,5,0.3
calendar_28,calendar,3,2,3,2.505117277011938,1.502460322988062,5,0.3
calendar_28,calendar,3,3,3,2.4975954619724408,1.5099821380275595,5,0.3
calendar_28,calendar,3,4,3,2.524369108098097,1.483208491901903,5,0.3
calendar_28,calendar,3,5,3,2.5355635737759346,1.4720140262240653,5,0.3
calendar_28,calendar,3,6,3,2.48933136432412,1.5182462356758806,5,0.3
calendar_28,calendar,3,7,3,2.5300483123201642,1.4775292876798358,5,0.3
calendar_28,calendar,3,8,3,2.4767881614896194,1.5307894385103802,5,0.3
calendar_28,calendar,3,9,3,2.7392025045741146,1.2683750954258852,5,0.3
calendar_28,calendar,3,0,4,2.7392342731990937,1.2683433268009063,5,0.3
calendar_28,calendar,3,1,4,2.4662702898305646,1.5413073101694361,5,0.3
calendar_28,calendar,3,2,4,2.5184080515253875,1.4891695484746126,5,0.3
calendar_28,calendar,3,3,4,2.544044051778723,1.4635335482212768,5,0.3
calendar_28,calendar,3,4,4,2.551692859611986,1.4558847403880142,5,0.3
calendar_28,calendar,3,5,4,2.576291098906312,1.4312865010936875,5,0.3
calendar_28,calendar,3,6,4,2.527422080823135,1.4801555191768654,5,0.3
calendar_28,calendar,3,7,4,2.510269092178433,1.4973085078215669,5,0.3
calendar_28,calendar,3,8,4,2.4968693819042787,1.5107082180957216,5,0.3
calendar_28,calendar,3,9,4,2.7241302971476595,1.2834473028523405,5,0.3
calendar_28,calendar,3,0,5,2.76506047769102,1.24251712230898,5,0.3
calendar_28,calendar,3,1,5,2.4527018352558403,1.5548757647441607,5,0.3
calendar_28,calendar,3,2,5,2.5143128526138696,1.493264747386131,5,0.3
calendar_28,calendar,3,3,5,2.506524747467951,1.50105285253205,5,0.3
calendar_28,calendar,3,4,5,2.5352399164320687,1.472337683567931,5,0.3
calendar_28,calendar,3,5,5,2.5732969633424534,1.4342806366575465,5,0.3
calendar_28,calendar,3,6,5,2.5236019680552837,1.483975631944717,5,0.3
calendar_28,calendar,3,7,5,2.553476831838922,1.4541007681610774,5,0.3
calendar_28,calendar,3,8,5,2.4521116000457206,1.55546599995428,5,0.3
calendar_28,calendar,3,9,5,2.7185166766667117,1.289060923333288,5,0.3
calendar_28,calendar,3,0,6,2.7115247647683236,1.2960528352316758,5,0.3
calendar_28,calendar,3,1,6,2.4426535931625084,1.5649240068374923,5,0.3
calendar_28,calendar,3,2,6,2.4825186410493183,1.5250589589506804,5,0.3
calendar_28,calendar,3,3,6,2.5595494537749146,1.448028146225086,5,0.3
calendar_28,calendar,3,4,6,2.584545835523756,1.4230317644762434,5,0.3
calendar_28,calendar,3,5,6,2.5344519311186926,1.473125668881307,5,0.3
calendar_28,calendar,3,6,6,2.5289378987401556,1.4786397012598451,5,0.3
calendar_28,calendar,3,7,6,2.5176792819131486,1.4898983180868508,5,0.3
calendar_28,calendar,3,8,6,2.4509100261362247,1.556667573863776,5,0.3
calendar_28,calendar,3,9,6,2.7303187281156442,1.277258871884356,5,0.3
calendar_28,calendar,3,0,7,2.7177722569301195,1.2898053430698797,5,0.3
calendar_28,calendar,3,1,7,2.3861957670816882,1.6213818329183116,5,0.3
calendar_28,calendar,3,2,7,2.485927254771763,1.521650345228238,5,0.3
calendar_28,calendar,3,3,7,2.538174210318518,1.4694033896814815,5,0.3
calendar_28,calendar,3,4,7,2.5114991198247645,1.4960784801752356,5,0.3
calendar_28,calendar,3,5,7,2.5163199057179786,1.4912576942820224,5,0.3
calendar_28,calendar,3,6,7,2.5126204553838836,1.4949571446161158,5,0.3
calendar_28,calendar,3,7,7,2.529127213412897,1.4784503865871035,5,0.3
calendar_28,calendar,3,8,7,2.4623793109134695,1.5451982890865308,5,0.3
calendar_28,calendar,3,9,7,2.7576026626054637,1.2499749373945361,5,0.3
calendar_28,calendar,3,0,8,2.6437810458469237,1.3637965541530768,5,0.3
calendar_28,calendar,3,1,8,2.406304824828901,1.6012727751710991,5,0.3
calendar_28,calendar,3,2,8,2.4139919683356745,1.593585631664325,5,0.3
calendar_28,calendar,3,3,8,2.4420807487134404,1.5654968512865604,5,0.3
calendar_28,calendar,3,4,8,2.426003291343263,1.5815743086567375,5,0.3
calendar_28,calendar,3,5,8,2.43993178119861,1.5676458188013904,5,0.3
calendar_28,calendar,3,6,8,2.4309620849766125,1.576615515023388,5,0.3
calendar_28,calendar,3,7,8,2.4834586215813066,1.5241189784186944,5,0.3
calendar_28,calendar,3,8,8,2.4127174223841714,1.5948601776158287,5,0.3
calendar_28,calendar,3,9,8,2.6781644653515846,1.3294131346484155,5,0.3
calendar_28,calendar,3,0,9,3.0036440015496306,1.003933598450368,5,0.3
calendar_28,calendar,3,1,9,2.692643750577277,1.314933849422723,5,0.3
calendar_28,calendar,3,2,9,2.7183995912774948,1.2891780087225044,5,0.3
calendar_28,calendar,3,3,9,2.7503623644899444,1.2572152355100552,5,0.3
calendar_28,calendar,3,4,9,2.698245124582395,1.3093324754176041,5,0.3
calendar_28,calendar,3,5,9,2.682266714222821,1.3253108857771776,5,0.3
calendar_28,calendar,3,6,9,2.710476042429732,1.297101557570268,5,0.3
calendar_28,calendar,3,7,9,2.680343617727256,1.3272339822727446,5,0.3
calendar_28,calendar,3,8,9,2.6828283866795575,1.3247492133204424,5,0.3
calendar_28,calendar,3,9,9,3.0503023628972445,0.9572752371027562,5,0.3
calendar_29,calendar,3,0,0,3.0586002360397466,0.9489773639602537,5,0.3
calendar_29,calendar,3,1,0,2.6561516400795897,1.351425959920409,5,0.3
calendar_29,calendar,3,2,0,2.7939855999329244,1.2135920000670755,5,0.3
calendar_29,calendar,3,3,0,2.7703066730970516,1.2372709269029492,5,0.3
calendar_29,calendar,3,4,0,2.8407063983528764,1.1668712016471248,5,0.3
calendar_29,calendar,3,5,0,2.7914018999305763,1.2161757000694235,5,0.3
calendar_29,calendar,3,6,0,2.8452648656469193,1.1623127343530808,5,0.3
calendar_29,calendar,3,7,0,2.6964407779122133,1.3111368220877864,5,0.3
calendar_29,calendar,3,8,0,2.583857665926646,1.4237199340733542,5,0.3
calendar_29,calendar,3,9,0,2.9412102154563384,1.0663673845436619,5,0.3
calendar_29,calendar,3,0,1,2.666384556469196,1.3411930435308042,5,0.3
calendar_29,calendar,3,1,1,2.4572230999564044,1.5503545000435954,5,0.3
calendar_29,calendar,3,2,1,2.424970098797089,1.5826075012029115,5,0.3
calendar_29,calendar,3,3,1,2.5014673633783677,1.5061102366216326,5,0.3
calendar_29,calendar,3,4,1,2.475204965978972,1.5323726340210286,5,0.3
calendar_29,calendar,3,5,1,2.481267397565547,1.526310202434453,5,0.3
calendar_29,calendar,3,6,1,2.4328723268788477,1.574705273121153,5,0.3
calendar_29,calendar,3,7,1,2.4101549221757232,1.5974226778242768,5,0.3
calendar_29,calendar,3,8,1,2.3694193548661278,1.638158245133873,5,0.3
calendar_29,calendar,3,9,1,2.5958757840171525,1.4117018159828465,5,0.3
calendar_29,calendar,3,0,2,2.75861206072219,1.248965539277809,5,0.3
calendar_29,calendar,3,1,2,2.5181649943298297,1.4894126056701695,5,0.3
calendar_29,calendar,3,2,2,2.5453997875268497,1.4621778124731504,5,0.3
calendar_29,calendar,3,3,2,2.552756586713457,1.4548210132865422,5,0.3
calendar_29,calendar,3,4,2,2.5699774288150423,1.437600171184958,5,0.3
calendar_29,calendar,3,5,2,2.498643896050122,1.5089337039498767,5,0.3
calendar_29,calendar,3,6,2,2.483066717045876,1.524510882954124,5,0.3
calendar_29,calendar,3,7,2,2.4849068736450826,1.5226707263549168,5,0.3
calendar_29,calendar,3,8,2,2.438175588304217,1.5694020116957834,5,0.3
calendar_29,calendar,3,9,2,2.7054092284132345,1.3021683715867658,5,0.3
calendar_29,calendar,3,0,3,2.8105009943228976,1.1970766056771018,5,0.3
calendar_29,calendar,3,1,3,2.5938104870721754,1.4137671129278238,5,0.3
calendar_29,calendar,3,2,3,2.637829982700075,1.369747617299924,5,0.3
calendar_29,calendar,3,3,3,2.602018528663442,1.405559071336558,5,0.3
calendar_29,calendar,3,4,3,2.590393470258653,1.4171841297413457,5,0.3
calendar_29,calendar,3,5,3,2.5651267857300617,1.4424508142699384,5,0.3
calendar_29,calendar,3,6,3,2.4766887827184485,1.530888817281552,5,0.3
calendar_29,calendar,3,7,3,2.5121555070133534,1.4954220929866469,5,0.3
calendar_29,calendar,3,8,3,2.407638825974412,1.5999387740255886,5,0.3
calendar_29,calendar,3,9,3,2.7563814388178316,1.2511961611821685,5,0.3
calendar_29,calendar,3,0,4,2.7903728694127388,1.217204730587261,5,0.3
calendar_29,calendar,3,1,4,2.527746653061852,1.4798309469381488,5,0.3
calendar_29,calendar,3,2,4,2.54572318465269,1.4618544153473099,5,0.3
calendar_29,calendar,3,3,4,2.642966078452778,1.3646115215472225,5,0.3
calendar_29,calendar,3,4,4,2.5751192844012003,1.4324583155987998,5,0.3
calendar_29,calendar,3,5,4,2.535768121536229,1.4718094784637712,5,0.3
calendar_29,calendar,3,6,4,2.503024852242399,1.5045527477576017,5,0.3
calendar_29,calendar,3,7,4,2.4634807200673765,1.544096879932623,5,0.3
calendar_29,calendar,3,8,4,2.441849195180515,1.565728404819485,5,0.3
calendar_29,calendar,3,9,4,2.7913382643600784,1.2162393356399213,5,0.3
calendar_29,calendar,3,0,5,2.7502622142422117,1.2573153857577886,5,0.3
calendar_29,calendar,3,1,5,2.4550946473663,1.5524829526336998,5,0.3
calendar_29,calendar,3,2,5,2.5881982438915783,1.4193793561084216,5,0.3
calendar_29,calendar,3,3,5,2.561904504511054,1.445673095488946,5,0.3
calendar_29,calendar,3,4,5,2.5661981811394208,1.4413794188605797,5,0.3
calendar_29,calendar,3,5,5,2.50422748372299,1.5033501162770109,5,0.3
calendar_29,calendar,3,6,5,2.5116164023713634,1.495961197628636,5,0.3
calendar_29,calendar,3,7,5,2.5328784774473467,1.4746991225526533,5,0.3
calendar_29,calendar,3,8,5,2.4302900567485204,1.5772875432514801,5,0.3
calendar_29,calendar,3,9,5,2.7925910593591228,1.214986540640877,5,0.3
calendar_29,calendar,3,0,6,2.714192054239117,1.2933855457608825,5,0.3
calendar_29,calendar,3,1,6,2.474640574379175,1.5329370256208261,5,0.3
calendar_29,calendar,3,2,6,2.5523460546143357,1.4552315453856641,5,0.3
calendar_29,calendar,3,3,6,2.56917671312791,1.43840088687209,5,0.3
calendar_29,calendar,3,4,6,2.5188383125235108,1.4887392874764893,5,0.3
calendar_29,calendar,3,5,6,2.5444395034763008,1.4631380965236986,5,0.3
calendar_29,calendar,3,6,6,2.5576746893859266,1.449902910614073,5,0.3
calendar_29,calendar,3,7,6,2.534078966007352,1.4734986339926486,5,0.3
calendar_29,calendar,3,8,6,2.4792360350355045,1.528341564964496,5,0.3
calendar_29,calendar,3,9,6,2.7400989649103273,1.2674786350896718,5,0.3
calendar_29,calendar,3,0,7,2.68090196862497,1.3266756313750299,5,0.3
calendar_29,calendar,3,1,7,2.4335396788876196,1.5740379211123812,5,0.3
calendar_29,calendar,3,2,7,2.4768591109722027,1.5307184890277978,5,0.3
calendar_29,calendar,3,3,7,2.4915305989703675,1.5160470010296323,5,0.3
calendar_29,calendar,3,4,7,2.5747747541767456,1.432802845823254,5,0.3
calendar_29,calendar,3,5,7,2.5438002087543135,1.4637773912456868,5,0.3
calendar_29,calendar,3,6,7,2.5474626041496924,1.4601149958503075,5,0.3
calendar_29,calendar,3,7,7,2.487812648365335,1.5197649516346647,5,0.3
calendar_29,calendar,3,8,7,2.447395019508708,1.5601825804912912,5,0.3
calendar_29,calendar,3,9,7,2.7875208239061426,1.220056776093858,5,0.3
calendar_29,calendar,3,0,8,2.637817659749249,1.3697599402507519,5,0.3
calendar_29,calendar,3,1,8,2.3633409748515275,1.644236625148472,5,0.3
calendar_29,calendar,3,2,8,2.389280640717242,1.6182969592827587,5,0.3
calendar_29,calendar,3,3,8,2.4472175974497934,1.5603600025502067,5,0.3
calendar_29,calendar,3,4,8,2.5059118017255115,1.5016657982744894,5,0.3
calendar_29,calendar,3,5,8,2.5200894315619675,1.487488168438033,5,0.3
calendar_29,calendar,3,6,8,2.4882058561373537,1.5193717438626468,5,0.3
calendar_29,calendar,3,7,8,2.44992803686755,1.5576495631324505,5,0.3
calendar_29,calendar,3,8,8,2.3464898615859267,1.6610877384140732,5,0.3
calendar_29,calendar,3,9,8,2.6185405112327578,1.389037088767242,5,0.3
calendar_29,calendar,3,0,9,2.9721100482499754,1.0354675517500234,5,0.3
calendar_29,calendar,3,1,9,2.659939541450871,1.3476380585491285,5,0.3
calendar_29,calendar,3,2,9,2.6762489501151565,1.3313286498848427,5,0.3
calendar_29,calendar,3,3,9,2.7923307052640247,1.2152468947359747,5,0.3
calendar_29,calendar,3,4,9,2.711907021328554,1.2956705786714455,5,0.3
calendar_29,calendar,3,5,9,2.7962849684670834,1.211292631532917,5,0.3
calendar_29,calendar,3,6,9,2.8013989111345037,1.206178688865496,5,0.3
calendar_29,calendar,3,7,9,2.7356685665154483,1.2719090334845526,5,0.3
calendar_29,calendar,3,8,9,2.6120780525085103,1.395499547491489,5,0.3
calendar_29,calendar,3,9,9,2.9555290125343543,1.0520485874656464,5,0.3
threshold_30,threshold,1,0,0,3.3410999455916826,0.6664776544083191,6,0.12000000000000001
threshold_30,threshold,1,1,0,3.3098064242502807,0.6977711757497206,7,0.14
threshold_30,threshold,1,2,0,3.321073392677765,0.686504207322236,7,0.14
threshold_30,threshold,1,3,0,3.3118867991386116,0.6956908008613878,7,0.14
threshold_30,threshold,1,4,0,3.2984970215145046,0.7090805784854951,7,0.14
threshold_30,threshold,1,5,0,3.3175518742580152,0.690025725741985,7,0.14
threshold_30,threshold,1,6,0,3.320663769797657,0.6869138302023421,7,0.14
threshold_30,threshold,1,7,0,3.3155016259392056,0.6920759740607946,7,0.14
threshold_30,threshold,1,8,0,3.2908823205516655,0.7166952794483349,8,0.16
threshold_30,threshold,1,9,0,3.3505986099491616,0.656978990050839,5,0.1
threshold_30,threshold,1,0,1,3.316038906693918,0.6915386933060816,8,0.16
threshold_30,threshold,1,1,1,3.2047899399815756,0.8027876600184234,10,0.19999999999999998
threshold_30,threshold,1,2,1,3.2531090554087854,0.7544685445912153,9,0.18
threshold_30,threshold,1,3,1,3.2535865691862558,0.753991030813744,10,0.19999999999999998
threshold_30,threshold,1,4,1,3.2769667700820766,0.7306108299179238,10,0.19999999999999998
threshold_30,threshold,1,5,1,3.2499526201345583,0.7576249798654417,8,0.16
threshold_30,threshold,1,6,1,3.2442257183516796,0.76335188164832,10,0.19999999999999998
threshold_30,threshold,1,7,1,3.239477378124907,0.7681002218750923,9,0.18
threshold_30,threshold,1,8,1,3.1479549520322,0.8596226479678006,10,0.19999999999999998
threshold_30,threshold,1,9,1,3.2958096407133923,0.7117679592866085,8,0.16
threshold_30,threshold,1,0,2,3.3051485969464176,0.7024290030535824,7,0.14
threshold_30,threshold,1,1,2,3.2472867424685568,0.7602908575314444,9,0.18
threshold_30,threshold,1,2,2,3.29511693169638,0.7124606683036213,9,0.18
threshold_30,threshold,1,3,2,3.2795942521596637,0.727983347840337,9,0.18
threshold_30,threshold,1,4,2,3.315792898201693,0.6917847017983059,9,0.18
threshold_30,threshold,1,5,2,3.2859636672490247,0.7216139327509744,9,0.18
threshold_30,threshold,1,6,2,3.305911630540631,0.701665969459371,8,0.16
threshold_30,threshold,1,7,2,3.3157384951687305,0.6918391048312696,8,0.16
threshold_30,threshold,1,8,2,3.302464695092224,0.7051129049077762,9,0.18
threshold_30,threshold,1,9,2,3.31900084930032,0.6885767506996783,8,0.16
threshold_30,threshold,1,0,3,3.3062423331793354,0.701335266820665,8,0.16
threshold_30,threshold,1,1,3,3.275645737189249,0.7319318628107506,9,0.18
threshold_30,threshold,1,2,3,3.303864963675272,0.7037126363247274,9,0.18
threshold_30,threshold,1,3,3,3.3077799549301274,0.6997976450698736,8,0.16
threshold_30,threshold,1,4,3,3.284640812121666,0.7229367878783345,9,0.18
threshold_30,threshold,1,5,3,3.2860493633383077,0.721528236661691,7,0.14
threshold_30,threshold,1,6,3,3.276469404931272,0.7311081950687277,8,0.16
threshold_30,threshold,1,7,3,3.31423132878118,0.6933462712188218,9,0.18
threshold_30,threshold,1,8,3,3.2558882234228377,0.7516893765771623,9,0.18
threshold_30,threshold,1,9,3,3.316306166733647,0.6912714332663527,6,0.12000000000000001
threshold_30,threshold,1,0,4,3.3134409872230295,0.6941366127769701,7,0.14
threshold_30,threshold,1,1,4,3.22223469161293,0.7853429083870694,10,0.19999999999999998
threshold_30,threshold,1,2,4,3.2900459835393976,0.7175316164606033,9,0.18
threshold_30,threshold,1,3,4,3.275260730294602,0.7323168697053979,9,0.18
threshold_30,threshold,1,4,4,3.295350656911758,0.7122269430882413,8,0.16
threshold_30,threshold,1,5,4,3.3155192999965704,0.6920583000034293,8,0.16
threshold_30,threshold,1,6,4,3.321947756132603,0.6856298438673976,9,0.18
threshold_30,threshold,1,7,4,3.287831317610866,0.719746282389134,8,0.16
threshold_30,threshold,1,8,4,3.2871550215903875,0.7204225784096118,8,0.16
threshold_30,threshold,1,9,4,3.319303769933457,0.6882738300665432,8,0.16
threshold_30,threshold,1,0,5,3.2913889243894743,0.7161886756105268,7,0.14
threshold_30,threshold,1,1,5,3.233181274792932,0.7743963252070671,10,0.19999999999999998
threshold_30,threshold,1,2,5,3.271392760550286,0.7361848394497154,8,0.16
threshold_30,threshold,1,3,5,3.3204537947990485,0.6871238052009498,8,0.16
threshold_30,threshold,1,4,5,3.320254935209789,0.6873226647902106,8,0.16
threshold_30,threshold,1,5,5,3.3122134970650268,0.6953641029349734,9,0.18
threshold_30,threshold,1,6,5,3.290299942434856,0.7172776575651432,8,0.16
threshold_30,threshold,1,7,5,3.2697042111792953,0.7378733888207042,8,0.16
threshold_30,threshold,1,8,5,3.2650790257490225,0.7424985742509776,9,0.18
threshold_30,threshold,1,9,5,3.340027121156096,0.6675504788439046,7,0.14
threshold_30,threshold,1,0,6,3.3177366494372547,0.6898409505627444,7,0.14
threshold_30,threshold,1,1,6,3.2615719961930765,0.7460056038069238,10,0.19999999999999998
threshold_30,threshold,1,2,6,3.3052711202139773,0.7023064797860238,9,0.18
threshold_30,threshold,1,3,6,3.2923150075418004,0.7152625924581991,9,0.18
threshold_30,threshold,1,4,6,3.319117327011113,0.6884602729888863,8,0.16
threshold_30,threshold,1,5,6,3.3050521036992007,0.7025254963007991,8,0.16
threshold_30,threshold,1,6,6,3.3042191976919053,0.7033584023080944,9,0.18
threshold_30,threshold,1,7,6,3.3095242073699724,0.698053392630028,8,0.16
threshold_30,threshold,1,8,6,3.26757407253551,0.7400035274644898,9,0.18
threshold_30,threshold,1,9,6,3.3359597623819877,0.6716178376180131,7,0.14
threshold_30,threshold,1,0,7,3.3168642545949303,0.6907133454050711,7,0.14
threshold_30,threshold,1,1,7,3.2714391402611778,0.7361384597388221,9,0.18
threshold_30,threshold,1,2,7,3.2760740750695945,0.7315035249304067,9,0.18
threshold_30,threshold,1,3,7,3.273489426092055,0.734088173907946,8,0.16
threshold_30,threshold,1,4,7,3.293955807442107,0.713621792557894,8,0.16
threshold_30,threshold,1,5,7,3.2989345739043596,0.7086430260956421,8,0.16
threshold_30,threshold,1,6,7,3.3122164240844096,0.6953611759155911,9,0.18
threshold_30,threshold,1,7,7,3.2937514475830016,0.7138261524169989,8,0.16
threshold_30,threshold,1,8,7,3.272702491253065,0.7348751087469353,9,0.18
threshold_30,threshold,1,9,7,3.3204869806027624,0.6870906193972377,8,0.16
threshold_30,threshold,1,0,8,3.290364884532108,0.7172127154678916,9,0.18
threshold_30,threshold,1,1,8,3.1886476040867366,0.8189299959132629,10,0.19999999999999998
threshold_30,threshold,1,2,8,3.262333561575159,0.7452440384248411,10,0.19999999999999998
threshold_30,threshold,1,3,8,3.277296763545591,0.7302808364544093,9,0.18
threshold_30,threshold,1,4,8,3.262205768775356,0.745371831224643,9,0.18
threshold_30,threshold,1,5,8,3.2337819608505534,0.7737956391494468,10,0.19999999999999998
threshold_30,threshold,1,6,8,3.235389516400963,0.7721880835990373,9,0.18
threshold_30,threshold,1,7,8,3.2579654076233253,0.7496121923766748,9,0.18
threshold_30,threshold,1,8,8,3.200656564691698,0.8069210353083024,10,0.19999999999999998
threshold_30,threshold,1,9,8,3.2861832283014,0.7213943716986009,9,0.18
threshold_30,threshold,1,0,9,3.329392320551837,0.6781852794481616,6,0.12000000000000001
threshold_30,threshold,1,1,9,3.3072402810559773,0.7003373189440211,8,0.16
threshold_30,threshold,1,2,9,3.3295688238115657,0.678008776188435,7,0.14
threshold_30,threshold,1,3,9,3.3322738851857934,0.675303714814207,8,0.16
threshold_30,threshold,1,4,9,3.3475041182451295,0.6600734817548704,7,0.14
threshold_30,threshold,1,5,9,3.3191931636676593,0.6883844363323399,7,0.14
threshold_30,threshold,1,6,9,3.3337073600811507,0.6738702399188483,7,0.14
threshold_30,threshold,1,7,9,3.2978101676273512,0.7097674323726482,7,0.14
threshold_30,threshold,1,8,9,3.2733408504273185,0.7342367495726829,9,0.18
threshold_30,threshold,1,9,9,3.332048324020967,0.6755292759790337,5,0.1
threshold_31,threshold,1,0,0,3.3426463202481904,0.6649312797518099,4,0.08
threshold_31,threshold,1,1,0,3.299302572818853,0.7082750271811469,8,0.16
threshold_31,threshold,1,2,0,3.306409435830836,0.701168164169163,6,0.12000000000000001
threshold_31,threshold,1,3,0,3.3274177481889153,0.680159851811084,7,0.14
threshold_31,threshold,1,4,0,3.3004535276021802,0.7071240723978198,7,0.14
threshold_31,threshold,1,5,0,3.314473222017644,0.6931043779823547,8,0.16
threshold_31,threshold,1,6,0,3.318120331823828,0.6894572681761723,7,0.14
threshold_31,threshold,1,7,0,3.30549444310852,0.7020831568914804,7,0.14
threshold_31,threshold,1,8,0,3.3106586885078957,0.6969189114921049,8,0.16
threshold_31,threshold,1,9,0,3.3197225856863337,0.6878550143136672,5,0.1
threshold_31,threshold,1,0,1,3.304820081083124,0.7027575189168761,8,0.16
threshold_31,threshold,1,1,1,3.1873571637582816,0.8202204362417186,10,0.19999999999999998
threshold_31,threshold,1,2,1,3.235034816386471,0.7725427836135292,10,0.19999999999999998
threshold_31,threshold,1,3,1,3.2750982979686483,0.7324793020313521,9,0.18
threshold_31,threshold,1,4,1,3.2534504601746694,0.7541271398253311,10,0.19999999999999998
threshold_31,threshold,1,5,1,3.2600574377264167,0.7475201622735828,10,0.19999999999999998
threshold_31,threshold,1,6,1,3.245721371676794,0.7618562283232057,9,0.18
threshold_31,threshold,1,7,1,3.245476923563064,0.7621006764369372,9,0.18
threshold_31,threshold,1,8,1,3.137133882176716,0.8704437178232829,10,0.19999999999999998
threshold_31,threshold,1,9,1,3.286420403397255,0.7211571966027432,8,0.16
threshold_31,threshold,1,0,2,3.3157045928309237,0.6918730071690764,7,0.14
threshold_31,threshold,1,1,2,3.2443383312598595,0.7632392687401398,9,0.18
threshold_31,threshold,1,2,2,3.2629355049751245,0.7446420950248753,9,0.18
threshold_31,threshold,1,3,2,3.3036515557043287,0.7039260442956724,8,0.16
threshold_31,threshold,1,4,2,3.282700230506555,0.7248773694934459,8,0.16
threshold_31,threshold,1,5,2,3.278905524573291,0.7286720754267084,8,0.16
threshold_31,threshold,1,6,2,3.3002929247135224,0.7072846752864779,8,0.16
threshold_31,threshold,1,7,2,3.2857961801401188,0.7217814198598808,9,0.18
threshold_31,threshold,1,8,2,3.2277252392740894,0.7798523607259096,10,0.19999999999999998
threshold_31,threshold,1,9,2,3.2776428264897994,0.7299347735102019,7,0.14
threshold_31,threshold,1,0,3,3.3462888244671296,0.6612887755328698,6,0.12000000000000001
threshold_31,threshold,1,1,3,3.3030137835162727,0.7045638164837285,9,0.18
threshold_31,threshold,1,2,3,3.315520185122466,0.6920574148775341,8,0.16
threshold_31,threshold,1,3,3,3.2797179127943976,0.7278596872056027,9,0.18
threshold_31,threshold,1,4,3,3.305085112599802,0.7024924874001982,9,0.18
threshold_31,threshold,1,5,3,3.2936178681003696,0.7139597318996309,9,0.18
threshold_31,threshold,1,6,3,3.2905748591174437,0.7170027408825551,8,0.16
threshold_31,threshold,1,7,3,3.2958967315401737,0.711680868459826,8,0.16
threshold_31,threshold,1,8,3,3.2305190049671433,0.7770585950328563,10,0.19999999999999998
threshold_31,threshold,1,9,3,3.279258582724498,0.7283190172755026,7,0.14
threshold_31,threshold,1,0,4,3.2989686882205236,0.7086089117794778,7,0.14
threshold_31,threshold,1,1,4,3.275953357766415,0.7316242422335857,8,0.16
threshold_31,threshold,1,2,4,3.305206465554291,0.7023711344457092,9,0.18
threshold_31,threshold,1,3,4,3.3051981082856132,0.7023794917143874,8,0.16
threshold_31,threshold,1,4,4,3.3049188355428147,0.7026587644571859,8,0.16
threshold_31,threshold,1,5,4,3.308285479898966,0.6992921201010356,8,0.16
threshold_31,threshold,1,6,4,3.329631234660066,0.6779463653399321,8,0.16
threshold_31,threshold,1,7,4,3.2967171910878537,0.710860408912147,8,0.16
threshold_31,threshold,1,8,4,3.2620223576622935,0.745555242337707,9,0.18
threshold_31,threshold,1,9,4,3.2959616776083362,0.7116159223916655,7,0.14
threshold_31,threshold,1,0,5,3.330225340732434,0.677352259267567,7,0.14
threshold_31,threshold,1,1,5,3.2279832246119113,0.7795943753880893,9,0.18
threshold_31,threshold,1,2,5,3.3038688202189683,0.7037087797810324,9,0.18
threshold_31,threshold,1,3,5,3.3014563568331847,0.7061212431668156,9,0.18
threshold_31,threshold,1,4,5,3.2879004149713498,0.7196771850286501,9,0.18
threshold_31,threshold,1,5,5,3.288344150459779,0.7192334495402224,8,0.16
threshold_31,threshold,1,6,5,3.3150952086249244,0.6924823913750763,8,0.16
threshold_31,threshold,1,7,5,3.295525115380466,0.7120524846195341,9,0.18
threshold_31,threshold,1,8,5,3.229597587168562,0.7779800128314378,9,0.18
threshold_31,threshold,1,9,5,3.301324669862442,0.7062529301375582,7,0.14
threshold_31,threshold,1,0,6,3.301410496072827,0.7061671039271734,8,0.16
threshold_31,threshold,1,1,6,3.2522695512082245,0.7553080487917763,9,0.18
threshold_31,threshold,1,2,6,3.285396115350372,0.7221814846496283,7,0.14
threshold_31,threshold,1,3,6,3.306137707764805,0.701439892235194,7,0.14
threshold_31,threshold,1,4,6,3.296161739812008,0.7114158601879913,8,0.16
threshold_31,threshold,1,5,6,3.28407093277714,0.7235066672228608,9,0.18
threshold_31,threshold,1,6,6,3.29218536529786,0.7153922347021404,9,0.18
threshold_31,threshold,1,7,6,3.299731094769689,0.707846505230312,8,0.16
threshold_31,threshold,1,8,6,3.2538117508517734,0.7537658491482263,10,0.19999999999999998
threshold_31,threshold,1,9,6,3.3107508277090147,0.6968267722909853,7,0.14
threshold_31,threshold,1,0,7,3.308898563588969,0.6986790364110308,8,0.16
threshold_31,threshold,1,1,7,3.238983527610037,0.7685940723899627,9,0.18
threshold_31,threshold,1,2,7,3.2690524801033227,0.7385251198966765,8,0.16
threshold_31,threshold,1,3,7,3.313139338085549,0.694438261914451,8,0.16
threshold_31,threshold,1,4,7,3.306945055520417,0.7006325444795819,9,0.18
threshold_31,threshold,1,5,7,3.2948186799751387,0.7127589200248616,9,0.18
threshold_31,threshold,1,6,7,3.3041286647032826,0.703448935296718,8,0.16
threshold_31,threshold,1,7,7,3.309071267199741,0.6985063328002571,8,0.16
threshold_31,threshold,1,8,7,3.258905797327445,0.748671802672555,9,0.18
threshold_31,threshold,1,9,7,3.3312825239906974,0.6762950760093027,7,0.14
threshold_31,threshold,1,0,8,3.311683327652247,0.6958942723477527,8,0.16
threshold_31,threshold,1,1,8,3.1610034948180754,0.8465741051819251,10,0.19999999999999998
threshold_31,threshold,1,2,8,3.2193459287141737,0.7882316712858268,10,0.19999999999999998
threshold_31,threshold,1,3,8,3.237725518578433,0.7698520814215654,9,0.18
threshold_31,threshold,1,4,8,3.268919242197729,0.7386583578022714,9,0.18
threshold_31,threshold,1,5,8,3.2893731681564256,0.7182044318435746,9,0.18
threshold_31,threshold,1,6,8,3.237433393388352,0.7701442066116481,9,0.18
threshold_31,threshold,1,7,8,3.229303146199748,0.7782744538002507,10,0.19999999999999998
threshold_31,threshold,1,8,8,3.2075376383586423,0.8000399616413585,9,0.18
threshold_31,threshold,1,9,8,3.2879673520781543,0.7196102479218469,9,0.18
threshold_31,threshold,1,0,9,3.3262895987315217,0.6812880012684783,5,0.1
threshold_31,threshold,1,1,9,3.3078940890808877,0.6996835109191125,8,0.16
threshold_31,threshold,1,2,9,3.3046609122994828,0.7029166877005163,6,0.12000000000000001
threshold_31,threshold,1,3,9,3.3104974534563496,0.6970801465436496,8,0.16
threshold_31,threshold,1,4,9,3.3075840874291105,0.6999935125708896,7,0.14
threshold_31,threshold,1,5,9,3.319157200212649,0.6884203997873525,7,0.14
threshold_31,threshold,1,6,9,3.346870074817998,0.6607075251820008,7,0.14
threshold_31,threshold,1,7,9,3.3473744984227642,0.6602031015772372,7,0.14
threshold_31,threshold,1,8,9,3.3163077759261665,0.6912698240738326,8,0.16
threshold_31,threshold,1,9,9,3.3331780733017964,0.6743995266982029,6,0.12000000000000001
threshold_32,threshold,1,0,0,3.352425541665625,0.6551520583343752,5,0.1
threshold_32,threshold,1,1,0,3.284758241415857,0.7228193585841456,9,0.18
threshold_32,threshold,1,2,0,3.2810186312109217,0.726558968789079,7,0.14
threshold_32,threshold,1,3,0,3.3237478242673615,0.6838297757326376,8,0.16
threshold_32,threshold,1,4,0,3.3091385306285104,0.6984390693714901,7,0.14
threshold_32,threshold,1,5,0,3.3117003812756103,0.6958772187243883,6,0.12000000000000001
threshold_32,threshold,1,6,0,3.3020089300419633,0.7055686699580364,8,0.16
threshold_32,threshold,1,7,0,3.321292131983828,0.6862854680161731,8,0.16
threshold_32,threshold,1,8,0,3.2894676009977766,0.7181099990022253,9,0.18
threshold_32,threshold,1,9,0,3.3261605327519868,0.6814170672480148,5,0.1
threshold_32,threshold,1,0,1,3.284753483846596,0.7228241161534045,9,0.18
threshold_32,threshold,1,1,1,3.1548104039934066,0.8527671960065949,10,0.19999999999999998
threshold_32,threshold,1,2,1,3.2380407833936955,0.7695368166063051,10,0.19999999999999998
threshold_32,threshold,1,3,1,3.263239619661486,0.7443379803385146,9,0.18
threshold_32,threshold,1,4,1,3.241382255039996,0.7661953449600043,9,0.18
threshold_32,threshold,1,5,1,3.2383553276802717,0.7692222723197282,10,0.19999999999999998
threshold_32,threshold,1,6,1,3.234801292765165,0.7727763072348336,9,0.18
threshold_32,threshold,1,7,1,3.267306447249631,0.740271152750369,9,0.18
threshold_32,threshold,1,8,1,3.1906558021006686,0.8169217978993313,10,0.19999999999999998
threshold_32,threshold,1,9,1,3.298152516668614,0.7094250833313865,9,0.18
threshold_32,threshold,1,0,2,3.300951088754112,0.7066265112458894,7,0.14
threshold_32,threshold,1,1,2,3.2290322193533183,0.7785453806466823,10,0.19999999999999998
threshold_32,threshold,1,2,2,3.2875413175596395,0.7200362824403593,8,0.16
threshold_32,threshold,1,3,2,3.287976864615384,0.7196007353846159,8,0.16
threshold_32,threshold,1,4,2,3.2854761611750316,0.7221014388249676,9,0.18
threshold_32,threshold,1,5,2,3.281268255864798,0.7263093441352024,9,0.18
threshold_32,threshold,1,6,2,3.2859415844614395,0.7216360155385617,9,0.18
threshold_32,threshold,1,7,2,3.3125046921071597,0.6950729078928387,8,0.16
threshold_32,threshold,1,8,2,3.2836500250485834,0.7239275749514161,9,0.18
threshold_32,threshold,1,9,2,3.356152340673783,0.6514252593262155,7,0.14
threshold_32,threshold,1,0,3,3.3435162312887354,0.664061368711266,7,0.14
threshold_32,threshold,1,1,3,3.288030600457367,0.7195469995426332,9,0.18
threshold_32,threshold,1,2,3,3.3060499375781434,0.7015276624218566,9,0.18
threshold_32,threshold,1,3,3,3.3105132239842083,0.6970643760157917,8,0.16
threshold_32,threshold,1,4,3,3.28531681253855,0.7222607874614502,9,0.18
threshold_32,threshold,1,5,3,3.316719905031009,0.6908576949689907,8,0.16
threshold_32,threshold,1,6,3,3.298001521128999,0.7095760788710018,8,0.16
threshold_32,threshold,1,7,3,3.306397239585747,0.7011803604142537,9,0.18
threshold_32,threshold,1,8,3,3.2421419170900694,0.7654356829099309,9,0.18
threshold_32,threshold,1,9,3,3.3418580147330488,0.6657195852669539,7,0.14
threshold_32,threshold,1,0,4,3.306612576824769,0.7009650231752316,8,0.16
threshold_32,threshold,1,1,4,3.2541090570524087,0.7534685429475911,9,0.18
threshold_32,threshold,1,2,4,3.2900084897515174,0.7175691102484821,8,0.16
threshold_32,threshold,1,3,4,3.3167642477773263,0.690813352222673,9,0.18
threshold_32,threshold,1,4,4,3.285873724713023,0.7217038752869773,8,0.16
threshold_32,threshold,1,5,4,3.2798080391489806,0.7277695608510191,8,0.16
threshold_32,threshold,1,6,4,3.299515567180198,0.7080620328198026,9,0.18
threshold_32,threshold,1,7,4,3.2794910303383946,0.7280865696616052,7,0.14
threshold_32,threshold,1,8,4,3.2723071845026004,0.7352704154973978,9,0.18
threshold_32,threshold,1,9,4,3.335812312344346,0.6717652876556548,6,0.12000000000000001
threshold_32,threshold,1,0,5,3.3024996262153743,0.7050779737846274,7,0.14
threshold_32,threshold,1,1,5,3.26062947179294,0.7469481282070594,10,0.19999999999999998
threshold_32,threshold,1,2,5,3.3123894417794855,0.6951881582205154,8,0.16
threshold_32,threshold,1,3,5,3.310942402996586,0.6966351970034128,7,0.14
threshold_32,threshold,1,4,5,3.3122213043247193,0.6953562956752807,8,0.16
threshold_32,threshold,1,5,5,3.310357118724172,0.6972204812758273,9,0.18
threshold_32,threshold,1,6,5,3.333870997980565,0.673706602019436,8,0.16
threshold_32,threshold,1,7,5,3.3011638095505,0.706413790449501,9,0.18
threshold_32,threshold,1,8,5,3.2876933738490766,0.7198842261509225,9,0.18
threshold_32,threshold,1,9,5,3.3150881806205015,0.6924894193794997,7,0.14
threshold_32,threshold,1,0,6,3.3131913548023415,0.694386245197658,8,0.16
threshold_32,threshold,1,1,6,3.277605862908344,0.7299717370916551,9,0.18
threshold_32,threshold,1,2,6,3.295005326976048,0.7125722730239517,8,0.16
threshold_32,threshold,1,3,6,3.321238562871378,0.686339037128622,8,0.16
threshold_32,threshold,1,4,6,3.3039499457275303,0.7036276542724693,9,0.18
threshold_32,threshold,1,5,6,3.3181179795812143,0.6894596204187855,9,0.18
threshold_32,threshold,1,6,6,3.3061369239805787,0.7014406760194198,8,0.16
threshold_32,threshold,1,7,6,3.29950468554298,0.7080729144570205,8,0.16
threshold_32,threshold,1,8,6,3.299885468360709,0.7076921316392907,9,0.18
threshold_32,threshold,1,9,6,3.304726154599169,0.702851445400831,7,0.14
threshold_32,threshold,1,0,7,3.31170723914228,0.69587036085772,8,0.16
threshold_32,threshold,1,1,7,3.263271528740146,0.7443060712598542,10,0.19999999999999998
threshold_32,threshold,1,2,7,3.2986134378299687,0.7089641621700318,9,0.18
threshold_32,threshold,1,3,7,3.3206900537619517,0.6868875462380494,8,0.16
threshold_32,threshold,1,4,7,3.3079013514358366,0.6996762485641638,8,0.16
threshold_32,threshold,1,5,7,3.310377208945922,0.6972003910540773,8,0.16
threshold_32,threshold,1,6,7,3.2904286716006217,0.7171489283993802,8,0.16
threshold_32,threshold,1,7,7,3.3109458919096495,0.6966317080903502,8,0.16
threshold_32,threshold,1,8,7,3.257261610738443,0.7503159892615568,9,0.18
threshold_32,threshold,1,9,7,3.308167285660224,0.699410314339776,8,0.16
threshold_32,threshold,1,0,8,3.2982170452637987,0.7093605547362037,8,0.16
threshold_32,threshold,1,1,8,3.154009252564375,0.8535683474356253,10,0.19999999999999998
threshold_32,threshold,1,2,8,3.2590535229614086,0.7485240770385929,9,0.18
threshold_32,threshold,1,3,8,3.2555614188699806,0.75201618113002,9,0.18
threshold_32,threshold,1,4,8,3.2787392808901146,0.7288383191098857,9,0.18
threshold_32,threshold,1,5,8,3.2604874957487175,0.7470901042512829,9,0.18
threshold_32,threshold,1,6,8,3.2418569465215414,0.7657206534784582,10,0.19999999999999998
threshold_32,threshold,1,7,8,3.240516578140731,0.7670610218592697,9,0.18
threshold_32,threshold,1,8,8,3.170763508812013,0.8368140911879881,10,0.19999999999999998
threshold_32,threshold,1,9,8,3.2913797151051902,0.7161978848948094,9,0.18
threshold_32,threshold,1,0,9,3.3246017499105016,0.6829758500894997,5,0.1
threshold_32,threshold,1,1,9,3.2964002374750336,0.711177362524967,8,0.16
threshold_32,threshold,1,2,9,3.3133250133753007,0.6942525866246995,8,0.16
threshold_32,threshold,1,3,9,3.328469079143243,0.6791085208567543,7,0.14
threshold_32,threshold,1,4,9,3.3115736914996483,0.6960039085003527,7,0.14
threshold_32,threshold,1,5,9,3.3109501806188986,0.6966274193811012,7,0.14
threshold_32,threshold,1,6,9,3.3027087563932986,0.7048688436067013,7,0.14
threshold_32,threshold,1,7,9,3.310370706281731,0.6972068937182685,8,0.16
threshold_32,threshold,1,8,9,3.320737669607153,0.6868399303928479,9,0.18
threshold_32,threshold,1,9,9,3.3684017923832483,0.6391758076167524,5,0.1
threshold_33,threshold,1,0,0,3.310546751064823,0.697030848935177,6,0.12000000000000001
threshold_33,threshold,1,1,0,3.3119855429348077,0.6955920570651933,9,0.18
threshold_33,threshold,1,2,0,3.3143268930034897,0.6932507069965104,7,0.14
threshold_33,threshold,1,3,0,3.3352267763296677,0.6723508236703326,7,0.14
threshold_33,threshold,1,4,0,3.3044551537793576,0.7031224462206441,8,0.16
threshold_33,threshold,1,5,0,3.31391684589716,0.6936607541028391,8,0.16
threshold_33,threshold,1,6,0,3.2967708091777097,0.7108067908222901,7,0.14
threshold_33,threshold,1,7,0,3.320682041991116,0.6868955580088841,7,0.14
threshold_33,threshold,1,8,0,3.314131564455788,0.6934460355442127,9,0.18
threshold_33,threshold,1,9,0,3.3228075474287273,0.6847700525712724,5,0.1
threshold_33,threshold,1,0,1,3.3162874582120407,0.6912901417879604,9,0.18
threshold_33,threshold,1,1,1,3.2044103909512973,0.8031672090487026,10,0.19999999999999998
threshold_33,threshold,1,2,1,3.2750375080502074,0.7325400919497932,9,0.18
threshold_33,threshold,1,3,1,3.2594532739232354,0.7481243260767643,9,0.18
threshold_33,threshold,1,4,1,3.235009639295317,0.7725679607046848,9,0.18
threshold_33,threshold,1,5,1,3.2425921457126554,0.7649854542873457,10,0.19999999999999998
threshold_33,threshold,1,6,1,3.236682621184873,0.7708949788151277,9,0.18
threshold_33,threshold,1,7,1,3.281009643956514,0.7265679560434866,9,0.18
threshold_33,threshold,1,8,1,3.158880673417897,0.8486969265821032,10,0.19999999999999998
threshold_33,threshold,1,9,1,3.3183374849007565,0.6892401150992429,8,0.16
threshold_33,threshold,1,0,2,3.3148273449233496,0.6927502550766498,7,0.14
threshold_33,threshold,1,1,2,3.2594789958478207,0.7480986041521781,9,0.18
threshold_33,threshold,1,2,2,3.269390894822953,0.7381867051770468,9,0.18
threshold_33,threshold,1,3,2,3.303369306428586,0.7042082935714137,8,0.16
threshold_33,threshold,1,4,2,3.283901061342543,0.7236765386574568,9,0.18
threshold_33,threshold,1,5,2,3.301801578283715,0.7057760217162854,9,0.18
threshold_33,threshold,1,6,2,3.2709041750699255,0.7366734249300744,8,0.16
threshold_33,threshold,1,7,2,3.310516764844385,0.6970608351556138,9,0.18
threshold_33,threshold,1,8,2,3.2667244756345544,0.7408531243654445,9,0.18
threshold_33,threshold,1,9,2,3.305464353934116,0.7021132460658838,7,0.14
threshold_33,threshold,1,0,3,3.324244850761839,0.6833327492381609,6,0.12000000000000001
threshold_33,threshold,1,1,3,3.2300785970359343,0.7774990029640669,10,0.19999999999999998
threshold_33,threshold,1,2,3,3.31694514381888,0.6906324561811213,9,0.18
threshold_33,threshold,1,3,3,3.2905725030480517,0.7170050969519481,8,0.16
threshold_33,threshold,1,4,3,3.3013629143375027,0.706214685662498,9,0.18
threshold_33,threshold,1,5,3,3.3067259292195588,0.7008516707804416,8,0.16
threshold_33,threshold,1,6,3,3.273271701537808,0.734305898462193,9,0.18
threshold_33,threshold,1,7,3,3.300287267725299,0.7072903322747007,9,0.18
threshold_33,threshold,1,8,3,3.253871357637402,0.753706242362599,9,0.18
threshold_33,threshold,1,9,3,3.3221448702637044,0.6854327297362969,7,0.14
threshold_33,threshold,1,0,4,3.336705778279868,0.670871821720132,7,0.14
threshold_33,threshold,1,1,4,3.2368820391154505,0.7706955608845495,9,0.18
threshold_33,threshold,1,2,4,3.2871212841219624,0.7204563158780369,9,0.18
threshold_33,threshold,1,3,4,3.285587569983292,0.7219900300167075,9,0.18
threshold_33,threshold,1,4,4,3.286198520101251,0.7213790798987475,9,0.18
threshold_33,threshold,1,5,4,3.300229456827969,0.7073481431720324,8,0.16
threshold_33,threshold,1,6,4,3.282876627486824,0.7247009725131776,9,0.18
threshold_33,threshold,1,7,4,3.2901766044301666,0.7174009955698343,8,0.16
threshold_33,threshold,1,8,4,3.2660504382736844,0.7415271617263153,9,0.18
threshold_33,threshold,1,9,4,3.3017745713927624,0.7058030286072363,7,0.14
threshold_33,threshold,1,0,5,3.297577818739876,0.7099997812601229,7,0.14
threshold_33,threshold,1,1,5,3.2796158244291083,0.7279617755708907,9,0.18
threshold_33,threshold,1,2,5,3.2893408325094664,0.7182367674905339,9,0.18
threshold_33,threshold,1,3,5,3.314155545015984,0.693422054984017,8,0.16
threshold_33,threshold,1,4,5,3.320256076935629,0.68732152306437,9,0.18
threshold_33,threshold,1,5,5,3.309008265072175,0.6985693349278248,8,0.16
threshold_33,threshold,1,6,5,3.3061789364904675,0.7013986635095327,7,0.14
threshold_33,threshold,1,7,5,3.3163223800130335,0.6912552199869676,8,0.16
threshold_33,threshold,1,8,5,3.2667545641756623,0.7408230358243364,10,0.19999999999999998
threshold_33,threshold,1,9,5,3.3323043232131284,0.6752732767868715,6,0.12000000000000001
threshold_33,threshold,1,0,6,3.3096494265144036,0.6979281734855958,7,0.14
threshold_33,threshold,1,1,6,3.272946573323151,0.7346310266768502,9,0.18
threshold_33,threshold,1,2,6,3.2980536875442,0.709523912455799,8,0.16
threshold_33,threshold,1,3,6,3.301507017028893,0.7060705829711077,9,0.18
threshold_33,threshold,1,4,6,3.2855492165941174,0.7220283834058833,8,0.16
threshold_33,threshold,1,5,6,3.2761881510615884,0.7313894489384116,9,0.18
threshold_33,threshold,1,6,6,3.288330622159829,0.7192469778401711,8,0.16
threshold_33,threshold,1,7,6,3.288471635694518,0.7191059643054833,9,0.18
threshold_33,threshold,1,8,6,3.2320871835092664,0.7754904164907335,10,0.19999999999999998
threshold_33,threshold,1,9,6,3.3350617322092138,0.6725158677907868,7,0.14
threshold_33,threshold,1,0,7,3.320988953939019,0.6865886460609819,7,0.14
threshold_33,threshold,1,1,7,3.257302904252474,0.7502746957475264,9,0.18
threshold_33,threshold,1,2,7,3.300105635978426,0.7074719640215743,9,0.18
threshold_33,threshold,1,3,7,3.3076484469858736,0.6999291530141278,8,0.16
threshold_33,threshold,1,4,7,3.2991169499829223,0.7084606500170771,8,0.16
threshold_33,threshold,1,5,7,3.30978539022651,0.6977922097734903,9,0.18
threshold_33,threshold,1,6,7,3.304516276652515,0.703061323347485,9,0.18
threshold_33,threshold,1,7,7,3.273140105446226,0.7344374945537747,9,0.18
threshold_33,threshold,1,8,7,3.290920198646665,0.7166574013533347,9,0.18
threshold_33,threshold,1,9,7,3.318632201349787,0.6889453986502122,7,0.14
threshold_33,threshold,1,0,8,3.307999742689605,0.6995778573103948,9,0.18
threshold_33,threshold,1,1,8,3.152010121335922,0.8555674786640785,10,0.19999999999999998
threshold_33,threshold,1,2,8,3.2085301401350637,0.7990474598649371,10,0.19999999999999998
threshold_33,threshold,1,3,8,3.253751651831103,0.7538259481688975,9,0.18
threshold_33,threshold,1,4,8,3.2195065229397724,0.7880710770602279,9,0.18
threshold_33,threshold,1,5,8,3.244081207739536,0.763496392260465,9,0.18
threshold_33,threshold,1,6,8,3.2522063499016944,0.7553712500983071,9,0.18
threshold_33,threshold,1,7,8,3.2580070652299082,0.7495705347700934,10,0.19999999999999998
threshold_33,threshold,1,8,8,3.1762829107131996,0.8312946892868006,10,0.19999999999999998
threshold_33,threshold,1,9,8,3.2835081090456106,0.7240694909543882,8,0.16
threshold_33,threshold,1,0,9,3.339465625555649,0.6681119744443504,4,0.08
threshold_33,threshold,1,1,9,3.261884938827421,0.7456926611725796,9,0.18
threshold_33,threshold,1,2,9,3.2957988185626927,0.7117787814373083,7,0.14
threshold_33,threshold,1,3,9,3.326588901124075,0.6809886988759252,7,0.14
threshold_33,threshold,1,4,9,3.3346986769539506,0.6728789230460482,7,0.14
threshold_33,threshold,1,5,9,3.315307645885324,0.6922699541146758,7,0.14
threshold_33,threshold,1,6,9,3.321488362546056,0.6860892374539443,8,0.16
threshold_33,threshold,1,7,9,3.307591626036197,0.699985973963802,8,0.16
threshold_33,threshold,1,8,9,3.2971373496472847,0.7104402503527136,8,0.16
threshold_33,threshold,1,9,9,3.3389934108056254,0.6685841891943752,6,0.12000000000000001
threshold_30,threshold,2,0,0,3.3059202517749475,0.7016573482250528,7,0.25999999999999995
threshold_30,threshold,2,1,0,3.208096082130309,0.7994815178696902,9,0.32
threshold_30,threshold,2,2,0,3.274781199938378,0.7327964000616232,8,0.3
threshold_30,threshold,2,3,0,3.2211769493078886,0.786400650692111,8,0.3
threshold_30,threshold,2,4,0,3.24567589422771,0.7619017057722905,9,0.32
threshold_30,threshold,2,5,0,3.2793206188149537,0.7282569811850468,8,0.3
threshold_30,threshold,2,6,0,3.242974276772739,0.7646033232272603,9,0.32
threshold_30,threshold,2,7,0,3.214951364507819,0.7926262354921828,9,0.32
threshold_30,threshold,2,8,0,3.150454436061443,0.8571231639385597,10,0.36000000000000004
threshold_30,threshold,2,9,0,3.289887334197148,0.7176902658028514,6,0.21999999999999997
threshold_30,threshold,2,0,1,3.187247895246967,0.8203297047530334,9,0.34
threshold_30,threshold,2,1,1,2.944497304784502,1.0630802952154976,10,0.4000000000000001
threshold_30,threshold,2,2,1,2.993860512950419,1.0137170870495797,10,0.38000000000000006
threshold_30,threshold,2,3,1,2.9911084671046737,1.0164691328953253,10,0.4000000000000001
threshold_30,threshold,2,4,1,3.0556287626438046,0.9519488373561956,10,0.4000000000000001
threshold_30,threshold,2,5,1,3.0973964899656705,0.9101811100343316,10,0.36000000000000004
threshold_30,threshold,2,6,1,3.0343469428360312,0.9732306571639694,10,0.4000000000000001
threshold_30,threshold,2,7,1,3.036228973368911,0.9713486266310897,9,0.36000000000000004
threshold_30,threshold,2,8,1,2.9360739871344776,1.0715036128655229,10,0.4000000000000001
threshold_30,threshold,2,9,1,3.2144062831135423,0.7931713168864564,10,0.36000000000000004
threshold_30,threshold,2,0,2,3.219219456589063,0.7883581434109379,9,0.32
threshold_30,threshold,2,1,2,3.0335719563811194,0.9740056436188804,10,0.38000000000000006
threshold_30,threshold,2,2,2,3.0408062325847194,0.96677136741528,10,0.38000000000000006
threshold_30,threshold,2,3,2,3.1073322463023847,0.9002453536976153,9,0.36000000000000004
threshold_30,threshold,2,4,2,3.1950527082034728,0.812524891796527,9,0.36000000000000004
threshold_30,threshold,2,5,2,3.1304763188041522,0.877101281195849,9,0.36000000000000004
threshold_30,threshold,2,6,2,3.1214898178341692,0.886087782165832,10,0.36000000000000004
threshold_30,threshold,2,7,2,3.1166801698743654,0.8908974301256347,9,0.34
threshold_30,threshold,2,8,2,3.056574804392147,0.9510027956078542,10,0.38000000000000006
threshold_30,threshold,2,9,2,3.2256957756739615,0.781881824326037,8,0.32
threshold_30,threshold,2,0,3,3.230582190918543,0.776995409081458,9,0.34
threshold_30,threshold,2,1,3,3.047623071119711,0.95995452888029,10,0.38000000000000006
threshold_30,threshold,2,2,3,3.1400210357201845,0.8675565642798148,9,0.36000000000000004
threshold_30,threshold,2,3,3,3.2037000850421924,0.8038775149578078,9,0.34
threshold_30,threshold,2,4,3,3.1909704733138695,0.8166071266861318,9,0.36000000000000004
threshold_30,threshold,2,5,3,3.1593126454968887,0.8482649545031109,9,0.32
threshold_30,threshold,2,6,3,3.129569298244092,0.8780083017559089,9,0.34
threshold_30,threshold,2,7,3,3.117729779106573,0.8898478208934267,9,0.36000000000000004
threshold_30,threshold,2,8,3,3.065813428304075,0.9417641716959245,10,0.38000000000000006
threshold_30,threshold,2,9,3,3.271386658433611,0.73619094156639,8,0.27999999999999997
threshold_30,threshold,2,0,4,3.2607978715959036,0.7467797284040967,8,0.3
threshold_30,threshold,2,1,4,3.076841494314727,0.9307361056852733,10,0.4000000000000001
threshold_30,threshold,2,2,4,3.155129908994399,0.8524476910056014,9,0.36000000000000004
threshold_30,threshold,2,3,4,3.1527608587526266,0.8548167412473744,9,0.36000000000000004
threshold_30,threshold,2,4,4,3.1687069914513457,0.8388706085486554,10,0.36000000000000004
threshold_30,threshold,2,5,4,3.149487654981554,0.8580899450184459,10,0.36000000000000004
threshold_30,threshold,2,6,4,3.1642869995117016,0.8432906004882987,9,0.36000000000000004
threshold_30,threshold,2,7,4,3.114952539329758,0.892625060670242,9,0.34
threshold_30,threshold,2,8,4,3.0537090818294015,0.9538685181705993,10,0.36000000000000004
threshold_30,threshold,2,9,4,3.222674708580296,0.7849028914197049,8,0.32
threshold_30,threshold,2,0,5,3.250796391357681,0.7567812086423187,9,0.32
threshold_30,threshold,2,1,5,3.0545780905276487,0.9529995094723536,10,0.4000000000000001
threshold_30,threshold,2,2,5,3.1359251560563757,0.8716524439436241,10,0.36000000000000004
threshold_30,threshold,2,3,5,3.110358715090189,0.8972188849098113,10,0.36000000000000004
threshold_30,threshold,2,4,5,3.1573312777628404,0.8502463222371582,9,0.34
threshold_30,threshold,2,5,5,3.1343368330029584,0.8732407669970401,9,0.36000000000000004
threshold_30,threshold,2,6,5,3.1972481966741206,0.8103294033258794,9,0.34
threshold_30,threshold,2,7,5,3.164203937344455,0.8433736626555451,9,0.34
threshold_30,threshold,2,8,5,3.1257214627184458,0.8818561372815552,9,0.36000000000000004
threshold_30,threshold,2,9,5,3.2400104768836764,0.7675671231163231,9,0.32
threshold_30,threshold,2,0,6,3.2359984728324185,0.7715791271675809,8,0.3
threshold_30,threshold,2,1,6,3.0496062669433908,0.9579713330566101,10,0.4000000000000001
threshold_30,threshold,2,2,6,3.1125953719497623,0.8949822280502386,10,0.38000000000000006
threshold_30,threshold,2,3,6,3.1542735207324872,0.8533040792675141,10,0.38000000000000006
threshold_30,threshold,2,4,6,3.184915710197345,0.8226618898026555,10,0.36000000000000004
threshold_30,threshold,2,5,6,3.1724409381364604,0.8351366618635381,10,0.36000000000000004
threshold_30,threshold,2,6,6,3.1120836684847863,0.8954939315152143,9,0.36000000000000004
threshold_30,threshold,2,7,6,3.1162059449571258,0.891371655042876,10,0.36000000000000004
threshold_30,threshold,2,8,6,3.053563216907644,0.9540143830923554,10,0.38000000000000006
threshold_30,threshold,2,9,6,3.2708311752661974,0.7367464247338029,8,0.3
threshold_30,threshold,2,0,7,3.2351535094702792,0.772424090529722,9,0.32
threshold_30,threshold,2,1,7,3.0045503334637376,1.003027266536262,10,0.38000000000000006
threshold_30,threshold,2,2,7,3.082596141401773,0.9249814585982283,9,0.36000000000000004
threshold_30,threshold,2,3,7,3.1516107948568743,0.8559668051431254,10,0.36000000000000004
threshold_30,threshold,2,4,7,3.1791135715068455,0.8284640284931528,9,0.34
threshold_30,threshold,2,5,7,3.160887529852194,0.846690070147807,10,0.36000000000000004
threshold_30,threshold,2,6,7,3.1546437231858357,0.8529338768141647,9,0.36000000000000004
threshold_30,threshold,2,7,7,3.1317942665457528,0.8757833334542461,10,0.36000000000000004
threshold_30,threshold,2,8,7,3.0144076557556803,0.9931699442443194,10,0.38000000000000006
threshold_30,threshold,2,9,7,3.2390338672298293,0.7685437327701701,9,0.34
threshold_30,threshold,2,0,8,3.1377850750578284,0.8697925249421716,9,0.36000000000000004
threshold_30,threshold,2,1,8,2.8959858705813675,1.1115917294186326,10,0.4000000000000001
threshold_30,threshold,2,2,8,3.0105886333636676,0.9969889666363335,10,0.4000000000000001
threshold_30,threshold,2,3,8,3.0410948747479116,0.9664827252520892,10,0.38000000000000006
threshold_30,threshold,2,4,8,3.0692546935503167,0.9383229064496829,10,0.38000000000000006
threshold_30,threshold,2,5,8,3.061841507491571,0.9457360925084305,10,0.4000000000000001
threshold_30,threshold,2,6,8,3.0755976969869523,0.9319799030130487,10,0.38000000000000006
threshold_30,threshold,2,7,8,3.0570803541935905,0.9504972458064097,10,0.38000000000000006
threshold_30,threshold,2,8,8,2.9039120260952127,1.103665573904787,10,0.4000000000000001
threshold_30,threshold,2,9,8,3.155618515129907,0.8519590848700925,10,0.38000000000000006
threshold_30,threshold,2,0,9,3.268681505532995,0.7388960944670054,7,0.25999999999999995
threshold_30,threshold,2,1,9,3.1565261279486982,0.8510514720513037,9,0.34
threshold_30,threshold,2,2,9,3.222869522081227,0.7847080779187742,8,0.3
threshold_30,threshold,2,3,9,3.247543245689854,0.7600343543101464,9,0.34
threshold_30,threshold,2,4,9,3.220159059868222,0.7874185401317775,8,0.3
threshold_30,threshold,2,5,9,3.2793636689124326,0.7282139310875677,7,0.27999999999999997
threshold_30,threshold,2,6,9,3.2455659886671904,0.7620116113328093,8,0.3
threshold_30,threshold,2,7,9,3.246150284560532,0.7614273154394688,9,0.32
threshold_30,threshold,2,8,9,3.1519832043559814,0.855594395644018,9,0.36000000000000004
threshold_30,threshold,2,9,9,3.2861361315793425,0.7214414684206569,7,0.23999999999999996
threshold_31,threshold,2,0,0,3.3132752951710627,0.6943023048289385,7,0.21999999999999997
threshold_31,threshold,2,1,0,3.1786678296955393,0.8289097703044616,9,0.34
threshold_31,threshold,2,2,0,3.262569205102374,0.7450083948976273,8,0.27999999999999997
threshold_31,threshold,2,3,0,3.229534303418972,0.7780432965810282,9,0.32
threshold_31,threshold,2,4,0,3.2549178253850046,0.7526597746149964,8,0.3
threshold_31,threshold,2,5,0,3.2214352129950026,0.7861423870049966,9,0.34
threshold_31,threshold,2,6,0,3.2466118727051834,0.7609657272948177,9,0.32
threshold_31,threshold,2,7,0,3.2454224653084505,0.762155134691551,9,0.32
threshold_31,threshold,2,8,0,3.1817349310312015,0.8258426689687994,9,0.34
threshold_31,threshold,2,9,0,3.2956837184604373,0.7118938815395625,7,0.23999999999999996
threshold_31,threshold,2,0,1,3.199057112166683,0.8085204878333169,9,0.34
threshold_31,threshold,2,1,1,2.933035796066721,1.07454180393328,10,0.4000000000000001
threshold_31,threshold,2,2,1,3.0393224551203346,0.9682551448796671,10,0.4000000000000001
threshold_31,threshold,2,3,1,3.058669719986389,0.9489078800136115,10,0.38000000000000006
threshold_31,threshold,2,4,1,3.050702041426005,0.9568755585739951,10,0.4000000000000001
threshold_31,threshold,2,5,1,3.0406174187757036,0.9669601812242974,10,0.4000000000000001
threshold_31,threshold,2,6,1,3.035091940381987,0.9724856596180133,10,0.38000000000000006
threshold_31,threshold,2,7,1,3.058704178129294,0.9488734218707059,10,0.38000000000000006
threshold_31,threshold,2,8,1,2.9650771882448828,1.0425004117551178,10,0.4000000000000001
threshold_31,threshold,2,9,1,3.1835316243487517,0.8240459756512487,9,0.34
threshold_31,threshold,2,0,2,3.2416780689339477,0.7658995310660537,9,0.32
threshold_31,threshold,2,1,2,3.0721483961261726,0.9354292038738266,10,0.38000000000000006
threshold_31,threshold,2,2,2,3.1329067259714645,0.874670874028535,9,0.36000000000000004
threshold_31,threshold,2,3,2,3.158897563703058,0.8486800362969424,10,0.36000000000000004
threshold_31,threshold,2,4,2,3.1413330158308774,0.8662445841691213,10,0.36000000000000004
threshold_31,threshold,2,5,2,3.1969155591629064,0.8106620408370949,10,0.36000000000000004
threshold_31,threshold,2,6,2,3.1750705663870566,0.832507033612943,10,0.36000000000000004
threshold_31,threshold,2,7,2,3.134890359812545,0.8726872401874561,9,0.36000000000000004
threshold_31,threshold,2,8,2,3.0581267262382497,0.9494508737617519,10,0.4000000000000001
threshold_31,threshold,2,9,2,3.206379471359604,0.8011981286403963,8,0.3
threshold_31,threshold,2,0,3,3.279060634656568,0.7285169653434319,7,0.25999999999999995
threshold_31,threshold,2,1,3,3.0798856734240214,0.9276919265759791,9,0.36000000000000004
threshold_31,threshold,2,2,3,3.174398733387536,0.8331788666124623,9,0.34
threshold_31,threshold,2,3,3,3.169565510374492,0.8380120896255084,9,0.36000000000000004
threshold_31,threshold,2,4,3,3.1976968610817167,0.8098807389182836,9,0.36000000000000004
threshold_31,threshold,2,5,3,3.14556813157289,0.8620094684271105,10,0.38000000000000006
threshold_31,threshold,2,6,3,3.1718977323789,0.8356798676211002,9,0.34
threshold_31,threshold,2,7,3,3.1319344969809335,0.875643103019067,10,0.36000000000000004
threshold_31,threshold,2,8,3,3.02024922760684,0.9873283723931603,10,0.4000000000000001
threshold_31,threshold,2,9,3,3.2428624052386694,0.7647151947613297,9,0.32
threshold_31,threshold,2,0,4,3.2509202004081335,0.7566573995918667,9,0.32
threshold_31,threshold,2,1,4,3.061429791023651,0.9461478089763492,10,0.36000000000000004
threshold_31,threshold,2,2,4,3.1807214075375576,0.8268561924624427,9,0.36000000000000004
threshold_31,threshold,2,3,4,3.197076290965751,0.810501309034249,9,0.34
threshold_31,threshold,2,4,4,3.1937207627575783,0.8138568372424227,9,0.34
threshold_31,threshold,2,5,4,3.1434251188291156,0.8641524811708843,10,0.36000000000000004
threshold_31,threshold,2,6,4,3.1585801644194227,0.8489974355805783,10,0.36000000000000004
threshold_31,threshold,2,7,4,3.1728846652593035,0.8346929347406957,9,0.34
threshold_31,threshold,2,8,4,3.05214436343465,0.9554332365653483,10,0.38000000000000006
threshold_31,threshold,2,9,4,3.2568376152235476,0.7507399847764517,8,0.3
threshold_31,threshold,2,0,5,3.2330962949240987,0.7744813050759024,9,0.32
threshold_31,threshold,2,1,5,3.0693370238918374,0.9382405761081625,10,0.38000000000000006
threshold_31,threshold,2,2,5,3.1612599006963444,0.8463176993036552,9,0.36000000000000004
threshold_31,threshold,2,3,5,3.167591910710149,0.8399856892898511,9,0.36000000000000004
threshold_31,threshold,2,4,5,3.157321810964739,0.8502557890352609,10,0.38000000000000006
threshold_31,threshold,2,5,5,3.150534795166402,0.8570428048335983,9,0.34
threshold_31,threshold,2,6,5,3.1700646447011254,0.8375129552988752,10,0.36000000000000004
threshold_31,threshold,2,7,5,3.163554248751075,0.8440233512489258,9,0.36000000000000004
threshold_31,threshold,2,8,5,3.0910045234505463,0.916573076549454,10,0.38000000000000006
threshold_31,threshold,2,9,5,3.2634223667241917,0.7441552332758086,9,0.32
threshold_31,threshold,2,0,6,3.228821168314031,0.7787564316859679,9,0.34
threshold_31,threshold,2,1,6,3.0941973823778097,0.9133802176221901,10,0.38000000000000006
threshold_31,threshold,2,2,6,3.1393096211947022,0.8682679788052992,9,0.32
threshold_31,threshold,2,3,6,3.181451759634307,0.8261258403656929,10,0.34
threshold_31,threshold,2,4,6,3.151119649099003,0.8564579509009964,9,0.34
threshold_31,threshold,2,5,6,3.125980654917435,0.8815969450825643,9,0.36000000000000004
threshold_31,threshold,2,6,6,3.1504130448095733,0.8571645551904271,9,0.36000000000000004
threshold_31,threshold,2,7,6,3.1659670592340667,0.841610540765934,9,0.34
threshold_31,threshold,2,8,6,3.0366537702048975,0.9709238297951022,10,0.4000000000000001
threshold_31,threshold,2,9,6,3.243899405715266,0.7636781942847343,9,0.32
threshold_31,threshold,2,0,7,3.2272639227756343,0.7803136772243653,9,0.34
threshold_31,threshold,2,1,7,3.0324059998523802,0.975171600147619,10,0.38000000000000006
threshold_31,threshold,2,2,7,3.1813957143244433,0.8261818856755578,9,0.34
threshold_31,threshold,2,3,7,3.1773474784259723,0.8302301215740279,9,0.34
threshold_31,threshold,2,4,7,3.1385695956389514,0.8690080043610502,9,0.36000000000000004
threshold_31,threshold,2,5,7,3.1048054494407924,0.9027721505592081,10,0.38000000000000006
threshold_31,threshold,2,6,7,3.143819775708795,0.8637578242912044,10,0.36000000000000004
threshold_31,threshold,2,7,7,3.1541746615218744,0.8534029384781254,10,0.36000000000000004
threshold_31,threshold,2,8,7,3.025001496110134,0.9825761038898663,10,0.38000000000000006
threshold_31,threshold,2,9,7,3.2231920020490983,0.7843855979509015,9,0.32
threshold_31,threshold,2,0,8,3.1523801874911332,0.8551974125088673,9,0.34
threshold_31,threshold,2,1,8,2.953312545105594,1.0542650548944057,10,0.4000000000000001
threshold_31,threshold,2,2,8,3.024175567616386,0.9834020323836145,10,0.4000000000000001
threshold_31,threshold,2,3,8,3.060974116091976,0.9466034839080227,10,0.38000000000000006
threshold_31,threshold,2,4,8,3.0415055088977248,0.9660720911022739,10,0.38000000000000006
threshold_31,threshold,2,5,8,3.0129876257519066,0.9945899742480937,10,0.38000000000000006
threshold_31,threshold,2,6,8,3.088268899920376,0.9193087000796243,10,0.38000000000000006
threshold_31,threshold,2,7,8,3.0394335313359813,0.9681440686640193,9,0.38000000000000006
threshold_31,threshold,2,8,8,2.986724965419942,1.0208526345800593,10,0.38000000000000006
threshold_31,threshold,2,9,8,3.162810366238527,0.8447672337614732,9,0.36000000000000004
threshold_31,threshold,2,0,9,3.314851451955606,0.6927261480443951,6,0.21999999999999997
threshold_31,threshold,2,1,9,3.17129102211669,0.8362865778833108,10,0.36000000000000004
threshold_31,threshold,2,2,9,3.2433669393369393,0.7642106606630606,8,0.27999999999999997
threshold_31,threshold,2,3,9,3.2469656395220596,0.7606119604779409,9,0.34
threshold_31,threshold,2,4,9,3.2483376465705067,0.759239953429493,9,0.32
threshold_31,threshold,2,5,9,3.2576286391464038,0.7499489608535964,9,0.32
threshold_31,threshold,2,6,9,3.246789630809506,0.7607879691904944,9,0.32
threshold_31,threshold,2,7,9,3.249309964445177,0.7582676355548226,9,0.32
threshold_31,threshold,2,8,9,3.1572455133291317,0.8503320866708698,9,0.34
threshold_31,threshold,2,9,9,3.3268448339504073,0.6807327660495934,6,0.23999999999999996
threshold_32,threshold,2,0,0,3.2938220296542573,0.713755570345741,7,0.23999999999999996
threshold_32,threshold,2,1,0,3.180956259872861,0.8266213401271384,9,0.36000000000000004
threshold_32,threshold,2,2,0,3.2335048197824925,0.7740727802175076,9,0.32
threshold_32,threshold,2,3,0,3.2538434823047067,0.7537341176952939,8,0.32
threshold_32,threshold,2,4,0,3.280529080868536,0.7270485191314627,8,0.3
threshold_32,threshold,2,5,0,3.287996484699948,0.7195811153000533,8,0.27999999999999997
threshold_32,threshold,2,6,0,3.239231246452381,0.7683463535476192,8,0.32
threshold_32,threshold,2,7,0,3.2321477464998227,0.7754298535001773,9,0.34
threshold_32,threshold,2,8,0,3.1875946942915547,0.8199829057084463,9,0.36000000000000004
threshold_32,threshold,2,9,0,3.311844014194587,0.6957335858054121,6,0.21999999999999997
threshold_32,threshold,2,0,1,3.231342168513393,0.7762354314866065,9,0.36000000000000004
threshold_32,threshold,2,1,1,2.934164615231401,1.0734129847686003,10,0.4000000000000001
threshold_32,threshold,2,2,1,3.0227356579767033,0.9848419420232967,10,0.4000000000000001
threshold_32,threshold,2,3,1,3.111086086007152,0.8964915139928491,10,0.38000000000000006
threshold_32,threshold,2,4,1,3.1000607329122487,0.9075168670877524,10,0.38000000000000006
threshold_32,threshold,2,5,1,3.1002905144238646,0.9072870855761354,10,0.4000000000000001
threshold_32,threshold,2,6,1,3.1006897650093066,0.9068878349906928,10,0.38000000000000006
threshold_32,threshold,2,7,1,3.0763988943719536,0.9311787056280482,10,0.38000000000000006
threshold_32,threshold,2,8,1,2.943720631309265,1.0638569686907353,10,0.4000000000000001
threshold_32,threshold,2,9,1,3.195666803939809,0.811910796060192,9,0.36000000000000004
threshold_32,threshold,2,0,2,3.2436741451162034,0.7639034548837961,8,0.3
threshold_32,threshold,2,1,2,3.00692713493689,1.000650465063111,10,0.4000000000000001
threshold_32,threshold,2,2,2,3.1126748554053245,0.894902744594676,10,0.36000000000000004
threshold_32,threshold,2,3,2,3.1383131751068127,0.869264424893188,9,0.34
threshold_32,threshold,2,4,2,3.1340648641311186,0.8735127358688812,10,0.38000000000000006
threshold_32,threshold,2,5,2,3.1295916599999516,0.8779859400000476,10,0.38000000000000006
threshold_32,threshold,2,6,2,3.091963734701397,0.9156138652986026,10,0.38000000000000006
threshold_32,threshold,2,7,2,3.1398555233498473,0.8677220766501524,10,0.36000000000000004
threshold_32,threshold,2,8,2,3.035080539103781,0.9724970608962196,10,0.38000000000000006
threshold_32,threshold,2,9,2,3.240953062175937,0.7666245378240636,9,0.32
threshold_32,threshold,2,0,3,3.2588481384003734,0.7487294615996279,8,0.3
threshold_32,threshold,2,1,3,3.0308167025762125,0.9767608974237881,10,0.38000000000000006
threshold_32,threshold,2,2,3,3.102464001887191,0.9051135981128077,10,0.38000000000000006
threshold_32,threshold,2,3,3,3.1213997978043033,0.8861778021956966,10,0.36000000000000004
threshold_32,threshold,2,4,3,3.147140872004768,0.8604367279952316,10,0.38000000000000006
threshold_32,threshold,2,5,3,3.1592300204462127,0.848347579553788,10,0.36000000000000004
threshold_32,threshold,2,6,3,3.1954861034698894,0.8120914965301134,9,0.34
threshold_32,threshold,2,7,3,3.1169252052565475,0.8906523947434524,10,0.38000000000000006
threshold_32,threshold,2,8,3,3.0995292908377965,0.9080483091622047,10,0.38000000000000006
threshold_32,threshold,2,9,3,3.2508455696320038,0.7567320303679956,8,0.3
threshold_32,threshold,2,0,4,3.2384133498933023,0.7691642501066975,8,0.32
threshold_32,threshold,2,1,4,3.082961752542629,0.9246158474573719,10,0.38000000000000006
threshold_32,threshold,2,2,4,3.1784261117248893,0.8291514882751102,9,0.34
threshold_32,threshold,2,3,4,3.1113816597404576,0.8961959402595423,10,0.38000000000000006
threshold_32,threshold,2,4,4,3.1434777766986475,0.864099823301352,10,0.36000000000000004
threshold_32,threshold,2,5,4,3.1784117471154087,0.8291658528845908,9,0.34
threshold_32,threshold,2,6,4,3.151699336308493,0.8558782636915079,10,0.38000000000000006
threshold_32,threshold,2,7,4,3.162467184058474,0.8451104159415266,10,0.34
threshold_32,threshold,2,8,4,3.045843276207425,0.9617343237925756,10,0.38000000000000006
threshold_32,threshold,2,9,4,3.2929159407980233,0.7146616592019772,8,0.27999999999999997
threshold_32,threshold,2,0,5,3.259746350967946,0.7478312490320539,9,0.32
threshold_32,threshold,2,1,5,3.0171156040757814,0.9904619959242204,10,0.4000000000000001
threshold_32,threshold,2,2,5,3.2047333794441917,0.802844220555809,9,0.34
threshold_32,threshold,2,3,5,3.207390537791758,0.8001870622082415,9,0.32
threshold_32,threshold,2,4,5,3.1968432450807875,0.8107343549192138,9,0.34
threshold_32,threshold,2,5,5,3.186555682178048,0.8210219178219511,10,0.38000000000000006
threshold_32,threshold,2,6,5,3.160139403715176,0.847438196284824,10,0.36000000000000004
threshold_32,threshold,2,7,5,3.0755194746495573,0.9320581253504433,9,0.36000000000000004
threshold_32,threshold,2,8,5,3.0374506850194054,0.9701269149805941,10,0.38000000000000006
threshold_32,threshold,2,9,5,3.239586794599262,0.767990805400737,9,0.32
threshold_32,threshold,2,0,6,3.218592358464112,0.7889852415358886,9,0.34
threshold_32,threshold,2,1,6,3.062388224170904,0.9451893758290965,10,0.38000000000000006
threshold_32,threshold,2,2,6,3.141315976786199,0.8662616232138005,10,0.36000000000000004
threshold_32,threshold,2,3,6,3.1485474642263602,0.8590301357736401,9,0.34
threshold_32,threshold,2,4,6,3.1281930668688926,0.8793845331311069,9,0.36000000000000004
threshold_32,threshold,2,5,6,3.1968078841478644,0.8107697158521354,9,0.36000000000000004
threshold_32,threshold,2,6,6,3.1576135848112523,0.8499640151887482,10,0.36000000000000004
threshold_32,threshold,2,7,6,3.1321879679942475,0.8753896320057524,9,0.34
threshold_32,threshold,2,8,6,3.0841176231511986,0.9234599768488004,10,0.38000000000000006
threshold_32,threshold,2,9,6,3.246321806198969,0.7612557938010309,8,0.3
threshold_32,threshold,2,0,7,3.2158644197088124,0.7917131802911881,9,0.34
threshold_32,threshold,2,1,7,2.9779771018851373,1.029600498114862,10,0.4000000000000001
threshold_32,threshold,2,2,7,3.1113884964474283,0.8961891035525708,10,0.38000000000000006
threshold_32,threshold,2,3,7,3.124104257152786,0.883473342847213,10,0.36000000000000004
threshold_32,threshold,2,4,7,3.126004599440817,0.8815730005591825,10,0.36000000000000004
threshold_32,threshold,2,5,7,3.1606378820707812,0.8469397179292202,9,0.34
threshold_32,threshold,2,6,7,3.125241494754685,0.8823361052453134,10,0.36000000000000004
threshold_32,threshold,2,7,7,3.1321682020184842,0.8754093979815158,10,0.36000000000000004
threshold_32,threshold,2,8,7,3.0180749304683485,0.9895026695316511,10,0.38000000000000006
threshold_32,threshold,2,9,7,3.2621921097370166,0.745385490262985,9,0.34
threshold_32,threshold,2,0,8,3.1522936322916304,0.8552839677083705,10,0.36000000000000004
threshold_32,threshold,2,1,8,2.9550530468183958,1.0525245531816032,10,0.4000000000000001
threshold_32,threshold,2,2,8,3.006221726258145,1.0013558737418549,10,0.38000000000000006
threshold_32,threshold,2,3,8,3.040124036184343,0.9674535638156582,10,0.38000000000000006
threshold_32,threshold,2,4,8,3.068482416931667,0.9390951830683335,10,0.38000000000000006
threshold_32,threshold,2,5,8,3.0761668999802483,0.9314107000197518,10,0.38000000000000006
threshold_32,threshold,2,6,8,3.0470494620343853,0.9605281379656151,10,0.4000000000000001
threshold_32,threshold,2,7,8,3.0403450370981897,0.9672325629018096,10,0.38000000000000006
threshold_32,threshold,2,8,8,2.9326109524961828,1.0749666475038164,10,0.4000000000000001
threshold_32,threshold,2,9,8,3.1619589865803546,0.8456186134196457,10,0.38000000000000006
threshold_32,threshold,2,0,9,3.287652348969553,0.719925251030446,7,0.23999999999999996
threshold_32,threshold,2,1,9,3.1748322158349698,0.8327453841650301,9,0.34
threshold_32,threshold,2,2,9,3.232181656221562,0.7753959437784371,8,0.32
threshold_32,threshold,2,3,9,3.2720834542095014,0.7354941457905002,8,0.3
threshold_32,threshold,2,4,9,3.249528200953386,0.7580493990466158,8,0.3
threshold_32,threshold,2,5,9,3.2266014771056235,0.7809761228943763,9,0.32
threshold_32,threshold,2,6,9,3.2581534126731753,0.7494241873268263,9,0.32
threshold_32,threshold,2,7,9,3.22688964822021,0.7806879517797904,9,0.34
threshold_32,threshold,2,8,9,3.1747535416461723,0.8328240583538268,10,0.38000000000000006
threshold_32,threshold,2,9,9,3.296362470131781,0.711215129868219,6,0.21999999999999997
threshold_33,threshold,2,0,0,3.3017477894119533,0.7058298105880474,6,0.23999999999999996
threshold_33,threshold,2,1,0,3.1704816783911185,0.8370959216088814,10,0.38000000000000006
threshold_33,threshold,2,2,0,3.2937299397167266,0.7138476602832732,8,0.3
threshold_33,threshold,2,3,0,3.2529777867308454,0.7545998132691537,9,0.32
threshold_33,threshold,2,4,0,3.280005590731428,0.7275720092685714,8,0.32
threshold_33,threshold,2,5,0,3.287851777085363,0.7197258229146357,8,0.32
threshold_33,threshold,2,6,0,3.260878147586501,0.7466994524135007,9,0.32
threshold_33,threshold,2,7,0,3.242146143415246,0.765431456584755,7,0.27999999999999997
threshold_33,threshold,2,8,0,3.1701406344460037,0.8374369655539969,10,0.38000000000000006
threshold_33,threshold,2,9,0,3.2924397639003367,0.7151378360996636,7,0.23999999999999996
threshold_33,threshold,2,0,1,3.162662537517876,0.8449150624821256,9,0.36000000000000004
threshold_33,threshold,2,1,1,2.9797033955563883,1.0278742044436122,10,0.4000000000000001
threshold_33,threshold,2,2,1,3.0696994919444336,0.9378781080555666,10,0.38000000000000006
threshold_33,threshold,2,3,1,3.080834273731599,0.9267433262684008,9,0.36000000000000004
threshold_33,threshold,2,4,1,3.108891733422618,0.8986858665773828,10,0.38000000000000006
threshold_33,threshold,2,5,1,3.120545114005357,0.8870324859946428,10,0.4000000000000001
threshold_33,threshold,2,6,1,3.047502011631413,0.9600755883685858,10,0.38000000000000006
threshold_33,threshold,2,7,1,3.0475351703889975,0.9600424296110031,10,0.38000000000000006
threshold_33,threshold,2,8,1,2.937051048160664,1.0705265518393359,10,0.4000000000000001
threshold_33,threshold,2,9,1,3.1638242563908063,0.843753343609193,9,0.34
threshold_33,threshold,2,0,2,3.234860386616568,0.7727172133834331,9,0.32
threshold_33,threshold,2,1,2,3.073647745151344,0.9339298548486563,10,0.38000000000000006
threshold_33,threshold,2,2,2,3.1254779664740506,0.8820996335259504,9,0.36000000000000004
threshold_33,threshold,2,3,2,3.175597249518068,0.831980350481931,9,0.34
threshold_33,threshold,2,4,2,3.1517114249805527,0.8558661750194481,9,0.36000000000000004
threshold_33,threshold,2,5,2,3.15732381194822,0.8502537880517794,10,0.38000000000000006
threshold_33,threshold,2,6,2,3.0992388786471934,0.9083387213528064,10,0.36000000000000004
threshold_33,threshold,2,7,2,3.1197057993875426,0.8878718006124581,10,0.38000000000000006
threshold_33,threshold,2,8,2,3.0614286835783044,0.9461489164216953,10,0.38000000000000006
threshold_33,threshold,2,9,2,3.220973869601,0.7866037303990002,8,0.3
threshold_33,threshold,2,0,3,3.255470338321473,0.7521072616785265,8,0.27999999999999997
threshold_33,threshold,2,1,3,3.079543106844637,0.9280344931553639,10,0.4000000000000001
threshold_33,threshold,2,2,3,3.1653680535504516,0.8422095464495485,9,0.36000000000000004
threshold_33,threshold,2,3,3,3.1872124945601175,0.8203651054398857,9,0.34
threshold_33,threshold,2,4,3,3.189037038236969,0.8185405617630312,9,0.36000000000000004
threshold_33,threshold,2,5,3,3.152083758121319,0.8554938418786812,9,0.34
threshold_33,threshold,2,6,3,3.1000112118554957,0.9075663881445054,10,0.38000000000000006
threshold_33,threshold,2,7,3,3.0666780369441318,0.9408995630558691,10,0.38000000000000006
threshold_33,threshold,2,8,3,3.0911573744924494,0.9164202255075508,10,0.38000000000000006
threshold_33,threshold,2,9,3,3.278033680814055,0.7295439191859431,8,0.3
threshold_33,threshold,2,0,4,3.2775636797668524,0.7300139202331473,8,0.3
threshold_33,threshold,2,1,4,3.090433311343216,0.9171442886567833,10,0.38000000000000006
threshold_33,threshold,2,2,4,3.173401578817224,0.8341760211827756,9,0.36000000000000004
threshold_33,threshold,2,3,4,3.19344489639329,0.8141327036067096,9,0.36000000000000004
threshold_33,threshold,2,4,4,3.160291668732218,0.8472859312677824,9,0.36000000000000004
threshold_33,threshold,2,5,4,3.177541975545943,0.8300356244540578,9,0.34
threshold_33,threshold,2,6,4,3.1804237605351866,0.827153839464813,9,0.36000000000000004
threshold_33,threshold,2,7,4,3.1726726058068158,0.8349049941931849,9,0.34
threshold_33,threshold,2,8,4,3.083676700201851,0.9239008997981492,10,0.38000000000000006
threshold_33,threshold,2,9,4,3.256080819542004,0.7514967804579973,8,0.3
threshold_33,threshold,2,0,5,3.2486851786016535,0.7588924213983463,8,0.3
threshold_33,threshold,2,1,5,3.065551695151192,0.9420259048488072,10,0.38000000000000006
threshold_33,threshold,2,2,5,3.1478301024023554,0.8597474975976459,9,0.36000000000000004
threshold_33,threshold,2,3,5,3.1844802685495783,0.8230973314504224,9,0.34
threshold_33,threshold,2,4,5,3.1486918281616454,0.8588857718383541,9,0.36000000000000004
threshold_33,threshold,2,5,5,3.151546292913138,0.8560313070868628,10,0.36000000000000004
threshold_33,threshold,2,6,5,3.1674435313104983,0.8401340686895022,10,0.34
threshold_33,threshold,2,7,5,3.1245817861078957,0.8829958138921039,9,0.34
threshold_33,threshold,2,8,5,3.0156795366858105,0.991898063314189,10,0.4000000000000001
threshold_33,threshold,2,9,5,3.264139848404416,0.7434377515955832,9,0.3
threshold_33,threshold,2,0,6,3.2541728066003253,0.7534047933996734,9,0.32
threshold_33,threshold,2,1,6,3.0568862849201692,0.9506913150798296,10,0.38000000000000006
threshold_33,threshold,2,2,6,3.151574258432735,0.8560033415672652,10,0.36000000000000004
threshold_33,threshold,2,3,6,3.1675384808555385,0.8400391191444628,10,0.38000000000000006
threshold_33,threshold,2,4,6,3.1510423963211984,0.8565352036788011,9,0.34
threshold_33,threshold,2,5,6,3.124101454708633,0.883476145291368,10,0.38000000000000006
threshold_33,threshold,2,6,6,3.1470387371030446,0.860538862896957,9,0.34
threshold_33,threshold,2,7,6,3.0533172281870127,0.9542603718129863,10,0.38000000000000006
threshold_33,threshold,2,8,6,3.026372368974185,0.9812052310258155,10,0.4000000000000001
threshold_33,threshold,2,9,6,3.2668776487608326,0.7406999512391683,9,0.32
threshold_33,threshold,2,0,7,3.17746564670081,0.830111953299191,10,0.34
threshold_33,threshold,2,1,7,3.0067118661872114,1.0008657338127875,10,0.38000000000000006
threshold_33,threshold,2,2,7,3.1221893488812125,0.8853882511187877,10,0.38000000000000006
threshold_33,threshold,2,3,7,3.19167221196621,0.8159053880337915,9,0.34
threshold_33,threshold,2,4,7,3.1105996794109245,0.8969779205890761,9,0.34
threshold_33,threshold,2,5,7,3.1107592013682464,0.8968183986317556,10,0.38000000000000006
threshold_33,threshold,2,6,7,3.1211544278071104,0.8864231721928902,9,0.36000000000000004
threshold_33,threshold,2,7,7,3.101403789577521,0.9061738104224792,10,0.38000000000000006
threshold_33,threshold,2,8,7,2.972226852409857,1.035350747590144,10,0.38000000000000006
threshold_33,threshold,2,9,7,3.2400249979140625,0.7675526020859378,8,0.3
threshold_33,threshold,2,0,8,3.1732982781860097,0.8342793218139909,10,0.38000000000000006
threshold_33,threshold,2,1,8,2.9114588417613403,1.0961187582386605,10,0.4000000000000001
threshold_33,threshold,2,2,8,3.0721212203963497,0.935456379603651,10,0.4000000000000001
threshold_33,threshold,2,3,8,3.114133359925317,0.8934442400746833,10,0.38000000000000006
threshold_33,threshold,2,4,8,3.050887886135503,0.956689713864496,10,0.38000000000000006
threshold_33,threshold,2,5,8,3.0564151663061216,0.9511624336938781,10,0.38000000000000006
threshold_33,threshold,2,6,8,3.088415033666523,0.9191625663334766,9,0.36000000000000004
threshold_33,threshold,2,7,8,3.0611135497134963,0.9464640502865043,10,0.4000000000000001
threshold_33,threshold,2,8,8,2.921302731253399,1.086274868746601,10,0.4000000000000001
threshold_33,threshold,2,9,8,3.1275951288850563,0.8799824711149447,9,0.34
threshold_33,threshold,2,0,9,3.313820760641075,0.693756839358927,6,0.19999999999999998
threshold_33,threshold,2,1,9,3.1400433630721047,0.8675342369278951,9,0.36000000000000004
threshold_33,threshold,2,2,9,3.2468408907488318,0.7607367092511698,9,0.32
threshold_33,threshold,2,3,9,3.290226887638355,0.7173507123616437,8,0.3
threshold_33,threshold,2,4,9,3.2594811601949507,0.7480964398050495,8,0.3
threshold_33,threshold,2,5,9,3.238241790760064,0.7693358092399362,9,0.32
threshold_33,threshold,2,6,9,3.220756689535903,0.7868209104640966,8,0.32
threshold_33,threshold,2,7,9,3.2177717653412903,0.7898058346587099,8,0.32
threshold_33,threshold,2,8,9,3.152449479212171,0.8551281207878272,10,0.36000000000000004
threshold_33,threshold,2,9,9,3.300102002656712,0.7074755973432869,7,0.25999999999999995
threshold_30,threshold,3,0,0,3.2151956596384306,0.7923819403615702,8,0.4200000000000001
threshold_30,threshold,3,1,0,2.889999922729404,1.117577677270596,9,0.5000000000000001
threshold_30,threshold,3,2,0,3.018238565595106,0.989339034404894,10,0.5000000000000001
threshold_30,threshold,3,3,0,3.0116375715893926,0.9959400284106077,9,0.48000000000000015
threshold_30,threshold,3,4,0,2.998234894955565,1.0093427050444352,9,0.5000000000000001
threshold_30,threshold,3,5,0,3.0827368800219843,0.924840719978016,9,0.48000000000000015
threshold_30,threshold,3,6,0,2.972073080499375,1.0355045195006247,9,0.5000000000000001
threshold_30,threshold,3,7,0,2.9939091786283316,1.0136684213716685,9,0.5000000000000001
threshold_30,threshold,3,8,0,2.853776649675467,1.1538009503245317,10,0.5600000000000002
threshold_30,threshold,3,9,0,3.2070330281498243,0.8005445718501772,8,0.38000000000000006
threshold_30,threshold,3,0,1,2.8307147104324115,1.1768628895675897,10,0.5400000000000001
threshold_30,threshold,3,1,1,2.476031232318374,1.5315463676816259,10,0.6000000000000002
threshold_30,threshold,3,2,1,2.6596994151840962,1.3478781848159045,10,0.5800000000000002
threshold_30,threshold,3,3,1,2.6295400552803536,1.3780375447196465,10,0.6000000000000002
threshold_30,threshold,3,4,1,2.596680663296198,1.4108969367038022,10,0.6000000000000002
threshold_30,threshold,3,5,1,2.6643885193062165,1.3431890806937827,10,0.5600000000000002
threshold_30,threshold,3,6,1,2.6989551924651876,1.3086224075348127,10,0.6000000000000002
threshold_30,threshold,3,7,1,2.563231788743246,1.4443458112567544,10,0.5600000000000002
threshold_30,threshold,3,8,1,2.4559005927078754,1.551677007292125,10,0.6000000000000002
threshold_30,threshold,3,9,1,2.8342427110330335,1.173334888966967,10,0.5600000000000002
threshold_30,threshold,3,0,2,3.0142702387688973,0.9933073612311034,10,0.5200000000000001
threshold_30,threshold,3,1,2,2.5725940527534266,1.434983547246574,10,0.5800000000000002
threshold_30,threshold,3,2,2,2.7261637672708656,1.2814138327291331,10,0.5800000000000002
threshold_30,threshold,3,3,2,2.7837590547229865,1.2238185452770134,9,0.5400000000000001
threshold_30,threshold,3,4,2,2.781656313853825,1.2259212861461761,10,0.5600000000000002
threshold_30,threshold,3,5,2,2.7781424263750596,1.2294351736249407,10,0.5600000000000002
threshold_30,threshold,3,6,2,2.741795960372159,1.2657816396278418,10,0.5600000000000002
threshold_30,threshold,3,7,2,2.747135451330389,1.260442148669611,10,0.5400000000000001
threshold_30,threshold,3,8,2,2.605130863302599,1.4024467366974014,10,0.5800000000000002
threshold_30,threshold,3,9,2,2.9338478998685873,1.073729700131413,10,0.5200000000000001
threshold_30,threshold,3,0,3,2.998490257949132,1.0090873420508688,10,0.5400000000000001
threshold_30,threshold,3,1,3,2.676099627119057,1.3314779728809436,10,0.5800000000000002
threshold_30,threshold,3,2,3,2.7479434516655776,1.259634148334423,10,0.5600000000000002
threshold_30,threshold,3,3,3,2.813140092175733,1.1944375078242682,10,0.5400000000000001
threshold_30,threshold,3,4,3,2.786172482220925,1.221405117779076,10,0.5600000000000002
threshold_30,threshold,3,5,3,2.823036671633978,1.1845409283660224,10,0.5200000000000001
threshold_30,threshold,3,6,3,2.838531129773482,1.1690464702265186,10,0.5400000000000001
threshold_30,threshold,3,7,3,2.7770500922381114,1.230527507761889,9,0.5400000000000001
threshold_30,threshold,3,8,3,2.6375766111799437,1.3700009888200568,10,0.5800000000000002
threshold_30,threshold,3,9,3,3.0854707288594097,0.9221068711405898,9,0.46000000000000013
threshold_30,threshold,3,0,4,3.0512412129434656,0.9563363870565342,9,0.48000000000000015
threshold_30,threshold,3,1,4,2.698851597597684,1.3087260024023157,10,0.6000000000000002
threshold_30,threshold,3,2,4,2.7537930125999543,1.2537845874000462,10,0.5600000000000002
threshold_30,threshold,3,3,4,2.7901154840255957,1.2174621159744041,10,0.5600000000000002
threshold_30,threshold,3,4,4,2.7658903131538213,1.2416872868461806,10,0.5600000000000002
threshold_30,threshold,3,5,4,2.8106098903604537,1.1969677096395461,10,0.5600000000000002
threshold_30,threshold,3,6,4,2.79357333626836,1.2140042637316384,10,0.5600000000000002
threshold_30,threshold,3,7,4,2.798254103851641,1.2093234961483592,10,0.5400000000000001
threshold_30,threshold,3,8,4,2.6883056103444614,1.319271989655539,10,0.5600000000000002
threshold_30,threshold,3,9,4,3.0500336901730964,0.957543909826903,9,0.5000000000000001
threshold_30,threshold,3,0,5,3.0212447249302303,0.9863328750697713,10,0.5200000000000001
threshold_30,threshold,3,1,5,2.652790948110461,1.3547866518895395,10,0.6000000000000002
threshold_30,threshold,3,2,5,2.7450980120485116,1.2624795879514878,10,0.5600000000000002
threshold_30,threshold,3,3,5,2.793783266576802,1.2137943334231984,10,0.5600000000000002
threshold_30,threshold,3,4,5,2.8441728611496644,1.1634047388503366,10,0.5400000000000001
threshold_30,threshold,3,5,5,2.802751375781317,1.204826224218685,10,0.5600000000000002
threshold_30,threshold,3,6,5,2.785846425656043,1.221731174343956,10,0.5400000000000001
threshold_30,threshold,3,7,5,2.741991582699604,1.265586017300396,10,0.5400000000000001
threshold_30,threshold,3,8,5,2.70745934514024,1.3001182548597594,10,0.5600000000000002
threshold_30,threshold,3,9,5,3.041965814240287,0.9656117857597145,9,0.5000000000000001
threshold_30,threshold,3,0,6,3.054694564273826,0.9528830357261744,9,0.48000000000000015
threshold_30,threshold,3,1,6,2.673239913312189,1.33433768668781,10,0.6000000000000002
threshold_30,threshold,3,2,6,2.7396235730322047,1.2679540269677958,10,0.5800000000000002
threshold_30,threshold,3,3,6,2.720269261060738,1.287308338939262,10,0.5800000000000002
threshold_30,threshold,3,4,6,2.7567282684290753,1.2508493315709257,10,0.5600000000000002
threshold_30,threshold,3,5,6,2.7727851275027757,1.234792472497224,10,0.5600000000000002
threshold_30,threshold,3,6,6,2.67605453042997,1.33152306957003,10,0.5600000000000002
threshold_30,threshold,3,7,6,2.7013063487475524,1.306271251252447,9,0.5400000000000001
threshold_30,threshold,3,8,6,2.636504577224017,1.3710730227759833,10,0.5800000000000002
threshold_30,threshold,3,9,6,3.066602684807601,0.940974915192399,9,0.48000000000000015
threshold_30,threshold,3,0,7,2.9452410544513627,1.0623365455486364,9,0.5000000000000001
threshold_30,threshold,3,1,7,2.6087792535047147,1.3987983464952845,10,0.5800000000000002
threshold_30,threshold,3,2,7,2.714983567518914,1.292594032481087,9,0.5400000000000001
threshold_30,threshold,3,3,7,2.731181663647098,1.276395936352901,10,0.5600000000000002
threshold_30,threshold,3,4,7,2.7634318502514965,1.2441457497485033,9,0.5200000000000001
threshold_30,threshold,3,5,7,2.7784998086489083,1.2290777913510915,10,0.5600000000000002
threshold_30,threshold,3,6,7,2.719390298020058,1.2881873019799417,10,0.5600000000000002
threshold_30,threshold,3,7,7,2.6720041625334563,1.3355734374665433,10,0.5600000000000002
threshold_30,threshold,3,8,7,2.508667322800429,1.4989102771995706,10,0.5800000000000002
threshold_30,threshold,3,9,7,2.956269721730937,1.0513078782690641,10,0.5400000000000001
threshold_30,threshold,3,0,8,2.8039069763856053,1.203670623614395,10,0.5600000000000002
threshold_30,threshold,3,1,8,2.4230769348025523,1.5845006651974476,10,0.6000000000000002
threshold_30,threshold,3,2,8,2.601117758525443,1.406459841474557,10,0.6000000000000002
threshold_30,threshold,3,3,8,2.6445314665422206,1.3630461334577788,10,0.5800000000000002
threshold_30,threshold,3,4,8,2.624121817057993,1.3834557829420076,10,0.5800000000000002
threshold_30,threshold,3,5,8,2.6317632173272365,1.3758143826727627,10,0.6000000000000002
threshold_30,threshold,3,6,8,2.660824838720564,1.3467527612794357,10,0.5800000000000002
threshold_30,threshold,3,7,8,2.5851421260437464,1.4224354739562532,10,0.5800000000000002
threshold_30,threshold,3,8,8,2.437832036033944,1.5697455639660556,10,0.6000000000000002
threshold_30,threshold,3,9,8,2.7799364533964943,1.227641146603506,10,0.5800000000000002
threshold_30,threshold,3,0,9,3.1637698418920093,0.8438077581079894,9,0.4400000000000001
threshold_30,threshold,3,1,9,2.8792448367568033,1.1283327632431983,10,0.5400000000000001
threshold_30,threshold,3,2,9,2.9214027314040156,1.0861748685959856,9,0.48000000000000015
threshold_30,threshold,3,3,9,2.9904108366915465,1.0171667633084531,9,0.5200000000000001
threshold_30,threshold,3,4,9,2.9948374886285474,1.0127401113714525,10,0.5000000000000001
threshold_30,threshold,3,5,9,3.044440560875594,0.9631370391244071,9,0.46000000000000013
threshold_30,threshold,3,6,9,3.027390628946999,0.9801869710530025,9,0.48000000000000015
threshold_30,threshold,3,7,9,2.970232177817645,1.0373454221823557,9,0.5000000000000001
threshold_30,threshold,3,8,9,2.857116519500815,1.1504610804991846,10,0.5600000000000002
threshold_30,threshold,3,9,9,3.1315539401828616,0.8760236598171411,9,0.4200000000000001
threshold_31,threshold,3,0,0,3.267166716259908,0.7404108837400939,8,0.38000000000000006
threshold_31,threshold,3,1,0,2.885006394350073,1.1225712056499282,9,0.5200000000000001
threshold_31,threshold,3,2,0,2.986751413282003,1.0208261867179986,10,0.48000000000000015
threshold_31,threshold,3,3,0,3.0486413624676,0.9589362375323994,9,0.5000000000000001
threshold_31,threshold,3,4,0,3.0638625734987666,0.9437150265012331,9,0.48000000000000015
threshold_31,threshold,3,5,0,2.9655607426540236,1.0420168573459763,10,0.5400000000000001
threshold_31,threshold,3,6,0,2.9797595752715353,1.0278180247284656,9,0.5000000000000001
threshold_31,threshold,3,7,0,2.9835120454072386,1.02406555459276,10,0.5200000000000001
threshold_31,threshold,3,8,0,2.8468662134143683,1.1607113865856327,10,0.5400000000000001
threshold_31,threshold,3,9,0,3.214732183034978,0.7928454169650212,9,0.4200000000000001
threshold_31,threshold,3,0,1,2.9463902414333716,1.0611873585666285,10,0.5400000000000001
threshold_31,threshold,3,1,1,2.477602834112046,1.5299747658879546,10,0.6000000000000002
threshold_31,threshold,3,2,1,2.511375420630102,1.4962021793698972,10,0.6000000000000002
threshold_31,threshold,3,3,1,2.635244141472754,1.3723334585272458,10,0.5800000000000002
threshold_31,threshold,3,4,1,2.6452537740757442,1.3623238259242558,10,0.6000000000000002
threshold_31,threshold,3,5,1,2.5555866998655947,1.451990900134405,10,0.6000000000000002
threshold_31,threshold,3,6,1,2.6260929808432327,1.381484619156768,10,0.5800000000000002
threshold_31,threshold,3,7,1,2.5746966273492498,1.43288097265075,10,0.5800000000000002
threshold_31,threshold,3,8,1,2.4293847553634897,1.5781928446365103,10,0.6000000000000002
threshold_31,threshold,3,9,1,2.941843217175563,1.0657343828244363,10,0.5400000000000001
threshold_31,threshold,3,0,2,2.937498680635483,1.0700789193645188,10,0.5200000000000001
threshold_31,threshold,3,1,2,2.6178525593770576,1.389725040622942,10,0.5800000000000002
threshold_31,threshold,3,2,2,2.6342974287189214,1.3732801712810783,10,0.5600000000000002
threshold_31,threshold,3,3,2,2.6689005434124384,1.3386770565875616,10,0.5600000000000002
threshold_31,threshold,3,4,2,2.725519888506574,1.2820577114934253,9,0.5400000000000001
threshold_31,threshold,3,5,2,2.7048751246133693,1.3027024753866303,10,0.5600000000000002
threshold_31,threshold,3,6,2,2.696717716612616,1.3108598833873846,10,0.5600000000000002
threshold_31,threshold,3,7,2,2.7131624695476773,1.2944151304523224,9,0.5400000000000001
threshold_31,threshold,3,8,2,2.518466981578287,1.489110618421714,10,0.6000000000000002
threshold_31,threshold,3,9,2,2.946653720354165,1.0609238796458333,10,0.5000000000000001
threshold_31,threshold,3,0,3,3.0420859090361416,0.9654916909638581,9,0.4400000000000001
threshold_31,threshold,3,1,3,2.6578829902928716,1.3496946097071276,10,0.5600000000000002
threshold_31,threshold,3,2,3,2.760685448040941,1.24689215195906,10,0.5400000000000001
threshold_31,threshold,3,3,3,2.7197723821927946,1.2878052178072061,10,0.5600000000000002
threshold_31,threshold,3,4,3,2.7039061614463322,1.3036714385536694,10,0.5600000000000002
threshold_31,threshold,3,5,3,2.6884237619437483,1.3191538380562509,10,0.5800000000000002
threshold_31,threshold,3,6,3,2.8293798729825443,1.1781977270174546,10,0.5400000000000001
threshold_31,threshold,3,7,3,2.706294163117621,1.3012834368823787,9,0.5400000000000001
threshold_31,threshold,3,8,3,2.587466796053568,1.420110803946432,10,0.6000000000000002
threshold_31,threshold,3,9,3,2.975711623846335,1.0318659761536648,9,0.5000000000000001
threshold_31,threshold,3,0,4,3.043504324441004,0.9640732755589975,9,0.5000000000000001
threshold_31,threshold,3,1,4,2.6525889411025223,1.3549886588974787,10,0.5600000000000002
threshold_31,threshold,3,2,4,2.8055075428558904,1.2020700571441096,9,0.5400000000000001
threshold_31,threshold,3,3,4,2.7989647696942,1.2086128303058001,10,0.5400000000000001
threshold_31,threshold,3,4,4,2.745429989743138,1.262147610256861,10,0.5400000000000001
threshold_31,threshold,3,5,4,2.7602896547401907,1.2472879452598087,10,0.5600000000000002
threshold_31,threshold,3,6,4,2.7402708133596287,1.2673067866403727,10,0.5600000000000002
threshold_31,threshold,3,7,4,2.765814785859583,1.2417628141404178,10,0.5400000000000001
threshold_31,threshold,3,8,4,2.6935719293840767,1.3140056706159238,10,0.5800000000000002
threshold_31,threshold,3,9,4,3.009855201392255,0.9977223986077454,10,0.5000000000000001
threshold_31,threshold,3,0,5,3.0444142465499984,0.9631633534500023,10,0.5200000000000001
threshold_31,threshold,3,1,5,2.694739628748653,1.3128379712513478,10,0.5800000000000002
threshold_31,threshold,3,2,5,2.771979298419882,1.2355983015801182,10,0.5600000000000002
threshold_31,threshold,3,3,5,2.749033390874146,1.2585442091258534,10,0.5600000000000002
threshold_31,threshold,3,4,5,2.760343769578305,1.2472338304216943,10,0.5800000000000002
threshold_31,threshold,3,5,5,2.8365919226535965,1.1709856773464038,9,0.5200000000000001
threshold_31,threshold,3,6,5,2.800366427830311,1.2072111721696872,10,0.5600000000000002
threshold_31,threshold,3,7,5,2.7318039802121654,1.2757736197878347,10,0.5600000000000002
threshold_31,threshold,3,8,5,2.732260102101966,1.275317497898035,10,0.5800000000000002
threshold_31,threshold,3,9,5,3.009443263052257,0.9981343369477437,9,0.5000000000000001
threshold_31,threshold,3,0,6,3.03413882543057,0.9734387745694292,10,0.5400000000000001
threshold_31,threshold,3,1,6,2.649798359034367,1.3577792409656335,10,0.5800000000000002
threshold_31,threshold,3,2,6,2.767700416136354,1.2398771838636466,10,0.5200000000000001
threshold_31,threshold,3,3,6,2.72845233791193,1.2791252620880698,10,0.5400000000000001
threshold_31,threshold,3,4,6,2.798080780378667,1.209496819621332,10,0.5400000000000001
threshold_31,threshold,3,5,6,2.785666067398082,1.2219115326019188,9,0.5400000000000001
threshold_31,threshold,3,6,6,2.8115472526883103,1.1960303473116907,9,0.5400000000000001
threshold_31,threshold,3,7,6,2.7187999569411345,1.288777643058865,10,0.5400000000000001
threshold_31,threshold,3,8,6,2.628551907508669,1.3790256924913318,10,0.6000000000000002
threshold_31,threshold,3,9,6,3.023023480115429,0.9845541198845703,9,0.5000000000000001
threshold_31,threshold,3,0,7,3.041716223188052,0.9658613768119488,10,0.5400000000000001
threshold_31,threshold,3,1,7,2.654310916163222,1.353266683836778,10,0.5800000000000002
threshold_31,threshold,3,2,7,2.7594339774463688,1.2481436225536322,10,0.5400000000000001
threshold_31,threshold,3,3,7,2.7728621781151617,1.234715421884838,9,0.5200000000000001
threshold_31,threshold,3,4,7,2.724621041387124,1.2829565586128766,10,0.5600000000000002
threshold_31,threshold,3,5,7,2.670848141410196,1.3367294585898049,10,0.5800000000000002
threshold_31,threshold,3,6,7,2.7249421074825144,1.2826354925174843,10,0.5600000000000002
threshold_31,threshold,3,7,7,2.735471259950042,1.2721063400499557,10,0.5600000000000002
threshold_31,threshold,3,8,7,2.567315785964056,1.440261814035944,10,0.5800000000000002
threshold_31,threshold,3,9,7,3.009053848025908,0.9985237519740909,10,0.5200000000000001
threshold_31,threshold,3,0,8,2.977494289947966,1.0300833100520346,10,0.5400000000000001
threshold_31,threshold,3,1,8,2.5318314137375957,1.4757461862624044,10,0.6000000000000002
threshold_31,threshold,3,2,8,2.629907722544378,1.3776698774556217,10,0.6000000000000002
threshold_31,threshold,3,3,8,2.619916576236773,1.3876610237632272,10,0.5800000000000002
threshold_31,threshold,3,4,8,2.597719548471563,1.4098580515284378,10,0.5800000000000002
threshold_31,threshold,3,5,8,2.665743978311379,1.3418336216886206,10,0.5800000000000002
threshold_31,threshold,3,6,8,2.601012657603507,1.4065649423964925,10,0.5800000000000002
threshold_31,threshold,3,7,8,2.551754973412603,1.4558226265873961,10,0.5800000000000002
threshold_31,threshold,3,8,8,2.469973949132338,1.537603650867663,10,0.5800000000000002
threshold_31,threshold,3,9,8,2.8069064315636876,1.200671168436312,10,0.5600000000000002
threshold_31,threshold,3,0,9,3.2405288812278004,0.7670487187722003,7,0.36000000000000004
threshold_31,threshold,3,1,9,2.9908705134472022,1.0167070865527978,9,0.5400000000000001
threshold_31,threshold,3,2,9,2.976640689759019,1.0309369102409804,10,0.48000000000000015
threshold_31,threshold,3,3,9,2.9840554450249117,1.023522154975088,9,0.5200000000000001
threshold_31,threshold,3,4,9,3.0188093746327764,0.9887682253672239,9,0.5000000000000001
threshold_31,threshold,3,5,9,3.026635694934605,0.9809419050653945,10,0.5200000000000001
threshold_31,threshold,3,6,9,2.9575382305488045,1.0500393694511947,9,0.5000000000000001
threshold_31,threshold,3,7,9,2.9475087212920146,1.0600688787079862,9,0.5000000000000001
threshold_31,threshold,3,8,9,2.8541267526585417,1.1534508473414586,10,0.5400000000000001
threshold_31,threshold,3,9,9,3.1901339449411417,0.8174436550588589,9,0.4200000000000001
threshold_32,threshold,3,0,0,3.195765386312433,0.8118122136875668,8,0.4000000000000001
threshold_32,threshold,3,1,0,2.84833460480397,1.1592429951960308,9,0.5400000000000001
threshold_32,threshold,3,2,0,2.9983972345099796,1.0091803654900198,9,0.5000000000000001
threshold_32,threshold,3,3,0,2.9685833919794367,1.0389942080205619,10,0.5200000000000001
threshold_32,threshold,3,4,0,2.9972039399170916,1.0103736600829074,10,0.5000000000000001
threshold_32,threshold,3,5,0,3.0229380067076552,0.9846395932923463,9,0.46000000000000013
threshold_32,threshold,3,6,0,2.9253952966514203,1.0821823033485802,10,0.5200000000000001
threshold_32,threshold,3,7,0,2.8910969442751675,1.1164806557248337,9,0.5200000000000001
threshold_32,threshold,3,8,0,2.7844707224972582,1.2231068775027416,10,0.5600000000000002
threshold_32,threshold,3,9,0,3.1786529326495576,0.8289246673504423,9,0.4000000000000001
threshold_32,threshold,3,0,1,2.8017979660853034,1.2057796339146962,10,0.5600000000000002
threshold_32,threshold,3,1,1,2.4445526585747164,1.5630249414252826,10,0.6000000000000002
threshold_32,threshold,3,2,1,2.5592811899583334,1.4482964100416653,10,0.6000000000000002
threshold_32,threshold,3,3,1,2.6812162679900133,1.3263613320099878,10,0.5800000000000002
threshold_32,threshold,3,4,1,2.6830784862178043,1.3244991137821958,10,0.5800000000000002
threshold_32,threshold,3,5,1,2.6101534169999296,1.3974241830000695,10,0.6000000000000002
threshold_32,threshold,3,6,1,2.6007116651995874,1.4068659348004124,10,0.5800000000000002
threshold_32,threshold,3,7,1,2.4919755851951444,1.5156020148048557,10,0.5800000000000002
threshold_32,threshold,3,8,1,2.4606702688814286,1.5469073311185713,10,0.6000000000000002
threshold_32,threshold,3,9,1,2.8720434949723517,1.1355341050276502,9,0.5400000000000001
threshold_32,threshold,3,0,2,2.9589954036122994,1.0485821963877002,9,0.48000000000000015
threshold_32,threshold,3,1,2,2.559020574229737,1.448557025770263,10,0.6000000000000002
threshold_32,threshold,3,2,2,2.6848260159394957,1.3227515840605042,9,0.5400000000000001
threshold_32,threshold,3,3,2,2.780062480445519,1.22751511955448,9,0.5200000000000001
threshold_32,threshold,3,4,2,2.703566851797467,1.3040107482025325,10,0.5800000000000002
threshold_32,threshold,3,5,2,2.7295438536674226,1.2780337463325782,9,0.5600000000000002
threshold_32,threshold,3,6,2,2.6777256614432536,1.329851938556747,10,0.5800000000000002
threshold_32,threshold,3,7,2,2.7247448211541236,1.2828327788458773,10,0.5600000000000002
threshold_32,threshold,3,8,2,2.506855720658235,1.5007218793417643,10,0.5800000000000002
threshold_32,threshold,3,9,2,2.9161621641183,1.0914154358817012,10,0.5200000000000001
threshold_32,threshold,3,0,3,2.980272883605277,1.0273047163947235,10,0.5000000000000001
threshold_32,threshold,3,1,3,2.6752737557841675,1.332303844215834,10,0.5800000000000002
threshold_32,threshold,3,2,3,2.6931907623648277,1.314386837635173,10,0.5800000000000002
threshold_32,threshold,3,3,3,2.8111636142631067,1.1964139857368934,9,0.5400000000000001
threshold_32,threshold,3,4,3,2.8108194639341066,1.196758136065893,10,0.5800000000000002
threshold_32,threshold,3,5,3,2.726363987568276,1.2812136124317246,10,0.5600000000000002
threshold_32,threshold,3,6,3,2.757803607570181,1.2497739924298206,10,0.5400000000000001
threshold_32,threshold,3,7,3,2.7237139452427472,1.2838636547572517,10,0.5800000000000002
threshold_32,threshold,3,8,3,2.636244863831056,1.3713327361689438,10,0.5800000000000002
threshold_32,threshold,3,9,3,2.980560110863807,1.0270174891361918,9,0.48000000000000015
threshold_32,threshold,3,0,4,2.989958884985169,1.0176187150148315,9,0.5000000000000001
threshold_32,threshold,3,1,4,2.665432903352199,1.3421446966478012,10,0.5800000000000002
threshold_32,threshold,3,2,4,2.7931863756219837,1.2143912243780168,9,0.5200000000000001
threshold_32,threshold,3,3,4,2.808194312724979,1.1993832872750205,10,0.5800000000000002
threshold_32,threshold,3,4,4,2.8147109254073484,1.1928666745926526,9,0.5400000000000001
threshold_32,threshold,3,5,4,2.83583407183133,1.1717435281686708,10,0.5400000000000001
threshold_32,threshold,3,6,4,2.7382122415712207,1.26936535842878,10,0.5800000000000002
threshold_32,threshold,3,7,4,2.8370983479907284,1.170479252009272,10,0.5400000000000001
threshold_32,threshold,3,8,4,2.686536836919251,1.3210407630807495,10,0.5800000000000002
threshold_32,threshold,3,9,4,3.056208208754329,0.9513693912456707,9,0.46000000000000013
threshold_32,threshold,3,0,5,3.0036588098331025,1.0039187901668976,10,0.5200000000000001
threshold_32,threshold,3,1,5,2.659333272373095,1.3482443276269063,10,0.6000000000000002
threshold_32,threshold,3,2,5,2.79087643053061,1.21670116946939,10,0.5400000000000001
threshold_32,threshold,3,3,5,2.8482068782689316,1.159370721731067,10,0.5200000000000001
threshold_32,threshold,3,4,5,2.8861642873855486,1.1214133126144512,9,0.5200000000000001
threshold_32,threshold,3,5,5,2.737796446419742,1.2697811535802581,10,0.5800000000000002
threshold_32,threshold,3,6,5,2.783687997957527,1.2238896020424732,10,0.5600000000000002
threshold_32,threshold,3,7,5,2.782977084487296,1.2246005155127042,10,0.5600000000000002
threshold_32,threshold,3,8,5,2.6996310592569035,1.3079465407430968,10,0.5800000000000002
threshold_32,threshold,3,9,5,2.9551689622631847,1.0524086377368156,9,0.5000000000000001
threshold_32,threshold,3,0,6,2.9751102978457244,1.0324673021542772,9,0.5200000000000001
threshold_32,threshold,3,1,6,2.6352966090729786,1.3722809909270202,10,0.5800000000000002
threshold_32,threshold,3,2,6,2.7414199065832117,1.2661576934167875,10,0.5600000000000002
threshold_32,threshold,3,3,6,2.867159825897677,1.1404177741023231,10,0.5400000000000001
threshold_32,threshold,3,4,6,2.803019493662761,1.2045581063372404,10,0.5600000000000002
threshold_32,threshold,3,5,6,2.7827561301254207,1.2248214698745794,10,0.5600000000000002
threshold_32,threshold,3,6,6,2.831714429049152,1.1758631709508494,10,0.5600000000000002
threshold_32,threshold,3,7,6,2.7825798431605704,1.2249977568394306,10,0.5400000000000001
threshold_32,threshold,3,8,6,2.6302960962425797,1.3772815037574204,10,0.5800000000000002
threshold_32,threshold,3,9,6,3.0552631372970915,0.9523144627029092,10,0.5000000000000001
threshold_32,threshold,3,0,7,2.93602025980834,1.0715573401916614,9,0.5200000000000001
threshold_32,threshold,3,1,7,2.540853165339037,1.4667244346609636,10,0.6000000000000002
threshold_32,threshold,3,2,7,2.6394478799110432,1.368129720088957,10,0.5800000000000002
threshold_32,threshold,3,3,7,2.768859016319384,1.2387185836806156,10,0.5600000000000002
threshold_32,threshold,3,4,7,2.7895290049518504,1.21804859504815,9,0.5400000000000001
threshold_32,threshold,3,5,7,2.7399077422635343,1.2676698577364653,10,0.5400000000000001
threshold_32,threshold,3,6,7,2.7549934328347097,1.2525841671652929,10,0.5600000000000002
threshold_32,threshold,3,7,7,2.686886635350973,1.3206909646490277,10,0.5600000000000002
threshold_32,threshold,3,8,7,2.5897730491114124,1.4178045508885881,10,0.5800000000000002
threshold_32,threshold,3,9,7,2.8937383550022306,1.1138392449977692,10,0.5400000000000001
threshold_32,threshold,3,0,8,2.898543069948027,1.109034530051973,9,0.5400000000000001
threshold_32,threshold,3,1,8,2.4501830853550963,1.5573945146449035,10,0.6000000000000002
threshold_32,threshold,3,2,8,2.5177917828496907,1.4897858171503082,10,0.5800000000000002
threshold_32,threshold,3,3,8,2.647693860988487,1.3598837390115133,10,0.5800000000000002
threshold_32,threshold,3,4,8,2.67472711520937,1.332850484790631,10,0.5800000000000002
threshold_32,threshold,3,5,8,2.602449926543096,1.4051276734569036,10,0.5800000000000002
threshold_32,threshold,3,6,8,2.55830510925474,1.4492724907452599,10,0.6000000000000002
threshold_32,threshold,3,7,8,2.5790609165011955,1.4285166834988052,10,0.5800000000000002
threshold_32,threshold,3,8,8,2.368121893905504,1.639455706094497,10,0.6000000000000002
threshold_32,threshold,3,9,8,2.7747021067242925,1.232875493275708,10,0.5800000000000002
threshold_32,threshold,3,0,9,3.2268520754306547,0.7807255245693445,8,0.4000000000000001
threshold_32,threshold,3,1,9,2.8548405316822323,1.152737068317768,9,0.5200000000000001
threshold_32,threshold,3,2,9,2.9392954558325073,1.068282144167493,9,0.5000000000000001
threshold_32,threshold,3,3,9,2.9802076137504354,1.0273699862495658,9,0.48000000000000015
threshold_32,threshold,3,4,9,3.0410905413583813,0.9664870586416184,9,0.48000000000000015
threshold_32,threshold,3,5,9,3.0236089096400334,0.9839686903599667,9,0.5000000000000001
threshold_32,threshold,3,6,9,3.018294762964576,0.9892828370354234,9,0.5000000000000001
threshold_32,threshold,3,7,9,2.936959775208153,1.0706178247918474,10,0.5400000000000001
threshold_32,threshold,3,8,9,2.7859966708260226,1.2215809291739776,9,0.5600000000000002
threshold_32,threshold,3,9,9,3.137912681478848,0.8696649185211528,9,0.4000000000000001
threshold_33,threshold,3,0,0,3.1695040682521807,0.8380735317478193,9,0.4200000000000001
threshold_33,threshold,3,1,0,2.860085687378608,1.1474919126213923,9,0.5600000000000002
threshold_33,threshold,3,2,0,3.012652481662702,0.9949251183372995,9,0.48000000000000015
threshold_33,threshold,3,3,0,3.0135164645784123,0.9940611354215877,9,0.5000000000000001
threshold_33,threshold,3,4,0,2.9832757253586575,1.0243018746413433,9,0.5000000000000001
threshold_33,threshold,3,5,0,3.0285793513511887,0.9789982486488105,9,0.5000000000000001
threshold_33,threshold,3,6,0,3.027919588534258,0.9796580114657429,9,0.5000000000000001
threshold_33,threshold,3,7,0,2.977949781952804,1.0296278180471954,10,0.48000000000000015
threshold_33,threshold,3,8,0,2.9088103665939764,1.0987672334060232,9,0.5600000000000002
threshold_33,threshold,3,9,0,3.209093097914201,0.7984845020857987,9,0.4200000000000001
threshold_33,threshold,3,0,1,2.8101169263164003,1.197460673683599,10,0.5600000000000002
threshold_33,threshold,3,1,1,2.5065073653816783,1.5010702346183218,10,0.6000000000000002
threshold_33,threshold,3,2,1,2.5686015543077914,1.4389760456922085,10,0.5800000000000002
threshold_33,threshold,3,3,1,2.6466542049262958,1.3609233950737052,10,0.5600000000000002
threshold_33,threshold,3,4,1,2.715456536862119,1.2921210631378803,10,0.5800000000000002
threshold_33,threshold,3,5,1,2.6052587657698827,1.402318834230117,10,0.6000000000000002
threshold_33,threshold,3,6,1,2.61527024740782,1.3923073525921807,10,0.5800000000000002
threshold_33,threshold,3,7,1,2.711380030072791,1.2961975699272095,10,0.5800000000000002
threshold_33,threshold,3,8,1,2.472943921048503,1.5346336789514963,10,0.6000000000000002
threshold_33,threshold,3,9,1,2.943300134492408,1.064277465507593,10,0.5400000000000001
threshold_33,threshold,3,0,2,2.9839051342779555,1.0236724657220437,9,0.5000000000000001
threshold_33,threshold,3,1,2,2.5710491766387564,1.4365284233612448,10,0.5800000000000002
threshold_33,threshold,3,2,2,2.737696514041736,1.2698810859582645,10,0.5600000000000002
threshold_33,threshold,3,3,2,2.765869471698638,1.2417081283013618,10,0.5400000000000001
threshold_33,threshold,3,4,2,2.833802444260913,1.1737751557390852,10,0.5600000000000002
threshold_33,threshold,3,5,2,2.6983147659503834,1.309262834049617,10,0.5800000000000002
threshold_33,threshold,3,6,2,2.7209358937236403,1.2866417062763587,9,0.5400000000000001
threshold_33,threshold,3,7,2,2.7375545422715364,1.2700230577284635,9,0.5600000000000002
threshold_33,threshold,3,8,2,2.6135687385359314,1.3940088614640698,9,0.5600000000000002
threshold_33,threshold,3,9,2,2.957163926527641,1.0504136734723597,10,0.5000000000000001
threshold_33,threshold,3,0,3,3.041158476341784,0.9664191236582147,9,0.46000000000000013
threshold_33,threshold,3,1,3,2.543892539079764,1.4636850609202356,10,0.6000000000000002
threshold_33,threshold,3,2,3,2.6889610420007757,1.3186165579992244,10,0.5600000000000002
threshold_33,threshold,3,3,3,2.7770593517176247,1.230518248282375,10,0.5400000000000001
threshold_33,threshold,3,4,3,2.7759467655888432,1.2316308344111566,9,0.5400000000000001
threshold_33,threshold,3,5,3,2.7925956262383442,1.2149819737616563,9,0.5200000000000001
threshold_33,threshold,3,6,3,2.717740123816837,1.2898374761831637,9,0.5600000000000002
threshold_33,threshold,3,7,3,2.6641811962196362,1.3433964037803652,10,0.5800000000000002
threshold_33,threshold,3,8,3,2.6089464692877264,1.3986311307122736,10,0.5800000000000002
threshold_33,threshold,3,9,3,3.039365181950544,0.9682124180494558,9,0.48000000000000015
threshold_33,threshold,3,0,4,3.0036580443388408,1.003919555661159,9,0.48000000000000015
threshold_33,threshold,3,1,4,2.5931522806873084,1.414425319312692,10,0.5800000000000002
threshold_33,threshold,3,2,4,2.7342318780334853,1.2733457219665156,9,0.5400000000000001
threshold_33,threshold,3,3,4,2.7565311810635267,1.2510464189364727,10,0.5600000000000002
threshold_33,threshold,3,4,4,2.7847201598448676,1.2228574401551324,9,0.5400000000000001
threshold_33,threshold,3,5,4,2.7621859695918993,1.2453916304080996,10,0.5400000000000001
threshold_33,threshold,3,6,4,2.711714449252057,1.2958631507479426,10,0.5600000000000002
threshold_33,threshold,3,7,4,2.6984391593189905,1.3091384406810094,10,0.5400000000000001
threshold_33,threshold,3,8,4,2.625837251089809,1.38174034891019,10,0.5800000000000002
threshold_33,threshold,3,9,4,3.0304491527621416,0.9771284472378579,9,0.48000000000000015
threshold_33,threshold,3,0,5,2.9809529379047923,1.0266246620952095,10,0.5000000000000001
threshold_33,threshold,3,1,5,2.5896796354768212,1.4178979645231795,10,0.5800000000000002
threshold_33,threshold,3,2,5,2.7179629350176246,1.2896146649823754,10,0.5600000000000002
threshold_33,threshold,3,3,5,2.7690522763340226,1.2385253236659777,10,0.5400000000000001
threshold_33,threshold,3,4,5,2.7560664883080968,1.2515111116919024,10,0.5600000000000002
threshold_33,threshold,3,5,5,2.74008227916968,1.2674953208303203,10,0.5600000000000002
threshold_33,threshold,3,6,5,2.7924252724949827,1.2151523275050171,10,0.5400000000000001
threshold_33,threshold,3,7,5,2.7317039408390626,1.2758736591609365,10,0.5400000000000001
threshold_33,threshold,3,8,5,2.609698617444768,1.3978789825552322,10,0.6000000000000002
threshold_33,threshold,3,9,5,2.9650183212898056,1.0425592787101945,9,0.48000000000000015
threshold_33,threshold,3,0,6,2.99065419869574,1.016923401304259,10,0.5200000000000001
threshold_33,threshold,3,1,6,2.656413403014538,1.3511641969854622,10,0.5800000000000002
threshold_33,threshold,3,2,6,2.684383905307975,1.3231936946920257,10,0.5600000000000002
threshold_33,threshold,3,3,6,2.721802960075332,1.2857746399246686,10,0.5800000000000002
threshold_33,threshold,3,4,6,2.733186985131374,1.274390614868626,10,0.5400000000000001
threshold_33,threshold,3,5,6,2.6913862423828165,1.3161913576171826,10,0.5800000000000002
threshold_33,threshold,3,6,6,2.8449634023433625,1.1626141976566384,10,0.5400000000000001
threshold_33,threshold,3,7,6,2.7394209948024364,1.2681566051975635,10,0.5800000000000002
threshold_33,threshold,3,8,6,2.5937991572753196,1.413778442724681,10,0.6000000000000002
threshold_33,threshold,3,9,6,3.0220992290026727,0.985478370997327,9,0.5000000000000001
threshold_33,threshold,3,0,7,2.880216811807735,1.1273607881922643,9,0.5200000000000001
threshold_33,threshold,3,1,7,2.6082872950314164,1.3992903049685834,10,0.5800000000000002
threshold_33,threshold,3,2,7,2.7237890518156718,1.2837885481843292,10,0.5800000000000002
threshold_33,threshold,3,3,7,2.824758399267523,1.1828192007324765,10,0.5400000000000001
threshold_33,threshold,3,4,7,2.7837432346946107,1.2238343653053885,10,0.5400000000000001
threshold_33,threshold,3,5,7,2.7480177112387802,1.2595598887612194,10,0.5800000000000002
threshold_33,threshold,3,6,7,2.7347103071016834,1.272867292898317,9,0.5400000000000001
threshold_33,threshold,3,7,7,2.7016067961568155,1.3059708038431854,10,0.5800000000000002
threshold_33,threshold,3,8,7,2.6076608354177573,1.3999167645822426,10,0.5800000000000002
threshold_33,threshold,3,9,7,2.9671186471220983,1.040458952877902,9,0.48000000000000015
threshold_33,threshold,3,0,8,2.830999734733275,1.1765778652667263,10,0.5800000000000002
threshold_33,threshold,3,1,8,2.5028056579078917,1.5047719420921084,10,0.6000000000000002
threshold_33,threshold,3,2,8,2.6178406005847696,1.38973699941523,10,0.6000000000000002
threshold_33,threshold,3,3,8,2.6711397283987184,1.3364378716012826,9,0.5600000000000002
threshold_33,threshold,3,4,8,2.6036392674051143,1.4039383325948855,10,0.5800000000000002
threshold_33,threshold,3,5,8,2.6244533646063504,1.3831242353936506,10,0.5800000000000002
threshold_33,threshold,3,6,8,2.6722330445074243,1.3353445554925754,10,0.5600000000000002
threshold_33,threshold,3,7,8,2.6171941449355156,1.3903834550644831,10,0.6000000000000002
threshold_33,threshold,3,8,8,2.4749232438243425,1.532654356175658,10,0.6000000000000002
threshold_33,threshold,3,9,8,2.883423915551391,1.1241536844486086,9,0.5200000000000001
threshold_33,threshold,3,0,9,3.234564991633178,0.773012608366822,8,0.36000000000000004
threshold_33,threshold,3,1,9,2.85289763700137,1.1546799629986297,10,0.5600000000000002
threshold_33,threshold,3,2,9,2.951732006236918,1.0558455937630828,10,0.5200000000000001
threshold_33,threshold,3,3,9,2.977280163730666,1.0302974362693342,9,0.48000000000000015
threshold_33,threshold,3,4,9,2.986261211228229,1.021316388771774,9,0.48000000000000015
threshold_33,threshold,3,5,9,2.9967151986367027,1.010862401363299,9,0.5000000000000001
threshold_33,threshold,3,6,9,2.990343361733035,1.0172342382669655,10,0.5200000000000001
threshold_33,threshold,3,7,9,2.968802125875028,1.0387754741249717,10,0.5200000000000001
threshold_33,threshold,3,8,9,2.8934160398322453,1.1141615601677546,9,0.5400000000000001
threshold_33,threshold,3,9,9,3.2094097721258077,0.7981678278741907,8,0.4200000000000001
threshold_34,threshold,1,0,0,3.355612262186468,0.6519653378135319,4,0.08
threshold_34,threshold,1,1,0,3.2898048294424957,0.7177727705575053,8,0.16
threshold_34,threshold,1,2,0,3.3414592478118785,0.6661183521881223,7,0.14
threshold_34,threshold,1,3,0,3.332997390072663,0.6745802099273377,7,0.14
threshold_34,threshold,1,4,0,3.3098313049713983,0.6977462950286016,6,0.12000000000000001
threshold_34,threshold,1,5,0,3.3239130986953405,0.683664501304659,7,0.14
threshold_34,threshold,1,6,0,3.3324064286089645,0.6751711713910349,7,0.14
threshold_34,threshold,1,7,0,3.2962253069621226,0.711352293037878,7,0.14
threshold_34,threshold,1,8,0,3.309719969619941,0.6978576303800592,8,0.16
threshold_34,threshold,1,9,0,3.368816474386826,0.6387611256131737,5,0.1
threshold_34,threshold,1,0,1,3.2995012709563802,0.7080763290436187,9,0.18
threshold_34,threshold,1,1,1,3.216844552068414,0.7907330479315858,10,0.19999999999999998
threshold_34,threshold,1,2,1,3.2581577208190122,0.7494198791809885,9,0.18
threshold_34,threshold,1,3,1,3.242916259472853,0.7646613405271458,9,0.18
threshold_34,threshold,1,4,1,3.2661428628282705,0.7414347371717286,9,0.18
threshold_34,threshold,1,5,1,3.2420722181469706,0.7655053818530302,9,0.18
threshold_34,threshold,1,6,1,3.2432553678232576,0.7643222321767426,9,0.18
threshold_34,threshold,1,7,1,3.2300354097480324,0.7775421902519688,9,0.18
threshold_34,threshold,1,8,1,3.1857261315177636,0.8218514684822356,10,0.19999999999999998
threshold_34,threshold,1,9,1,3.2913230272550287,0.7162545727449715,8,0.16
threshold_34,threshold,1,0,2,3.3056705265383397,0.7019070734616603,7,0.14
threshold_34,threshold,1,1,2,3.2583694682003923,0.7492081317996071,9,0.18
threshold_34,threshold,1,2,2,3.2868103574748813,0.7207672425251213,9,0.18
threshold_34,threshold,1,3,2,3.2970152041912626,0.710562395808738,9,0.18
threshold_34,threshold,1,4,2,3.265526704418835,0.7420508955811645,9,0.18
threshold_34,threshold,1,5,2,3.3006600468433773,0.7069175531566217,8,0.16
threshold_34,threshold,1,6,2,3.2961117564969435,0.7114658435030587,9,0.18
threshold_34,threshold,1,7,2,3.293120534124789,0.7144570658752112,9,0.18
threshold_34,threshold,1,8,2,3.2671463413155117,0.7404312586844884,10,0.19999999999999998
threshold_34,threshold,1,9,2,3.308480919261208,0.6990966807387909,7,0.14
threshold_34,threshold,1,0,3,3.343672523842234,0.6639050761577662,7,0.14
threshold_34,threshold,1,1,3,3.274841025960686,0.7327365740393158,9,0.18
threshold_34,threshold,1,2,3,3.2930114933728754,0.7145661066271234,8,0.16
threshold_34,threshold,1,3,3,3.29492595028516,0.7126516497148399,8,0.16
threshold_34,threshold,1,4,3,3.3205892692399646,0.6869883307600361,8,0.16
threshold_34,threshold,1,5,3,3.295412790476539,0.7121648095234605,8,0.16
threshold_34,threshold,1,6,3,3.2836152487046735,0.7239623512953273,8,0.16
threshold_34,threshold,1,7,3,3.309464707206466,0.6981128927935335,8,0.16
threshold_34,threshold,1,8,3,3.247087858690093,0.7604897413099069,10,0.19999999999999998
threshold_34,threshold,1,9,3,3.311996280493939,0.695581319506062,7,0.14
threshold_34,threshold,1,0,4,3.33863819130658,0.6689394086934197,7,0.14
threshold_34,threshold,1,1,4,3.250962222534454,0.7566153774655462,9,0.18
threshold_34,threshold,1,2,4,3.2930775955021576,0.7145000044978427,9,0.18
threshold_34,threshold,1,3,4,3.2893579016178136,0.7182196983821859,8,0.16
threshold_34,threshold,1,4,4,3.3041039217233448,0.7034736782766544,9,0.18
threshold_34,threshold,1,5,4,3.2884196618088795,0.7191579381911203,9,0.18
threshold_34,threshold,1,6,4,3.278761761521085,0.7288158384789145,9,0.18
threshold_34,threshold,1,7,4,3.2805367713026534,0.7270408286973485,8,0.16
threshold_34,threshold,1,8,4,3.2281139734523987,0.7794636265476014,9,0.18
threshold_34,threshold,1,9,4,3.3295918533685556,0.6779857466314448,6,0.12000000000000001
threshold_34,threshold,1,0,5,3.319690032309545,0.6878875676904564,6,0.12000000000000001
threshold_34,threshold,1,1,5,3.239713694373563,0.767863905626437,9,0.18
threshold_34,threshold,1,2,5,3.3044854736669875,0.7030921263330138,9,0.18
threshold_34,threshold,1,3,5,3.310505824024562,0.6970717759754377,9,0.18
threshold_34,threshold,1,4,5,3.2998234585022517,0.707754141497749,9,0.18
threshold_34,threshold,1,5,5,3.2843820817421703,0.7231955182578308,8,0.16
threshold_34,threshold,1,6,5,3.313612526457975,0.6939650735420255,8,0.16
threshold_34,threshold,1,7,5,3.2724915475143637,0.7350860524856364,9,0.18
threshold_34,threshold,1,8,5,3.2478084282551745,0.7597691717448269,10,0.19999999999999998
threshold_34,threshold,1,9,5,3.300730979489275,0.7068466205107241,7,0.14
threshold_34,threshold,1,0,6,3.30791315952532,0.6996644404746835,6,0.12000000000000001
threshold_34,threshold,1,1,6,3.270996566128246,0.736581033871754,9,0.18
threshold_34,threshold,1,2,6,3.307498553748491,0.7000790462515086,8,0.16
threshold_34,threshold,1,3,6,3.304992949814834,0.7025846501851661,9,0.18
threshold_34,threshold,1,4,6,3.29700749368616,0.7105701063138408,8,0.16
threshold_34,threshold,1,5,6,3.3042051651463824,0.7033724348536176,8,0.16
threshold_34,threshold,1,6,6,3.2923628413576687,0.7152147586423306,9,0.18
threshold_34,threshold,1,7,6,3.28809160705218,0.7194859929478207,9,0.18
threshold_34,threshold,1,8,6,3.234112141649309,0.7734654583506912,10,0.19999999999999998
threshold_34,threshold,1,9,6,3.3261830816868936,0.6813945183131077,7,0.14
threshold_34,threshold,1,0,7,3.335432276264423,0.6721453237355773,7,0.14
threshold_34,threshold,1,1,7,3.2465070120738573,0.7610705879261422,10,0.19999999999999998
threshold_34,threshold,1,2,7,3.3012459995236925,0.7063316004763083,9,0.18
threshold_34,threshold,1,3,7,3.3135415819041505,0.6940360180958505,8,0.16
threshold_34,threshold,1,4,7,3.3138181015003334,0.6937594984996663,8,0.16
threshold_34,threshold,1,5,7,3.2922243539203384,0.7153532460796623,9,0.18
threshold_34,threshold,1,6,7,3.2978346444852975,0.709742955514704,8,0.16
threshold_34,threshold,1,7,7,3.3150961998694095,0.6924814001305916,8,0.16
threshold_34,threshold,1,8,7,3.2588503719423487,0.7487272280576502,9,0.18
threshold_34,threshold,1,9,7,3.2941791987713005,0.713398401228701,6,0.12000000000000001
threshold_34,threshold,1,0,8,3.2935548385931397,0.7140227614068609,9,0.18
threshold_34,threshold,1,1,8,3.1268559023023195,0.8807216976976817,10,0.19999999999999998
threshold_34,threshold,1,2,8,3.2650065941407433,0.742571005859257,9,0.18
threshold_34,threshold,1,3,8,3.2806092098561472,0.7269683901438537,9,0.18
threshold_34,threshold,1,4,8,3.2678611982285246,0.7397164017714745,9,0.18
threshold_34,threshold,1,5,8,3.2576890485591954,0.7498885514408065,9,0.18
threshold_34,threshold,1,6,8,3.2687388372415564,0.7388387627584432,10,0.19999999999999998
threshold_34,threshold,1,7,8,3.261593616171714,0.7459839838282861,9,0.18
threshold_34,threshold,1,8,8,3.1865646897741016,0.8210129102258987,10,0.19999999999999998
threshold_34,threshold,1,9,8,3.307415909721902,0.7001616902780973,9,0.18
threshold_34,threshold,1,0,9,3.3069581659905265,0.7006194340094737,5,0.1
threshold_34,threshold,1,1,9,3.290899952285155,0.7166776477148461,8,0.16
threshold_34,threshold,1,2,9,3.321264453918438,0.6863131460815626,7,0.14
threshold_34,threshold,1,3,9,3.33089059978759,0.6766870002124106,7,0.14
threshold_34,threshold,1,4,9,3.3167604999482014,0.6908171000517987,7,0.14
threshold_34,threshold,1,5,9,3.3197502658687745,0.687827334131226,7,0.14
threshold_34,threshold,1,6,9,3.304730228571608,0.7028473714283935,6,0.12000000000000001
threshold_34,threshold,1,7,9,3.315500764711769,0.6920768352882302,7,0.14
threshold_34,threshold,1,8,9,3.289129840442081,0.7184477595579187,9,0.18
threshold_34,threshold,1,9,9,3.3134219886953726,0.6941556113046278,5,0.1
threshold_35,threshold,1,0,0,3.3493997969377567,0.6581778030622428,5,0.1
threshold_35,threshold,1,1,0,3.3019772994510412,0.7056003005489592,8,0.16
threshold_35,threshold,1,2,0,3.3348958725355873,0.6726817274644129,8,0.16
threshold_35,threshold,1,3,0,3.3277423962729524,0.6798352037270481,7,0.14
threshold_35,threshold,1,4,0,3.3227726756109157,0.6848049243890852,7,0.14
threshold_35,threshold,1,5,0,3.3206345468023457,0.6869430531976527,7,0.14
threshold_35,threshold,1,6,0,3.3061238892740454,0.7014537107259539,7,0.14
threshold_35,threshold,1,7,0,3.3166285363433774,0.6909490636566238,7,0.14
threshold_35,threshold,1,8,0,3.320766042639797,0.6868115573602028,8,0.16
threshold_35,threshold,1,9,0,3.3440585200850323,0.663519079914967,4,0.08
threshold_35,threshold,1,0,1,3.281644609441634,0.7259329905583656,9,0.18
threshold_35,threshold,1,1,1,3.2133861582944476,0.7941914417055519,10,0.19999999999999998
threshold_35,threshold,1,2,1,3.2612566267738874,0.7463209732261135,10,0.19999999999999998
threshold_35,threshold,1,3,1,3.2447953542706336,0.7627822457293669,9,0.18
threshold_35,threshold,1,4,1,3.2569096695530098,0.7506679304469904,9,0.18
threshold_35,threshold,1,5,1,3.247925053104398,0.7596525468956015,10,0.19999999999999998
threshold_35,threshold,1,6,1,3.2470965603505024,0.7604810396494981,9,0.18
threshold_35,threshold,1,7,1,3.2596990879608905,0.7478785120391095,10,0.19999999999999998
threshold_35,threshold,1,8,1,3.1964256144295167,0.8111519855704833,10,0.19999999999999998
threshold_35,threshold,1,9,1,3.3060202407291803,0.7015573592708205,9,0.18
threshold_35,threshold,1,0,2,3.3023241412015074,0.7052534587984916,7,0.14
threshold_35,threshold,1,1,2,3.254664903608343,0.7529126963916575,9,0.18
threshold_35,threshold,1,2,2,3.304372839818335,0.7032047601816652,9,0.18
threshold_35,threshold,1,3,2,3.304458248145226,0.7031193518547749,8,0.16
threshold_35,threshold,1,4,2,3.314720315005573,0.6928572849944279,8,0.16
threshold_35,threshold,1,5,2,3.326699818847448,0.6808777811525519,8,0.16
threshold_35,threshold,1,6,2,3.2912907376187612,0.7162868623812386,9,0.18
threshold_35,threshold,1,7,2,3.3088725749711716,0.6987050250288286,8,0.16
threshold_35,threshold,1,8,2,3.3143343670002468,0.6932432329997541,9,0.18
threshold_35,threshold,1,9,2,3.300947432810395,0.7066301671896057,7,0.14
threshold_35,threshold,1,0,3,3.3086689160234055,0.6989086839765953,8,0.16
threshold_35,threshold,1,1,3,3.227488938265078,0.7800886617349224,9,0.18
threshold_35,threshold,1,2,3,3.2830583497771255,0.7245192502228754,8,0.16
threshold_35,threshold,1,3,3,3.295887151862214,0.7116904481377866,9,0.18
threshold_35,threshold,1,4,3,3.2832122761473848,0.7243653238526155,9,0.18
threshold_35,threshold,1,5,3,3.2881115455897247,0.7194660544102751,7,0.14
threshold_35,threshold,1,6,3,3.287702101100762,0.7198754988992394,8,0.16
threshold_35,threshold,1,7,3,3.2986295102800063,0.7089480897199943,8,0.16
threshold_35,threshold,1,8,3,3.235268820992023,0.7723087790079762,10,0.19999999999999998
threshold_35,threshold,1,9,3,3.3173924948902713,0.6901851051097281,8,0.16
threshold_35,threshold,1,0,4,3.3130908667426686,0.6944867332573305,6,0.12000000000000001
threshold_35,threshold,1,1,4,3.228067911236994,0.7795096887630062,10,0.19999999999999998
threshold_35,threshold,1,2,4,3.2970713577879134,0.7105062422120874,9,0.18
threshold_35,threshold,1,3,4,3.2873685549702136,0.7202090450297866,9,0.18
threshold_35,threshold,1,4,4,3.315287677997732,0.6922899220022691,7,0.14
threshold_35,threshold,1,5,4,3.293325941810163,0.714251658189837,9,0.18
threshold_35,threshold,1,6,4,3.2907457883576443,0.7168318116423555,9,0.18
threshold_35,threshold,1,7,4,3.3121224863398,0.6954551136601995,9,0.18
threshold_35,threshold,1,8,4,3.257528336863723,0.7500492631362765,9,0.18
threshold_35,threshold,1,9,4,3.3087350817163266,0.6988425182836737,7,0.14
threshold_35,threshold,1,0,5,3.3124811977246003,0.6950964022753998,8,0.16
threshold_35,threshold,1,1,5,3.238114230440921,0.7694633695590793,10,0.19999999999999998
threshold_35,threshold,1,2,5,3.2951007572820163,0.7124768427179831,8,0.16
threshold_35,threshold,1,3,5,3.2999607346307473,0.7076168653692522,9,0.18
threshold_35,threshold,1,4,5,3.2929298081883736,0.7146477918116269,8,0.16
threshold_35,threshold,1,5,5,3.301831438737846,0.7057461612621532,8,0.16
threshold_35,threshold,1,6,5,3.273857772986219,0.7337198270137816,8,0.16
threshold_35,threshold,1,7,5,3.299529726378618,0.7080478736213821,9,0.18
threshold_35,threshold,1,8,5,3.257775682562865,0.7498019174371342,10,0.19999999999999998
threshold_35,threshold,1,9,5,3.308911948190346,0.698665651809654,7,0.14
threshold_35,threshold,1,0,6,3.329820709029321,0.6777568909706784,7,0.14
threshold_35,threshold,1,1,6,3.284178461076351,0.723399138923649,9,0.18
threshold_35,threshold,1,2,6,3.2890216370423886,0.7185559629576116,9,0.18
threshold_35,threshold,1,3,6,3.3308229885042624,0.6767546114957378,8,0.16
threshold_35,threshold,1,4,6,3.2873795503241428,0.7201980496758563,7,0.14
threshold_35,threshold,1,5,6,3.297134185332589,0.710443414667412,8,0.16
threshold_35,threshold,1,6,6,3.3131260542991074,0.6944515457008923,7,0.14
threshold_35,threshold,1,7,6,3.3071670992544,0.7004105007456003,8,0.16
threshold_35,threshold,1,8,6,3.240902368532543,0.7666752314674579,10,0.19999999999999998
threshold_35,threshold,1,9,6,3.311383494311181,0.6961941056888182,7,0.14
threshold_35,threshold,1,0,7,3.3176896808235052,0.6898879191764943,8,0.16
threshold_35,threshold,1,1,7,3.2376450697682935,0.7699325302317057,9,0.18
threshold_35,threshold,1,2,7,3.2990799894618204,0.7084976105381803,9,0.18
threshold_35,threshold,1,3,7,3.2781977065839056,0.729379893416095,9,0.18
threshold_35,threshold,1,4,7,3.3091014856541836,0.6984761143458199,8,0.16
threshold_35,threshold,1,5,7,3.310373130925072,0.6972044690749278,9,0.18
threshold_35,threshold,1,6,7,3.3054920459040065,0.7020855540959932,8,0.16
threshold_35,threshold,1,7,7,3.2829796315545945,0.7245979684454072,9,0.18
threshold_35,threshold,1,8,7,3.232422885018279,0.7751547149817205,10,0.19999999999999998
threshold_35,threshold,1,9,7,3.323637008337301,0.6839405916626982,7,0.14
threshold_35,threshold,1,0,8,3.2764540825520765,0.7311235174479234,8,0.16
threshold_35,threshold,1,1,8,3.191145330124085,0.8164322698759144,10,0.19999999999999998
threshold_35,threshold,1,2,8,3.256318031641843,0.7512595683581573,9,0.18
threshold_35,threshold,1,3,8,3.2406298218727203,0.7669477781272809,9,0.18
threshold_35,threshold,1,4,8,3.291164055419603,0.7164135445803993,9,0.18
threshold_35,threshold,1,5,8,3.273702315922735,0.7338752840772651,9,0.18
threshold_35,threshold,1,6,8,3.2465669512875848,0.7610106487124151,10,0.19999999999999998
threshold_35,threshold,1,7,8,3.272733626185494,0.7348439738145071,8,0.16
threshold_35,threshold,1,8,8,3.1870503476013043,0.8205272523986946,10,0.19999999999999998
threshold_35,threshold,1,9,8,3.286350921717929,0.7212266782820718,8,0.16
threshold_35,threshold,1,0,9,3.3331685161778535,0.6744090838221445,6,0.12000000000000001
threshold_35,threshold,1,1,9,3.295143696554931,0.7124339034450697,8,0.16
threshold_35,threshold,1,2,9,3.2934828004211396,0.7140947995788598,7,0.14
threshold_35,threshold,1,3,9,3.3119054660983385,0.6956721339016613,8,0.16
threshold_35,threshold,1,4,9,3.3246960055175454,0.6828815944824553,7,0.14
threshold_35,threshold,1,5,9,3.3149796738943924,0.6925979261056054,7,0.14
threshold_35,threshold,1,6,9,3.3043589104422724,0.7032186895577278,7,0.14
threshold_35,threshold,1,7,9,3.30381787817266,0.7037597218273404,7,0.14
threshold_35,threshold,1,8,9,3.299971777653767,0.7076058223462337,9,0.18
threshold_35,threshold,1,9,9,3.3211074208419933,0.6864701791580062,5,0.1
threshold_36,threshold,1,0,0,3.2931205042456164,0.7144570957543843,4,0.08
threshold_36,threshold,1,1,0,3.312475339115748,0.6951022608842515,9,0.18
threshold_36,threshold,1,2,0,3.3272798928178604,0.6802977071821382,6,0.12000000000000001
threshold_36,threshold,1,3,0,3.3253833499194583,0.6821942500805444,7,0.14
threshold_36,threshold,1,4,0,3.3042815996025445,0.7032960003974565,6,0.12000000000000001
threshold_36,threshold,1,5,0,3.334887352764646,0.6726902472353546,6,0.12000000000000001
threshold_36,threshold,1,6,0,3.3551321477023146,0.6524454522976845,7,0.14
threshold_36,threshold,1,7,0,3.3045141834330636,0.7030634165669365,6,0.12000000000000001
threshold_36,threshold,1,8,0,3.310207859031191,0.6973697409688074,8,0.16
threshold_36,threshold,1,9,0,3.360245075293757,0.6473325247062439,5,0.1
threshold_36,threshold,1,0,1,3.279267226209869,0.7283103737901313,8,0.16
threshold_36,threshold,1,1,1,3.2311176846108705,0.7764599153891295,10,0.19999999999999998
threshold_36,threshold,1,2,1,3.2214690301935263,0.7861085698064741,10,0.19999999999999998
threshold_36,threshold,1,3,1,3.2431102041954523,0.7644673958045479,9,0.18
threshold_36,threshold,1,4,1,3.259147401892597,0.7484301981074031,9,0.18
threshold_36,threshold,1,5,1,3.2692705055869955,0.7383070944130059,9,0.18
threshold_36,threshold,1,6,1,3.265355460476988,0.7422221395230131,9,0.18
threshold_36,threshold,1,7,1,3.2575191620796016,0.7500584379203983,10,0.19999999999999998
threshold_36,threshold,1,8,1,3.2006268508934994,0.8069507491065018,10,0.19999999999999998
threshold_36,threshold,1,9,1,3.3139810390761597,0.6935965609238406,8,0.16
threshold_36,threshold,1,0,2,3.3154168674808915,0.6921607325191077,8,0.16
threshold_36,threshold,1,1,2,3.2578053146024075,0.7497722853975921,10,0.19999999999999998
threshold_36,threshold,1,2,2,3.286099540111341,0.7214780598886593,8,0.16
threshold_36,threshold,1,3,2,3.2976960799034063,0.7098815200965952,8,0.16
threshold_36,threshold,1,4,2,3.301644029571707,0.7059335704282935,9,0.18
threshold_36,threshold,1,5,2,3.314926324226162,0.6926512757738361,8,0.16
threshold_36,threshold,1,6,2,3.293666266026187,0.7139113339738138,9,0.18
threshold_36,threshold,1,7,2,3.307352354948238,0.7002252450517625,8,0.16
threshold_36,threshold,1,8,2,3.224968125207441,0.7826094747925589,9,0.18
threshold_36,threshold,1,9,2,3.325377239570494,0.6822003604295062,7,0.14
threshold_36,threshold,1,0,3,3.3237991052860276,0.6837784947139725,7,0.14
threshold_36,threshold,1,1,3,3.262571934781743,0.7450056652182577,10,0.19999999999999998
threshold_36,threshold,1,2,3,3.297577154563695,0.7100004454363048,8,0.16
threshold_36,threshold,1,3,3,3.3012830064548035,0.7062945935451963,8,0.16
threshold_36,threshold,1,4,3,3.319370377060537,0.6882072229394628,8,0.16
threshold_36,threshold,1,5,3,3.324647807674021,0.6829297923259801,8,0.16
threshold_36,threshold,1,6,3,3.294763853906756,0.712813746093243,8,0.16
threshold_36,threshold,1,7,3,3.305178197717489,0.7023994022825122,8,0.16
threshold_36,threshold,1,8,3,3.2658915530184074,0.7416860469815931,8,0.16
threshold_36,threshold,1,9,3,3.303364412305964,0.7042131876940354,6,0.12000000000000001
threshold_36,threshold,1,0,4,3.2954054241457396,0.7121721758542596,7,0.14
threshold_36,threshold,1,1,4,3.2872880781597167,0.7202895218402839,10,0.19999999999999998
threshold_36,threshold,1,2,4,3.2980819106934485,0.70949568930655,7,0.14
threshold_36,threshold,1,3,4,3.322532735337483,0.6850448646625168,6,0.12000000000000001
threshold_36,threshold,1,4,4,3.3242091979656183,0.6833684020343814,8,0.16
threshold_36,threshold,1,5,4,3.319091984448349,0.6884856155516522,8,0.16
threshold_36,threshold,1,6,4,3.2941731140135846,0.713404485986416,8,0.16
threshold_36,threshold,1,7,4,3.3015109676554273,0.7060666323445725,8,0.16
threshold_36,threshold,1,8,4,3.271538547676071,0.7360390523239297,9,0.18
threshold_36,threshold,1,9,4,3.307421347892062,0.7001562521079377,7,0.14
threshold_36,threshold,1,0,5,3.3162591490920925,0.6913184509079082,7,0.14
threshold_36,threshold,1,1,5,3.259467372402872,0.7481102275971265,10,0.19999999999999998
threshold_36,threshold,1,2,5,3.3096958724458427,0.697881727554158,8,0.16
threshold_36,threshold,1,3,5,3.3303236021673093,0.677253997832689,8,0.16
threshold_36,threshold,1,4,5,3.338381102587173,0.6691964974128278,8,0.16
threshold_36,threshold,1,5,5,3.3143551838471677,0.6932224161528333,9,0.18
threshold_36,threshold,1,6,5,3.3124737126213075,0.6951038873786922,7,0.14
threshold_36,threshold,1,7,5,3.2881342336745134,0.7194433663254874,9,0.18
threshold_36,threshold,1,8,5,3.272368349359236,0.7352092506407649,9,0.18
threshold_36,threshold,1,9,5,3.321008520911127,0.6865690790888744,7,0.14
threshold_36,threshold,1,0,6,3.2928662016578656,0.7147113983421355,8,0.16
threshold_36,threshold,1,1,6,3.2868661410523887,0.7207114589476113,9,0.18
threshold_36,threshold,1,2,6,3.2993659838589355,0.7082116161410653,8,0.16
threshold_36,threshold,1,3,6,3.2946922140314405,0.7128853859685593,9,0.18
threshold_36,threshold,1,4,6,3.293710158188586,0.7138674418114147,8,0.16
threshold_36,threshold,1,5,6,3.305861307844629,0.7017162921553713,7,0.14
threshold_36,threshold,1,6,6,3.285040663343396,0.7225369366566037,9,0.18
threshold_36,threshold,1,7,6,3.288323317372786,0.7192542826272148,9,0.18
threshold_36,threshold,1,8,6,3.272463078573456,0.7351145214265449,9,0.18
threshold_36,threshold,1,9,6,3.3440532991882175,0.663524300811783,6,0.12000000000000001
threshold_36,threshold,1,0,7,3.2939081879148087,0.7136694120851914,6,0.12000000000000001
threshold_36,threshold,1,1,7,3.309215465720962,0.6983621342790395,9,0.18
threshold_36,threshold,1,2,7,3.315645133174904,0.6919324668250968,8,0.16
threshold_36,threshold,1,3,7,3.30910892373313,0.69846867626687,8,0.16
threshold_36,threshold,1,4,7,3.329227242727762,0.6783503572722361,8,0.16
threshold_36,threshold,1,5,7,3.281805804393026,0.7257717956069754,9,0.18
threshold_36,threshold,1,6,7,3.2732981134462453,0.7342794865537546,9,0.18
threshold_36,threshold,1,7,7,3.265099366317055,0.7424782336829461,8,0.16
threshold_36,threshold,1,8,7,3.2519914887394084,0.7555861112605914,9,0.18
threshold_36,threshold,1,9,7,3.3500574233506306,0.6575201766493691,7,0.14
threshold_36,threshold,1,0,8,3.3182864278980673,0.6892911721019351,7,0.14
threshold_36,threshold,1,1,8,3.243181089326227,0.7643965106737729,9,0.18
threshold_36,threshold,1,2,8,3.268268152248497,0.7393094477515031,9,0.18
threshold_36,threshold,1,3,8,3.273875864511228,0.7337017354887726,9,0.18
threshold_36,threshold,1,4,8,3.263339193373726,0.7442384066262734,9,0.18
threshold_36,threshold,1,5,8,3.266223907712365,0.7413536922876354,9,0.18
threshold_36,threshold,1,6,8,3.259419708272683,0.7481578917273172,10,0.19999999999999998
threshold_36,threshold,1,7,8,3.2641971913247416,0.7433804086752587,9,0.18
threshold_36,threshold,1,8,8,3.1845626740631205,0.8230149259368806,10,0.19999999999999998
threshold_36,threshold,1,9,8,3.305185963425436,0.7023916365745632,8,0.16
threshold_36,threshold,1,0,9,3.3118278070774454,0.6957497929225542,4,0.08
threshold_36,threshold,1,1,9,3.3096542602353214,0.6979233397646788,8,0.16
threshold_36,threshold,1,2,9,3.3440226078103206,0.6635549921896804,7,0.14
threshold_36,threshold,1,3,9,3.318597829321937,0.6889797706780634,6,0.12000000000000001
threshold_36,threshold,1,4,9,3.3349018633754914,0.6726757366245093,7,0.14
threshold_36,threshold,1,5,9,3.3008894355782092,0.7066881644217913,8,0.16
threshold_36,threshold,1,6,9,3.3210510171718552,0.6865265828281452,8,0.16
threshold_36,threshold,1,7,9,3.3091735871950574,0.6984040128049435,7,0.14
threshold_36,threshold,1,8,9,3.312964796457141,0.6946128035428595,9,0.18
threshold_36,threshold,1,9,9,3.317442498803404,0.6901351011965948,4,0.08
threshold_37,threshold,1,0,0,3.3491663149211663,0.6584112850788332,5,0.1
threshold_37,threshold,1,1,0,3.331252626620159,0.6763249733798397,9,0.18
threshold_37,threshold,1,2,0,3.3101123465335607,0.69746525346644,7,0.14
threshold_37,threshold,1,3,0,3.328720081788467,0.6788575182115334,7,0.14
threshold_37,threshold,1,4,0,3.319475335544826,0.6881022644551743,5,0.1
threshold_37,threshold,1,5,0,3.295550144571287,0.7120274554287138,8,0.16
threshold_37,threshold,1,6,0,3.331182898506869,0.6763947014931303,8,0.16
threshold_37,threshold,1,7,0,3.2986068551665086,0.7089707448334935,7,0.14
threshold_37,threshold,1,8,0,3.2873710548535455,0.7202065451464551,9,0.18
threshold_37,threshold,1,9,0,3.3354787863850732,0.6720988136149272,5,0.1
threshold_37,threshold,1,0,1,3.303526067942982,0.7040515320570182,8,0.16
threshold_37,threshold,1,1,1,3.1667704287345204,0.8408071712654808,10,0.19999999999999998
threshold_37,threshold,1,2,1,3.2507186915572444,0.7568589084427564,9,0.18
threshold_37,threshold,1,3,1,3.2566965764009708,0.7508810235990291,9,0.18
threshold_37,threshold,1,4,1,3.277117716605563,0.7304598833944378,9,0.18
threshold_37,threshold,1,5,1,3.253938267153411,0.753639332846589,9,0.18
threshold_37,threshold,1,6,1,3.2642204899160596,0.7433571100839409,10,0.19999999999999998
threshold_37,threshold,1,7,1,3.23179633198585,0.7757812680141504,9,0.18
threshold_37,threshold,1,8,1,3.172868690456072,0.8347089095439274,10,0.19999999999999998
threshold_37,threshold,1,9,1,3.2871999048501013,0.7203776951498996,9,0.18
threshold_37,threshold,1,0,2,3.348316243718473,0.6592613562815269,7,0.14
threshold_37,threshold,1,1,2,3.2703059797322243,0.7372716202677769,9,0.18
threshold_37,threshold,1,2,2,3.2834986911567516,0.7240789088432485,8,0.16
threshold_37,threshold,1,3,2,3.3009890380883697,0.706588561911631,8,0.16
threshold_37,threshold,1,4,2,3.2876492626055738,0.7199283373944262,8,0.16
threshold_37,threshold,1,5,2,3.2835096806962634,0.724067919303736,9,0.18
threshold_37,threshold,1,6,2,3.2696806121447954,0.7378969878552053,9,0.18
threshold_37,threshold,1,7,2,3.289826014226351,0.7177515857736502,9,0.18
threshold_37,threshold,1,8,2,3.25216435371117,0.7554132462888294,9,0.18
threshold_37,threshold,1,9,2,3.3151364511819663,0.6924411488180348,7,0.14
threshold_37,threshold,1,0,3,3.2994354043092415,0.7081421956907582,7,0.14
threshold_37,threshold,1,1,3,3.2433425352538023,0.7642350647461958,9,0.18
threshold_37,threshold,1,2,3,3.325303770952031,0.6822738290479693,9,0.18
threshold_37,threshold,1,3,3,3.297329692311072,0.7102479076889275,8,0.16
threshold_37,threshold,1,4,3,3.27547103372312,0.7321065662768804,8,0.16
threshold_37,threshold,1,5,3,3.29024796484545,0.7173296351545507,8,0.16
threshold_37,threshold,1,6,3,3.2920505212460998,0.7155270787539014,8,0.16
threshold_37,threshold,1,7,3,3.2774298466591065,0.730147753340895,8,0.16
threshold_37,threshold,1,8,3,3.2588341057823924,0.7487434942176077,10,0.19999999999999998
threshold_37,threshold,1,9,3,3.3366609472122963,0.6709166527877038,7,0.14
threshold_37,threshold,1,0,4,3.3080801918170626,0.699497408182936,7,0.14
threshold_37,threshold,1,1,4,3.2193736364582777,0.7882039635417222,10,0.19999999999999998
threshold_37,threshold,1,2,4,3.280672693757599,0.7269049062423995,7,0.14
threshold_37,threshold,1,3,4,3.299389346104739,0.7081882538952604,9,0.18
threshold_37,threshold,1,4,4,3.293916178991697,0.7136614210083027,8,0.16
threshold_37,threshold,1,5,4,3.2920102279006915,0.7155673720993092,9,0.18
threshold_37,threshold,1,6,4,3.289589443756747,0.7179881562432532,7,0.14
threshold_37,threshold,1,7,4,3.317947742519114,0.6896298574808845,8,0.16
threshold_37,threshold,1,8,4,3.2770388694149406,0.7305387305850605,9,0.18
threshold_37,threshold,1,9,4,3.3369061693900144,0.6706714306099854,7,0.14
threshold_37,threshold,1,0,5,3.329533247040732,0.6780443529592673,7,0.14
threshold_37,threshold,1,1,5,3.258427161135985,0.7491504388640158,9,0.18
threshold_37,threshold,1,2,5,3.300817658293378,0.7067599417066215,8,0.16
threshold_37,threshold,1,3,5,3.296697408336231,0.7108801916637694,9,0.18
threshold_37,threshold,1,4,5,3.289096337961157,0.7184812620388435,8,0.16
threshold_37,threshold,1,5,5,3.2886407697245374,0.7189368302754635,9,0.18
threshold_37,threshold,1,6,5,3.2923900910225585,0.7151875089774423,9,0.18
threshold_37,threshold,1,7,5,3.2980434793409046,0.7095341206590952,9,0.18
threshold_37,threshold,1,8,5,3.2016622703037485,0.8059153296962521,10,0.19999999999999998
threshold_37,threshold,1,9,5,3.3454503430796585,0.662127256920341,7,0.14
threshold_37,threshold,1,0,6,3.3053432239689333,0.7022343760310663,7,0.14
threshold_37,threshold,1,1,6,3.2594110678943045,0.7481665321056956,9,0.18
threshold_37,threshold,1,2,6,3.290883319589115,0.7166942804108833,7,0.14
threshold_37,threshold,1,3,6,3.304616627201414,0.7029609727985856,7,0.14
threshold_37,threshold,1,4,6,3.3030298361980877,0.7045477638019113,9,0.18
threshold_37,threshold,1,5,6,3.3107083497620375,0.6968692502379633,9,0.18
threshold_37,threshold,1,6,6,3.2941786223302025,0.7133989776697977,9,0.18
threshold_37,threshold,1,7,6,3.321235449523664,0.6863421504763361,9,0.18
threshold_37,threshold,1,8,6,3.254358663285295,0.7532189367147046,9,0.18
threshold_37,threshold,1,9,6,3.355377367241012,0.652200232758988,7,0.14
threshold_37,threshold,1,0,7,3.318620389027505,0.6889572109724956,7,0.14
threshold_37,threshold,1,1,7,3.284329069426026,0.7232485305739743,9,0.18
threshold_37,threshold,1,2,7,3.3181547646186846,0.6894228353813148,9,0.18
threshold_37,threshold,1,3,7,3.313434354300379,0.6941432456996204,9,0.18
threshold_37,threshold,1,4,7,3.304329702821015,0.703247897178986,9,0.18
threshold_37,threshold,1,5,7,3.2982198888113268,0.7093577111886742,8,0.16
threshold_37,threshold,1,6,7,3.2952677948659157,0.7123098051340854,9,0.18
threshold_37,threshold,1,7,7,3.3049788780190323,0.7025987219809681,7,0.14
threshold_37,threshold,1,8,7,3.2459457400285454,0.7616318599714543,10,0.19999999999999998
threshold_37,threshold,1,9,7,3.362684438481266,0.6448931615187334,6,0.12000000000000001
threshold_37,threshold,1,0,8,3.2891497068247264,0.7184278931752734,8,0.16
threshold_37,threshold,1,1,8,3.145182623109015,0.8623949768909832,10,0.19999999999999998
threshold_37,threshold,1,2,8,3.2318252836753527,0.775752316324648,9,0.18
threshold_37,threshold,1,3,8,3.2763693603414445,0.7312082396585542,9,0.18
threshold_37,threshold,1,4,8,3.2734715378389225,0.7341060621610787,9,0.18
threshold_37,threshold,1,5,8,3.2356797160352606,0.7718978839647401,10,0.19999999999999998
threshold_37,threshold,1,6,8,3.2424175416848335,0.7651600583151671,9,0.18
threshold_37,threshold,1,7,8,3.24453657529619,0.7630410247038105,10,0.19999999999999998
threshold_37,threshold,1,8,8,3.1738844671652715,0.8336931328347271,10,0.19999999999999998
threshold_37,threshold,1,9,8,3.2769675510481813,0.7306100489518187,9,0.18
threshold_37,threshold,1,0,9,3.3284809925744208,0.6790966074255806,5,0.1
threshold_37,threshold,1,1,9,3.3334221693295896,0.6741554306704107,8,0.16
threshold_37,threshold,1,2,9,3.325378908672604,0.6821986913273976,6,0.12000000000000001
threshold_37,threshold,1,3,9,3.309289342149496,0.6982882578505045,6,0.12000000000000001
threshold_37,threshold,1,4,9,3.333188363326043,0.6743892366739574,7,0.14
threshold_37,threshold,1,5,9,3.329652726018756,0.6779248739812446,7,0.14
threshold_37,threshold,1,6,9,3.3368542993651613,0.6707233006348402,8,0.16
threshold_37,threshold,1,7,9,3.307729897256077,0.6998477027439232,8,0.16
threshold_37,threshold,1,8,9,3.3107453606770143,0.6968322393229853,9,0.18
threshold_37,threshold,1,9,9,3.307044859034389,0.7005327409656105,5,0.1
threshold_34,threshold,2,0,0,3.3033391424274265,0.7042384575725736,6,0.19999999999999998
threshold_34,threshold,2,1,0,3.184318342885249,0.8232592571147511,9,0.34
threshold_34,threshold,2,2,0,3.2433083185377405,0.7642692814622594,9,0.32
threshold_34,threshold,2,3,0,3.257184233252339,0.7503933667476611,8,0.3
threshold_34,threshold,2,4,0,3.2534236790081463,0.7541539209918559,8,0.27999999999999997
threshold_34,threshold,2,5,0,3.2468576998076646,0.7607199001923359,8,0.3
threshold_34,threshold,2,6,0,3.2804463281795098,0.7271312718204916,8,0.3
threshold_34,threshold,2,7,0,3.2461743327074433,0.7614032672925574,8,0.3
threshold_34,threshold,2,8,0,3.2003729648749117,0.807204635125089,9,0.34
threshold_34,threshold,2,9,0,3.3240794792798636,0.683498120720136,6,0.21999999999999997
threshold_34,threshold,2,0,1,3.172225068686135,0.8353525313138646,9,0.36000000000000004
threshold_34,threshold,2,1,1,2.911209174547569,1.096368425452431,10,0.4000000000000001
threshold_34,threshold,2,2,1,3.0290224158227295,0.9785551841772703,10,0.38000000000000006
threshold_34,threshold,2,3,1,3.0551015034336912,0.9524760965663093,10,0.38000000000000006
threshold_34,threshold,2,4,1,3.0497577174499786,0.9578198825500228,10,0.38000000000000006
threshold_34,threshold,2,5,1,3.105773890524556,0.9018037094754432,9,0.36000000000000004
threshold_34,threshold,2,6,1,3.026773714337943,0.9808038856620576,10,0.38000000000000006
threshold_34,threshold,2,7,1,3.0553082526611384,0.9522693473388634,10,0.38000000000000006
threshold_34,threshold,2,8,1,2.9354211449281284,1.0721564550718719,10,0.4000000000000001
threshold_34,threshold,2,9,1,3.2142988865868403,0.7932787134131607,9,0.34
threshold_34,threshold,2,0,2,3.2073570486891727,0.8002205513108276,9,0.32
threshold_34,threshold,2,1,2,3.012306682524148,0.9952709174758526,10,0.38000000000000006
threshold_34,threshold,2,2,2,3.1054231613967143,0.9021544386032854,10,0.38000000000000006
threshold_34,threshold,2,3,2,3.1054967243150875,0.9020808756849118,9,0.36000000000000004
threshold_34,threshold,2,4,2,3.1485911211674718,0.8589864788325282,10,0.38000000000000006
threshold_34,threshold,2,5,2,3.1612146742706813,0.8463629257293183,10,0.36000000000000004
threshold_34,threshold,2,6,2,3.151561274535584,0.8560163254644154,9,0.36000000000000004
threshold_34,threshold,2,7,2,3.086292479789693,0.9212851202103067,9,0.36000000000000004
threshold_34,threshold,2,8,2,3.0253954902488847,0.9821821097511158,10,0.4000000000000001
threshold_34,threshold,2,9,2,3.2768382826700395,0.730739317329961,8,0.3
threshold_34,threshold,2,0,3,3.263880608392237,0.7436969916077644,9,0.32
threshold_34,threshold,2,1,3,3.0674970231972605,0.9400805768027405,10,0.38000000000000006
threshold_34,threshold,2,2,3,3.088685718377537,0.9188918816224636,9,0.34
threshold_34,threshold,2,3,3,3.1722623762934736,0.8353152237065271,9,0.34
threshold_34,threshold,2,4,3,3.158108479937277,0.8494691200627223,10,0.36000000000000004
threshold_34,threshold,2,5,3,3.1522235586129916,0.855354041387009,10,0.36000000000000004
threshold_34,threshold,2,6,3,3.144998799355637,0.8625788006443642,10,0.36000000000000004
threshold_34,threshold,2,7,3,3.1827658112146158,0.8248117887853842,9,0.34
threshold_34,threshold,2,8,3,3.0777563788065483,0.9298212211934525,10,0.4000000000000001
threshold_34,threshold,2,9,3,3.267279269914884,0.7402983300851159,9,0.32
threshold_34,threshold,2,0,4,3.2524763361279367,0.7551012638720631,9,0.32
threshold_34,threshold,2,1,4,3.049844865028598,0.9577327349714015,10,0.38000000000000006
threshold_34,threshold,2,2,4,3.120678208948225,0.8868993910517758,10,0.38000000000000006
threshold_34,threshold,2,3,4,3.16347970157585,0.84409789842415,10,0.36000000000000004
threshold_34,threshold,2,4,4,3.1184943657352906,0.8890832342647097,10,0.38000000000000006
threshold_34,threshold,2,5,4,3.1350856066985044,0.8724919933014972,10,0.38000000000000006
threshold_34,threshold,2,6,4,3.128962105536457,0.878615494463543,10,0.38000000000000006
threshold_34,threshold,2,7,4,3.123476108063707,0.8841014919362923,10,0.36000000000000004
threshold_34,threshold,2,8,4,3.0632459355776662,0.9443316644223341,10,0.38000000000000006
threshold_34,threshold,2,9,4,3.2985877528344094,0.7089898471655917,8,0.27999999999999997
threshold_34,threshold,2,0,5,3.267156965251769,0.7404206347482308,8,0.27999999999999997
threshold_34,threshold,2,1,5,3.1249468207963353,0.8826307792036652,10,0.38000000000000006
threshold_34,threshold,2,2,5,3.1227781167137727,0.8847994832862282,10,0.38000000000000006
threshold_34,threshold,2,3,5,3.1162455794839232,0.8913320205160774,10,0.38000000000000006
threshold_34,threshold,2,4,5,3.115514203901562,0.8920633960984372,9,0.36000000000000004
threshold_34,threshold,2,5,5,3.1658094942384998,0.8417681057615007,10,0.36000000000000004
threshold_34,threshold,2,6,5,3.140772225672947,0.8668053743270523,9,0.34
threshold_34,threshold,2,7,5,3.145228754137019,0.862348845862981,10,0.38000000000000006
threshold_34,threshold,2,8,5,3.036408446606397,0.9711691533936043,9,0.38000000000000006
threshold_34,threshold,2,9,5,3.2422345185726615,0.7653430814273378,8,0.3
threshold_34,threshold,2,0,6,3.2751006280289285,0.7324769719710722,8,0.27999999999999997
threshold_34,threshold,2,1,6,3.0932895744655013,0.914288025534499,10,0.38000000000000006
threshold_34,threshold,2,2,6,3.1345980363924237,0.872979563607577,10,0.36000000000000004
threshold_34,threshold,2,3,6,3.120669534848472,0.8869080651515284,9,0.36000000000000004
threshold_34,threshold,2,4,6,3.175442646245283,0.8321349537547184,9,0.34
threshold_34,threshold,2,5,6,3.142065368616224,0.8655122313837762,9,0.34
threshold_34,threshold,2,6,6,3.104262178078894,0.9033154219211059,10,0.38000000000000006
threshold_34,threshold,2,7,6,3.0827228765357786,0.9248547234642205,10,0.38000000000000006
threshold_34,threshold,2,8,6,3.001499582574316,1.0060780174256831,10,0.4000000000000001
threshold_34,threshold,2,9,6,3.241539831774854,0.7660377682251455,9,0.32
threshold_34,threshold,2,0,7,3.233063020286987,0.774514579713013,9,0.32
threshold_34,threshold,2,1,7,3.0582507434705266,0.9493268565294741,10,0.4000000000000001
threshold_34,threshold,2,2,7,3.1258863727509025,0.8816912272490969,9,0.36000000000000004
threshold_34,threshold,2,3,7,3.103556721159525,0.904020878840476,9,0.34
threshold_34,threshold,2,4,7,3.176873535009064,0.8307040649909354,9,0.34
threshold_34,threshold,2,5,7,3.1063960052820265,0.9011815947179743,10,0.38000000000000006
threshold_34,threshold,2,6,7,3.1176648670905696,0.8899127329094294,10,0.36000000000000004
threshold_34,threshold,2,7,7,3.0964071589943347,0.9111704410056656,10,0.36000000000000004
threshold_34,threshold,2,8,7,3.001729553357699,1.0058480466423025,10,0.38000000000000006
threshold_34,threshold,2,9,7,3.2342917856868367,0.7732858143131636,9,0.3
threshold_34,threshold,2,0,8,3.1551371234795305,0.8524404765204705,10,0.38000000000000006
threshold_34,threshold,2,1,8,2.94770036511577,1.059877234884232,10,0.4000000000000001
threshold_34,threshold,2,2,8,3.041677187615521,0.9659004123844799,10,0.38000000000000006
threshold_34,threshold,2,3,8,3.0744361675167613,0.9331414324832394,10,0.38000000000000006
threshold_34,threshold,2,4,8,3.090294652495608,0.9172829475043919,10,0.38000000000000006
threshold_34,threshold,2,5,8,3.068639698717969,0.9389379012820332,10,0.38000000000000006
threshold_34,threshold,2,6,8,3.0088191124195403,0.9987584875804602,10,0.4000000000000001
threshold_34,threshold,2,7,8,3.070865561570282,0.9367120384297176,10,0.38000000000000006
threshold_34,threshold,2,8,8,2.936703858067441,1.0708737419325585,10,0.4000000000000001
threshold_34,threshold,2,9,8,3.1467965184910605,0.8607810815089398,9,0.36000000000000004
threshold_34,threshold,2,0,9,3.2890695951490443,0.7185080048509559,6,0.21999999999999997
threshold_34,threshold,2,1,9,3.192674410497732,0.8149031895022673,10,0.36000000000000004
threshold_34,threshold,2,2,9,3.207550530717987,0.8000270692820121,9,0.32
threshold_34,threshold,2,3,9,3.236124146876615,0.7714534531233848,9,0.32
threshold_34,threshold,2,4,9,3.240660609748315,0.7669169902516854,9,0.32
threshold_34,threshold,2,5,9,3.242013748123193,0.7655638518768059,9,0.32
threshold_34,threshold,2,6,9,3.246503945393365,0.7610736546066346,9,0.3
threshold_34,threshold,2,7,9,3.212183194406494,0.7953944055935063,9,0.32
threshold_34,threshold,2,8,9,3.1265726237953158,0.8810049762046833,10,0.38000000000000006
threshold_34,threshold,2,9,9,3.299006827232392,0.708570772767609,7,0.23999999999999996
threshold_35,threshold,2,0,0,3.2773344988300823,0.7302431011699169,6,0.21999999999999997
threshold_35,threshold,2,1,0,3.1814981275647627,0.8260794724352368,9,0.34
threshold_35,threshold,2,2,0,3.2464086114422117,0.761168988557787,9,0.34
threshold_35,threshold,2,3,0,3.264731060664854,0.7428465393351459,8,0.3
threshold_35,threshold,2,4,0,3.216569699225893,0.791007900774106,9,0.32
threshold_35,threshold,2,5,0,3.242173130954748,0.7654044690452528,8,0.3
threshold_35,threshold,2,6,0,3.2084095824304293,0.7991680175695717,9,0.32
threshold_35,threshold,2,7,0,3.237985133247083,0.7695924667529174,9,0.32
threshold_35,threshold,2,8,0,3.187092862065485,0.8204847379345166,9,0.34
threshold_35,threshold,2,9,0,3.3119238345930087,0.6956537654069898,6,0.19999999999999998
threshold_35,threshold,2,0,1,3.1769590636092886,0.8306185363907114,9,0.36000000000000004
threshold_35,threshold,2,1,1,2.9458641304373634,1.0617134695626376,10,0.4000000000000001
threshold_35,threshold,2,2,1,3.0390584495491284,0.9685191504508717,9,0.38000000000000006
threshold_35,threshold,2,3,1,3.112025727207572,0.8955518727924274,10,0.38000000000000006
threshold_35,threshold,2,4,1,3.09328569191049,0.9142919080895097,10,0.38000000000000006
threshold_35,threshold,2,5,1,3.0530694791486965,0.9545081208513041,9,0.38000000000000006
threshold_35,threshold,2,6,1,3.0802282866913573,0.9273493133086413,10,0.38000000000000006
threshold_35,threshold,2,7,1,3.0079095869652996,0.9996680130347001,10,0.4000000000000001
threshold_35,threshold,2,8,1,2.9080957379620127,1.0994818620379865,10,0.4000000000000001
threshold_35,threshold,2,9,1,3.137163932888057,0.8704136671119425,9,0.36000000000000004
threshold_35,threshold,2,0,2,3.2249180677027067,0.7826595322972929,9,0.32
threshold_35,threshold,2,1,2,3.047462373678872,0.9601152263211283,10,0.38000000000000006
threshold_35,threshold,2,2,2,3.122950843620019,0.8846267563799814,10,0.38000000000000006
threshold_35,threshold,2,3,2,3.2031286831923795,0.8044489168076208,9,0.34
threshold_35,threshold,2,4,2,3.1296453170953753,0.8779322829046254,10,0.36000000000000004
threshold_35,threshold,2,5,2,3.189531652457177,0.8180459475428232,9,0.34
threshold_35,threshold,2,6,2,3.1458653381688326,0.8617122618311679,9,0.36000000000000004
threshold_35,threshold,2,7,2,3.1014460045168026,0.906131595483197,9,0.34
threshold_35,threshold,2,8,2,3.080894202596365,0.9266833974036365,9,0.36000000000000004
threshold_35,threshold,2,9,2,3.253264476815794,0.7543131231842053,8,0.3
threshold_35,threshold,2,0,3,3.2533665967133083,0.7542110032866906,9,0.34
threshold_35,threshold,2,1,3,3.11639679991659,0.8911808000834113,10,0.38000000000000006
threshold_35,threshold,2,2,3,3.1462079288350497,0.8613696711649503,9,0.34
threshold_35,threshold,2,3,3,3.184752160721909,0.8228254392780922,9,0.36000000000000004
threshold_35,threshold,2,4,3,3.175943870677323,0.8316337293226781,9,0.36000000000000004
threshold_35,threshold,2,5,3,3.211521303079266,0.7960562969207357,9,0.32
threshold_35,threshold,2,6,3,3.1384598228960034,0.8691177771039975,10,0.36000000000000004
threshold_35,threshold,2,7,3,3.1524564282345473,0.8551211717654534,10,0.36000000000000004
threshold_35,threshold,2,8,3,3.0544409289037375,0.9531366710962615,10,0.4000000000000001
threshold_35,threshold,2,9,3,3.249048338485754,0.7585292615142467,8,0.32
threshold_35,threshold,2,0,4,3.274663237879746,0.7329143621202545,8,0.27999999999999997
threshold_35,threshold,2,1,4,3.0731124046553835,0.934465195344617,10,0.4000000000000001
threshold_35,threshold,2,2,4,3.129176747308495,0.8784008526915067,9,0.36000000000000004
threshold_35,threshold,2,3,4,3.138299785415983,0.8692778145840195,9,0.36000000000000004
threshold_35,threshold,2,4,4,3.204475322673334,0.8031022773266664,9,0.32
threshold_35,threshold,2,5,4,3.1591935996886304,0.8483840003113692,10,0.38000000000000006
threshold_35,threshold,2,6,4,3.199024261015879,0.8085533389841222,9,0.36000000000000004
threshold_35,threshold,2,7,4,3.155844308157447,0.8517332918425525,10,0.38000000000000006
threshold_35,threshold,2,8,4,3.086072034308046,0.9215055656919549,10,0.38000000000000006
threshold_35,threshold,2,9,4,3.2706663972987755,0.736911202701224,9,0.32
threshold_35,threshold,2,0,5,3.251666645976132,0.7559109540238689,9,0.34
threshold_35,threshold,2,1,5,3.013341651259147,0.9942359487408527,10,0.4000000000000001
threshold_35,threshold,2,2,5,3.1515488684227377,0.8560287315772623,9,0.34
threshold_35,threshold,2,3,5,3.1103405246540157,0.8972370753459843,9,0.36000000000000004
threshold_35,threshold,2,4,5,3.148510835856839,0.8590667641431605,10,0.36000000000000004
threshold_35,threshold,2,5,5,3.214655905128284,0.7929216948717158,9,0.34
threshold_35,threshold,2,6,5,3.195461824559625,0.8121157754403762,9,0.34
threshold_35,threshold,2,7,5,3.148396047969648,0.8591815520303516,10,0.38000000000000006
threshold_35,threshold,2,8,5,3.0903814636992095,0.9171961363007902,10,0.4000000000000001
threshold_35,threshold,2,9,5,3.2539314144205513,0.753646185579449,9,0.32
threshold_35,threshold,2,0,6,3.1930696482203014,0.8145079517796988,10,0.34
threshold_35,threshold,2,1,6,3.02036269641025,0.98721490358975,10,0.38000000000000006
threshold_35,threshold,2,2,6,3.132683283440982,0.8748943165590187,10,0.38000000000000006
threshold_35,threshold,2,3,6,3.1127530680717785,0.8948245319282216,10,0.36000000000000004
threshold_35,threshold,2,4,6,3.188939585690882,0.8186380143091186,9,0.32
threshold_35,threshold,2,5,6,3.1732450281878943,0.8343325718121062,9,0.34
threshold_35,threshold,2,6,6,3.1732199942523893,0.8343576057476116,9,0.32
threshold_35,threshold,2,7,6,3.116871058446156,0.8907065415538439,9,0.34
threshold_35,threshold,2,8,6,3.05482693135538,0.9527506686446203,10,0.4000000000000001
threshold_35,threshold,2,9,6,3.265180275202879,0.742397324797122,9,0.32
threshold_35,threshold,2,0,7,3.2123327602023317,0.7952448397976687,8,0.32
threshold_35,threshold,2,1,7,3.0095455144630576,0.9980320855369431,10,0.38000000000000006
threshold_35,threshold,2,2,7,3.046123956301776,0.9614536436982245,9,0.36000000000000004
threshold_35,threshold,2,3,7,3.125825579696221,0.8817520203037801,10,0.38000000000000006
threshold_35,threshold,2,4,7,3.122252666015313,0.8853249339846875,10,0.36000000000000004
threshold_35,threshold,2,5,7,3.13441193654289,0.8731656634571108,10,0.38000000000000006
threshold_35,threshold,2,6,7,3.1864029277154233,0.8211746722845774,9,0.34
threshold_35,threshold,2,7,7,3.107603636433177,0.8999739635668216,10,0.38000000000000006
threshold_35,threshold,2,8,7,3.0055830559536507,1.0019945440463496,10,0.4000000000000001
threshold_35,threshold,2,9,7,3.254560497385869,0.7530171026141323,8,0.3
threshold_35,threshold,2,0,8,3.1341766198437973,0.8734009801562022,10,0.36000000000000004
threshold_35,threshold,2,1,8,2.8989982750532857,1.1085793249467155,10,0.4000000000000001
threshold_35,threshold,2,2,8,3.0045016895486736,1.0030759104513272,10,0.38000000000000006
threshold_35,threshold,2,3,8,3.0268857260781807,0.9806918739218183,10,0.38000000000000006
threshold_35,threshold,2,4,8,3.019441896321234,0.9881357036787642,10,0.38000000000000006
threshold_35,threshold,2,5,8,3.0632843154282745,0.9442932845717268,10,0.38000000000000006
threshold_35,threshold,2,6,8,3.0793022736322646,0.9282753263677366,9,0.38000000000000006
threshold_35,threshold,2,7,8,3.102527588196301,0.9050500118036987,10,0.36000000000000004
threshold_35,threshold,2,8,8,2.9543626256684408,1.0532149743315604,10,0.4000000000000001
threshold_35,threshold,2,9,8,3.1671348289323067,0.8404427710676938,9,0.34
threshold_35,threshold,2,0,9,3.2866385704115872,0.7209390295884123,6,0.23999999999999996
threshold_35,threshold,2,1,9,3.1774698766700165,0.8301077233299847,10,0.36000000000000004
threshold_35,threshold,2,2,9,3.2186281899759717,0.7889494100240291,9,0.32
threshold_35,threshold,2,3,9,3.1724384606749,0.8351391393250998,9,0.34
threshold_35,threshold,2,4,9,3.2050965907753453,0.8024810092246552,9,0.32
threshold_35,threshold,2,5,9,3.2408633713295365,0.7667142286704628,8,0.3
threshold_35,threshold,2,6,9,3.2404539280021947,0.7671236719978048,9,0.32
threshold_35,threshold,2,7,9,3.2457042385889507,0.7618733614110506,9,0.32
threshold_35,threshold,2,8,9,3.105331717481186,0.9022458825188135,10,0.38000000000000006
threshold_35,threshold,2,9,9,3.3051157257923673,0.702461874207633,6,0.21999999999999997
threshold_36,threshold,2,0,0,3.310166261660907,0.6974113383390932,6,0.19999999999999998
threshold_36,threshold,2,1,0,3.1705046449572554,0.8370729550427446,10,0.38000000000000006
threshold_36,threshold,2,2,0,3.2289488321789532,0.7786287678210465,9,0.3
threshold_36,threshold,2,3,0,3.2434395515451917,0.7641380484548084,9,0.32
threshold_36,threshold,2,4,0,3.249951833144283,0.7576257668557164,8,0.27999999999999997
threshold_36,threshold,2,5,0,3.2367425450745135,0.7708350549254854,9,0.3
threshold_36,threshold,2,6,0,3.2309749194100146,0.7766026805899844,9,0.32
threshold_36,threshold,2,7,0,3.2505287337841002,0.7570488662158996,9,0.3
threshold_36,threshold,2,8,0,3.1693139494527753,0.8382636505472253,9,0.34
threshold_36,threshold,2,9,0,3.279079314403132,0.7284982855968695,8,0.25999999999999995
threshold_36,threshold,2,0,1,3.1464421728071135,0.8611354271928873,9,0.34
threshold_36,threshold,2,1,1,2.936100801117928,1.0714767988820721,10,0.4000000000000001
threshold_36,threshold,2,2,1,3.017482823717701,0.990094776282299,10,0.4000000000000001
threshold_36,threshold,2,3,1,3.1257688644836583,0.8818087355163421,10,0.38000000000000006
threshold_36,threshold,2,4,1,3.06204760922421,0.9455299907757898,10,0.38000000000000006
threshold_36,threshold,2,5,1,3.0493806948723425,0.9581969051276573,10,0.38000000000000006
threshold_36,threshold,2,6,1,3.0877873792614436,0.9197902207385564,10,0.38000000000000006
threshold_36,threshold,2,7,1,3.030951800660645,0.9766257993393563,10,0.4000000000000001
threshold_36,threshold,2,8,1,2.913035220849382,1.0945423791506184,10,0.4000000000000001
threshold_36,threshold,2,9,1,3.195894655351768,0.8116829446482337,9,0.34
threshold_36,threshold,2,0,2,3.207672567323198,0.7999050326768021,9,0.34
threshold_36,threshold,2,1,2,3.0136458478900323,0.9939317521099679,10,0.4000000000000001
threshold_36,threshold,2,2,2,3.140466031447488,0.8671115685525115,9,0.34
threshold_36,threshold,2,3,2,3.1976410077781816,0.809936592221818,9,0.34
threshold_36,threshold,2,4,2,3.1673489024119346,0.8402286975880658,9,0.36000000000000004
threshold_36,threshold,2,5,2,3.133711502178836,0.8738660978211636,10,0.36000000000000004
threshold_36,threshold,2,6,2,3.1634048218689577,0.8441727781310434,10,0.38000000000000006
threshold_36,threshold,2,7,2,3.132359317262849,0.8752182827371507,10,0.36000000000000004
threshold_36,threshold,2,8,2,3.1352616324559843,0.8723159675440166,9,0.36000000000000004
threshold_36,threshold,2,9,2,3.279781175325301,0.7277964246746987,8,0.3
threshold_36,threshold,2,0,3,3.2459694246580484,0.7616081753419536,9,0.32
threshold_36,threshold,2,1,3,3.0506876670693766,0.9568899329306244,9,0.38000000000000006
threshold_36,threshold,2,2,3,3.1290999650322373,0.8784776349677629,10,0.36000000000000004
threshold_36,threshold,2,3,3,3.230170866877133,0.7774067331228685,9,0.34
threshold_36,threshold,2,4,3,3.1526157152489924,0.854961884751008,9,0.34
threshold_36,threshold,2,5,3,3.1785250225173645,0.829052577482636,10,0.36000000000000004
threshold_36,threshold,2,6,3,3.1840639149153716,0.8235136850846289,10,0.36000000000000004
threshold_36,threshold,2,7,3,3.1893256942429,0.8182519057570992,9,0.34
threshold_36,threshold,2,8,3,3.110223692126569,0.8973539078734311,10,0.36000000000000004
threshold_36,threshold,2,9,3,3.2677630591848867,0.7398145408151133,8,0.27999999999999997
threshold_36,threshold,2,0,4,3.245495905837659,0.7620816941623402,9,0.32
threshold_36,threshold,2,1,4,3.0527121846007317,0.9548654153992701,10,0.4000000000000001
threshold_36,threshold,2,2,4,3.1909954483129126,0.8165821516870883,9,0.32
threshold_36,threshold,2,3,4,3.20243855986534,0.8051390401346601,9,0.3
threshold_36,threshold,2,4,4,3.2067601225275424,0.8008174774724574,9,0.34
threshold_36,threshold,2,5,4,3.202780646531538,0.8047969534684646,9,0.34
threshold_36,threshold,2,6,4,3.1797442312295012,0.8278333687704992,9,0.34
threshold_36,threshold,2,7,4,3.1454291628421283,0.8621484371578739,10,0.36000000000000004
threshold_36,threshold,2,8,4,3.0284219605527056,0.9791556394472944,10,0.38000000000000006
threshold_36,threshold,2,9,4,3.24674520939803,0.7608323906019713,9,0.32
threshold_36,threshold,2,0,5,3.238672099444922,0.7689055005550784,8,0.3
threshold_36,threshold,2,1,5,3.0657826434131215,0.9417949565868786,10,0.4000000000000001
threshold_36,threshold,2,2,5,3.147505132596887,0.8600724674031135,9,0.34
threshold_36,threshold,2,3,5,3.2383434217018765,0.7692341782981239,9,0.34
threshold_36,threshold,2,4,5,3.185827777323079,0.8217498226769219,9,0.34
threshold_36,threshold,2,5,5,3.1818747241192797,0.8257028758807221,9,0.36000000000000004
threshold_36,threshold,2,6,5,3.174603257981044,0.832974342018956,9,0.32
threshold_36,threshold,2,7,5,3.152101357042811,0.8554762429571896,10,0.38000000000000006
threshold_36,threshold,2,8,5,3.0986811823603033,0.9088964176396978,10,0.38000000000000006
threshold_36,threshold,2,9,5,3.26618384099504,0.7413937590049595,8,0.3
threshold_36,threshold,2,0,6,3.2276582128618987,0.7799193871381026,8,0.32
threshold_36,threshold,2,1,6,3.067020409070394,0.9405571909296062,10,0.38000000000000006
threshold_36,threshold,2,2,6,3.1984535148783473,0.8091240851216529,9,0.34
threshold_36,threshold,2,3,6,3.202128590900811,0.8054490090991885,9,0.36000000000000004
threshold_36,threshold,2,4,6,3.2030250523653114,0.8045525476346883,9,0.34
threshold_36,threshold,2,5,6,3.19864680243793,0.80893079756207,9,0.32
threshold_36,threshold,2,6,6,3.163288570982114,0.8442890290178866,10,0.38000000000000006
threshold_36,threshold,2,7,6,3.152533543219639,0.8550440567803612,10,0.38000000000000006
threshold_36,threshold,2,8,6,3.1035588194221972,0.9040187805778029,10,0.38000000000000006
threshold_36,threshold,2,9,6,3.30333088719447,0.70424671280553,8,0.27999999999999997
threshold_36,threshold,2,0,7,3.27570470927212,0.7318728907278796,8,0.27999999999999997
threshold_36,threshold,2,1,7,3.0376561604711463,0.9699214395288541,10,0.38000000000000006
threshold_36,threshold,2,2,7,3.1189429994551445,0.888634600544856,9,0.34
threshold_36,threshold,2,3,7,3.1637031307174412,0.8438744692825594,9,0.34
threshold_36,threshold,2,4,7,3.1164167506194382,0.8911608493805615,10,0.36000000000000004
threshold_36,threshold,2,5,7,3.1229812185695516,0.8845963814304487,9,0.36000000000000004
threshold_36,threshold,2,6,7,3.1244848510937966,0.8830927489062026,10,0.38000000000000006
threshold_36,threshold,2,7,7,3.162557521688214,0.8450200783117869,9,0.34
threshold_36,threshold,2,8,7,3.1216812098670816,0.8858963901329184,9,0.36000000000000004
threshold_36,threshold,2,9,7,3.2660752208038963,0.7415023791961032,8,0.3
threshold_36,threshold,2,0,8,3.1859940519622745,0.8215835480377268,9,0.32
threshold_36,threshold,2,1,8,2.916820981746809,1.0907566182531898,10,0.38000000000000006
threshold_36,threshold,2,2,8,3.0143279739263886,0.9932496260736114,10,0.38000000000000006
threshold_36,threshold,2,3,8,3.0572370960328836,0.9503405039671176,10,0.38000000000000006
threshold_36,threshold,2,4,8,3.065635366424908,0.9419422335750914,10,0.38000000000000006
threshold_36,threshold,2,5,8,3.032089320620016,0.9754882793799836,10,0.38000000000000006
threshold_36,threshold,2,6,8,3.02583733372341,0.9817402662765907,10,0.4000000000000001
threshold_36,threshold,2,7,8,3.0225520167070985,0.9850255832929026,10,0.38000000000000006
threshold_36,threshold,2,8,8,2.9280761826370525,1.0795014173629478,10,0.4000000000000001
threshold_36,threshold,2,9,8,3.211599191554946,0.795978408445053,9,0.34
threshold_36,threshold,2,0,9,3.307158513719287,0.7004190862807143,7,0.21999999999999997
threshold_36,threshold,2,1,9,3.1663108431173357,0.841266756882664,10,0.36000000000000004
threshold_36,threshold,2,2,9,3.2240968338819758,0.7834807661180238,9,0.32
threshold_36,threshold,2,3,9,3.27405376612994,0.7335238338700611,9,0.3
threshold_36,threshold,2,4,9,3.2178051292276413,0.7897724707723598,9,0.32
threshold_36,threshold,2,5,9,3.2101806442089145,0.7973969557910857,9,0.34
threshold_36,threshold,2,6,9,3.1973576182960812,0.8102199817039172,9,0.34
threshold_36,threshold,2,7,9,3.218535788678466,0.789041811321535,9,0.32
threshold_36,threshold,2,8,9,3.2451114174534825,0.7624661825465181,8,0.34
threshold_36,threshold,2,9,9,3.3181073233062306,0.6894702766937678,6,0.19999999999999998
threshold_37,threshold,2,0,0,3.297771203932852,0.7098063960671485,5,0.19999999999999998
threshold_37,threshold,2,1,0,3.15672829444945,0.8508493055505517,9,0.36000000000000004
threshold_37,threshold,2,2,0,3.2534520964094824,0.7541255035905196,8,0.3
threshold_37,threshold,2,3,0,3.243617150849037,0.763960449150964,9,0.32
threshold_37,threshold,2,4,0,3.2518284867371507,0.7557491132628487,8,0.25999999999999995
threshold_37,threshold,2,5,0,3.2272115521873985,0.7803660478126017,9,0.34
threshold_37,threshold,2,6,0,3.2611675676555514,0.7464100323444497,9,0.34
threshold_37,threshold,2,7,0,3.230987289398913,0.7765903106010889,9,0.32
threshold_37,threshold,2,8,0,3.1635912707638845,0.8439863292361166,9,0.36000000000000004
threshold_37,threshold,2,9,0,3.286889790478578,0.720687809521422,6,0.21999999999999997
threshold_37,threshold,2,0,1,3.1567611816179357,0.8508164183820646,9,0.34
threshold_37,threshold,2,1,1,2.9688659966210684,1.038711603378931,10,0.4000000000000001
threshold_37,threshold,2,2,1,3.077414746470852,0.93016285352915,10,0.38000000000000006
threshold_37,threshold,2,3,1,3.1041585747370317,0.9034190252629672,10,0.38000000000000006
threshold_37,threshold,2,4,1,3.063970134974949,0.9436074650250501,10,0.38000000000000006
threshold_37,threshold,2,5,1,3.115599438366512,0.8919781616334883,10,0.38000000000000006
threshold_37,threshold,2,6,1,3.0852705995132452,0.9223070004867556,10,0.4000000000000001
threshold_37,threshold,2,7,1,3.0590336584933615,0.9485439415066397,10,0.38000000000000006
threshold_37,threshold,2,8,1,2.9525628700878226,1.0550147299121782,10,0.4000000000000001
threshold_37,threshold,2,9,1,3.1887136624248495,0.8188639375751516,9,0.36000000000000004
threshold_37,threshold,2,0,2,3.248369046070057,0.7592085539299427,9,0.32
threshold_37,threshold,2,1,2,3.0112732714126027,0.9963043285873969,10,0.38000000000000006
threshold_37,threshold,2,2,2,3.1548292454826545,0.8527483545173458,10,0.36000000000000004
threshold_37,threshold,2,3,2,3.1807458509954816,0.8268317490045191,10,0.36000000000000004
threshold_37,threshold,2,4,2,3.175818298885996,0.831759301114003,10,0.36000000000000004
threshold_37,threshold,2,5,2,3.148417149121585,0.8591604508784151,9,0.36000000000000004
threshold_37,threshold,2,6,2,3.137660043664861,0.8699175563351395,10,0.38000000000000006
threshold_37,threshold,2,7,2,3.124359842132053,0.8832177578679459,9,0.36000000000000004
threshold_37,threshold,2,8,2,3.075398471292987,0.9321791287070128,10,0.38000000000000006
threshold_37,threshold,2,9,2,3.23459006317738,0.7729875368226198,9,0.32
threshold_37,threshold,2,0,3,3.2479264159743058,0.7596511840256934,9,0.32
threshold_37,threshold,2,1,3,3.01725269945351,0.9903249005464896,10,0.38000000000000006
threshold_37,threshold,2,2,3,3.1455740238219434,0.8620035761780567,10,0.38000000000000006
threshold_37,threshold,2,3,3,3.200600824241313,0.8069767757586863,10,0.36000000000000004
threshold_37,threshold,2,4,3,3.199247702732912,0.8083298972670885,9,0.34
threshold_37,threshold,2,5,3,3.20651366803873,0.80106393196127,9,0.34
threshold_37,threshold,2,6,3,3.159354662762001,0.8482229372379981,9,0.34
threshold_37,threshold,2,7,3,3.1529113157489164,0.8546662842510837,10,0.36000000000000004
threshold_37,threshold,2,8,3,3.056976763233372,0.9506008367666279,10,0.4000000000000001
threshold_37,threshold,2,9,3,3.214650292288449,0.7929273077115521,9,0.32
threshold_37,threshold,2,0,4,3.235543541491631,0.7720340585083695,9,0.32
threshold_37,threshold,2,1,4,3.0647236883099804,0.9428539116900181,10,0.4000000000000001
threshold_37,threshold,2,2,4,3.130473196014539,0.8771044039854603,10,0.34
threshold_37,threshold,2,3,4,3.171670334423264,0.8359072655767354,10,0.38000000000000006
threshold_37,threshold,2,4,4,3.1976606768557168,0.8099169231442838,9,0.34
threshold_37,threshold,2,5,4,3.180209048650873,0.8273685513491278,9,0.36000000000000004
threshold_37,threshold,2,6,4,3.1777575062717687,0.8298200937282317,10,0.34
threshold_37,threshold,2,7,4,3.177960724662552,0.8296168753374474,9,0.34
threshold_37,threshold,2,8,4,3.025967242541686,0.9816103574583146,10,0.38000000000000006
threshold_37,threshold,2,9,4,3.2638231447095967,0.7437544552904031,9,0.32
threshold_37,threshold,2,0,5,3.252720986704484,0.7548566132955165,9,0.32
threshold_37,threshold,2,1,5,3.0320663803382906,0.9755112196617107,10,0.38000000000000006
threshold_37,threshold,2,2,5,3.170953739908955,0.8366238600910454,9,0.34
threshold_37,threshold,2,3,5,3.2014581279327095,0.80611947206729,9,0.36000000000000004
threshold_37,threshold,2,4,5,3.201683879085794,0.8058937209142066,10,0.36000000000000004
threshold_37,threshold,2,5,5,3.1575272191661514,0.8500503808338477,10,0.38000000000000006
threshold_37,threshold,2,6,5,3.15540331676381,0.8521742832361895,10,0.38000000000000006
threshold_37,threshold,2,7,5,3.1120256168003797,0.8955519831996211,9,0.36000000000000004
threshold_37,threshold,2,8,5,3.040525162377108,0.9670524376228921,10,0.4000000000000001
threshold_37,threshold,2,9,5,3.2590025012154964,0.748575098784503,8,0.3
threshold_37,threshold,2,0,6,3.2378162149142256,0.7697613850857752,9,0.32
threshold_37,threshold,2,1,6,3.019569486054552,0.9880081139454491,10,0.38000000000000006
threshold_37,threshold,2,2,6,3.2243349659999936,0.7832426340000082,9,0.32
threshold_37,threshold,2,3,6,3.2030852586513086,0.8044923413486916,9,0.32
threshold_37,threshold,2,4,6,3.154817259206742,0.8527603407932581,9,0.36000000000000004
threshold_37,threshold,2,5,6,3.157808056604587,0.849769543395414,10,0.38000000000000006
threshold_37,threshold,2,6,6,3.1277509979796885,0.8798266020203124,10,0.38000000000000006
threshold_37,threshold,2,7,6,3.106440103412456,0.9011374965875447,10,0.38000000000000006
threshold_37,threshold,2,8,6,3.0271818499134646,0.9803957500865348,10,0.38000000000000006
threshold_37,threshold,2,9,6,3.239976624118378,0.7676009758816222,8,0.3
threshold_37,threshold,2,0,7,3.1976671688106872,0.8099104311893133,9,0.32
threshold_37,threshold,2,1,7,3.0519153089623776,0.9556622910376245,10,0.38000000000000006
threshold_37,threshold,2,2,7,3.159704123780155,0.8478734762198457,9,0.36000000000000004
threshold_37,threshold,2,3,7,3.191005274210782,0.8165723257892172,9,0.36000000000000004
threshold_37,threshold,2,4,7,3.1243848423088605,0.8831927576911389,10,0.38000000000000006
threshold_37,threshold,2,5,7,3.183065911840464,0.8245116881595356,10,0.36000000000000004
threshold_37,threshold,2,6,7,3.1718708690387776,0.8357067309612234,10,0.38000000000000006
threshold_37,threshold,2,7,7,3.1341352443424975,0.8734423556575033,10,0.34
threshold_37,threshold,2,8,7,3.069424942609287,0.9381526573907145,10,0.4000000000000001
threshold_37,threshold,2,9,7,3.2415484736404694,0.7660291263595305,8,0.27999999999999997
threshold_37,threshold,2,0,8,3.2122369308983894,0.7953406691016103,10,0.36000000000000004
threshold_37,threshold,2,1,8,3.004544036177387,1.0030335638226127,10,0.4000000000000001
threshold_37,threshold,2,2,8,3.0936840468398383,0.9138935531601621,10,0.38000000000000006
threshold_37,threshold,2,3,8,3.057597128964309,0.949980471035692,10,0.38000000000000006
threshold_37,threshold,2,4,8,3.07848721237411,0.9290903876258914,10,0.38000000000000006
threshold_37,threshold,2,5,8,3.090148905010877,0.9174286949891238,10,0.4000000000000001
threshold_37,threshold,2,6,8,3.130341249081362,0.8772363509186372,10,0.38000000000000006
threshold_37,threshold,2,7,8,3.0255186200902346,0.9820589799097655,10,0.4000000000000001
threshold_37,threshold,2,8,8,2.957036740649631,1.0505408593503693,10,0.4000000000000001
threshold_37,threshold,2,9,8,3.159203720999431,0.8483738790005689,9,0.36000000000000004
threshold_37,threshold,2,0,9,3.3078345032714185,0.6997430967285818,7,0.23999999999999996
threshold_37,threshold,2,1,9,3.219040163571573,0.788537436428427,9,0.34
threshold_37,threshold,2,2,9,3.2391678025323944,0.7684097974676044,9,0.3
threshold_37,threshold,2,3,9,3.2361480693975477,0.7714295306024523,9,0.3
threshold_37,threshold,2,4,9,3.2823261418919527,0.7252514581080474,9,0.32
threshold_37,threshold,2,5,9,3.21232247168538,0.7952551283146209,8,0.3
threshold_37,threshold,2,6,9,3.2340149988490676,0.7735626011509326,9,0.34
threshold_37,threshold,2,7,9,3.2069509585996325,0.8006266414003672,9,0.34
threshold_37,threshold,2,8,9,3.1409752154769555,0.8666023845230452,10,0.38000000000000006
threshold_37,threshold,2,9,9,3.291768748569934,0.7158088514300657,6,0.21999999999999997
threshold_34,threshold,3,0,0,3.1950045489684995,0.8125730510315009,9,0.38000000000000006
threshold_34,threshold,3,1,0,2.8788586516861256,1.1287189483138738,9,0.5200000000000001
threshold_34,threshold,3,2,0,2.9730439321383217,1.0345336678616786,9,0.5000000000000001
threshold_34,threshold,3,3,0,3.0337836533838534,0.9737939466161443,9,0.48000000000000015
threshold_34,threshold,3,4,0,3.0458477540524127,0.961729845947587,9,0.46000000000000013
threshold_34,threshold,3,5,0,3.0124289993601194,0.9951486006398803,10,0.5000000000000001
threshold_34,threshold,3,6,0,3.038622952122186,0.9689546478778139,10,0.5000000000000001
threshold_34,threshold,3,7,0,3.0194191815885993,0.9881584184114011,10,0.5000000000000001
threshold_34,threshold,3,8,0,2.9258243290960984,1.081753270903902,9,0.5200000000000001
threshold_34,threshold,3,9,0,3.222297493951937,0.7852801060480621,8,0.38000000000000006
threshold_34,threshold,3,0,1,2.9037401106794536,1.1038374893205456,9,0.5400000000000001
threshold_34,threshold,3,1,1,2.4876732992994435,1.5199043007005564,10,0.6000000000000002
threshold_34,threshold,3,2,1,2.5705346806346707,1.4370429193653282,10,0.5800000000000002
threshold_34,threshold,3,3,1,2.6124204527488137,1.395157147251187,10,0.5800000000000002
threshold_34,threshold,3,4,1,2.735831836417517,1.2717457635824827,10,0.5800000000000002
threshold_34,threshold,3,5,1,2.7145239146273843,1.2930536853726151,10,0.5600000000000002
threshold_34,threshold,3,6,1,2.655683089827981,1.3518945101720183,10,0.5800000000000002
threshold_34,threshold,3,7,1,2.621843057068059,1.385734542931942,10,0.5800000000000002
threshold_34,threshold,3,8,1,2.5645472547505195,1.4430303452494806,10,0.6000000000000002
threshold_34,threshold,3,9,1,2.9469634929929356,1.0606141070070634,10,0.5400000000000001
threshold_34,threshold,3,0,2,3.0223779105561643,0.9851996894438361,9,0.5000000000000001
threshold_34,threshold,3,1,2,2.598267864715992,1.409309735284009,10,0.5800000000000002
threshold_34,threshold,3,2,2,2.660491479697993,1.3470861203020064,9,0.5600000000000002
threshold_34,threshold,3,3,2,2.709497358934609,1.298080241065391,10,0.5600000000000002
threshold_34,threshold,3,4,2,2.7079328683486694,1.2996447316513315,10,0.5800000000000002
threshold_34,threshold,3,5,2,2.806663088797218,1.2009145112027815,10,0.5600000000000002
threshold_34,threshold,3,6,2,2.8124233124587983,1.1951542875412025,10,0.5600000000000002
threshold_34,threshold,3,7,2,2.7562864046161724,1.251291195383828,9,0.5400000000000001
threshold_34,threshold,3,8,2,2.6137262579097156,1.3938513420902852,10,0.6000000000000002
threshold_34,threshold,3,9,2,3.0691963586654123,0.9383812413345879,10,0.5000000000000001
threshold_34,threshold,3,0,3,2.998689782166949,1.0088878178330511,9,0.5000000000000001
threshold_34,threshold,3,1,3,2.624128596368572,1.3834490036314282,10,0.5800000000000002
threshold_34,threshold,3,2,3,2.741116760446076,1.2664608395539239,10,0.5400000000000001
threshold_34,threshold,3,3,3,2.8114548903214547,1.196122709678546,10,0.5400000000000001
threshold_34,threshold,3,4,3,2.799001807497581,1.2085757925024192,10,0.5600000000000002
threshold_34,threshold,3,5,3,2.792581540803914,1.2149960591960867,10,0.5600000000000002
threshold_34,threshold,3,6,3,2.761780586779184,1.2457970132208158,10,0.5600000000000002
threshold_34,threshold,3,7,3,2.8381299214098137,1.1694476785901882,10,0.5400000000000001
threshold_34,threshold,3,8,3,2.6346500837217093,1.3729275162782901,10,0.6000000000000002
threshold_34,threshold,3,9,3,3.051503091633556,0.956074508366445,9,0.5000000000000001
threshold_34,threshold,3,0,4,2.9661899251228125,1.0413876748771886,10,0.5200000000000001
threshold_34,threshold,3,1,4,2.586907970208182,1.4206696297918187,10,0.5800000000000002
threshold_34,threshold,3,2,4,2.703705987319275,1.3038716126807246,10,0.5800000000000002
threshold_34,threshold,3,3,4,2.785686007312031,1.2218915926879674,10,0.5600000000000002
threshold_34,threshold,3,4,4,2.7209296727315144,1.2866479272684856,10,0.5800000000000002
threshold_34,threshold,3,5,4,2.8178987807827833,1.189678819217216,10,0.5800000000000002
threshold_34,threshold,3,6,4,2.822301799391565,1.1852758006084367,10,0.5800000000000002
threshold_34,threshold,3,7,4,2.8480120658287134,1.159565534171286,10,0.5600000000000002
threshold_34,threshold,3,8,4,2.7688810719695147,1.2386965280304858,10,0.5800000000000002
threshold_34,threshold,3,9,4,3.043511013079895,0.9640665869201072,10,0.48000000000000015
threshold_34,threshold,3,0,5,3.0207603243849808,0.9868172756150192,10,0.48000000000000015
threshold_34,threshold,3,1,5,2.6672534555098113,1.340324144490188,10,0.5800000000000002
threshold_34,threshold,3,2,5,2.722205737410318,1.2853718625896817,10,0.5800000000000002
threshold_34,threshold,3,3,5,2.780343688358966,1.227233911641034,9,0.5600000000000002
threshold_34,threshold,3,4,5,2.73474151969861,1.2728360803013907,10,0.5600000000000002
threshold_34,threshold,3,5,5,2.734049878644205,1.2735277213557956,10,0.5600000000000002
threshold_34,threshold,3,6,5,2.892432368095239,1.1151452319047612,10,0.5400000000000001
threshold_34,threshold,3,7,5,2.787544342087774,1.2200332579122255,10,0.5800000000000002
threshold_34,threshold,3,8,5,2.7015300463612726,1.3060475536387275,10,0.5800000000000002
threshold_34,threshold,3,9,5,3.0737293147745555,0.9338482852254445,9,0.48000000000000015
threshold_34,threshold,3,0,6,3.0753282782581817,0.9322493217418182,9,0.46000000000000013
threshold_34,threshold,3,1,6,2.7454895444944394,1.2620880555055596,10,0.5800000000000002
threshold_34,threshold,3,2,6,2.7671344279288523,1.2404431720711475,10,0.5600000000000002
threshold_34,threshold,3,3,6,2.715791820753145,1.2917857792468548,9,0.5400000000000001
threshold_34,threshold,3,4,6,2.74139121104661,1.2661863889533895,10,0.5400000000000001
threshold_34,threshold,3,5,6,2.7689489614004397,1.2386286385995595,10,0.5400000000000001
threshold_34,threshold,3,6,6,2.832127830801795,1.1754497691982047,10,0.5800000000000002
threshold_34,threshold,3,7,6,2.709228715848799,1.2983488841512014,9,0.5600000000000002
threshold_34,threshold,3,8,6,2.731444478764436,1.2761331212355655,9,0.5800000000000002
threshold_34,threshold,3,9,6,2.974340734710348,1.0332368652896524,9,0.5000000000000001
threshold_34,threshold,3,0,7,2.9620694318989296,1.0455081681010707,10,0.5200000000000001
threshold_34,threshold,3,1,7,2.5823987097085617,1.425178890291438,10,0.6000000000000002
threshold_34,threshold,3,2,7,2.7408181127090567,1.2667594872909442,9,0.5400000000000001
threshold_34,threshold,3,3,7,2.716668954053761,1.2909086459462387,10,0.5400000000000001
threshold_34,threshold,3,4,7,2.7887653374289765,1.2188122625710232,9,0.5200000000000001
threshold_34,threshold,3,5,7,2.7209613750652517,1.2866162249347486,10,0.5800000000000002
threshold_34,threshold,3,6,7,2.699591856692334,1.3079857433076658,10,0.5600000000000002
threshold_34,threshold,3,7,7,2.741301994501744,1.2662756054982547,10,0.5600000000000002
threshold_34,threshold,3,8,7,2.5802751383324365,1.4273024616675625,10,0.5800000000000002
threshold_34,threshold,3,9,7,3.0583273917979295,0.9492502082020713,9,0.48000000000000015
threshold_34,threshold,3,0,8,2.86979650061344,1.1377810993865602,10,0.5800000000000002
threshold_34,threshold,3,1,8,2.4409618609321644,1.566615739067835,10,0.6000000000000002
threshold_34,threshold,3,2,8,2.7070105644798237,1.3005670355201766,10,0.5800000000000002
threshold_34,threshold,3,3,8,2.7022436580070046,1.3053339419929961,10,0.5800000000000002
threshold_34,threshold,3,4,8,2.6141312958590146,1.393446304140986,10,0.5800000000000002
threshold_34,threshold,3,5,8,2.6396019154042354,1.3679756845957645,10,0.5800000000000002
threshold_34,threshold,3,6,8,2.630433863989456,1.377143736010544,10,0.6000000000000002
threshold_34,threshold,3,7,8,2.5714775257819658,1.4361000742180343,10,0.5800000000000002
threshold_34,threshold,3,8,8,2.509043044579528,1.498534555420471,10,0.6000000000000002
threshold_34,threshold,3,9,8,2.892810910782649,1.1147666892173502,9,0.5400000000000001
threshold_34,threshold,3,0,9,3.1822290421650274,0.8253485578349721,9,0.4000000000000001
threshold_34,threshold,3,1,9,2.9157099424583492,1.0918676575416508,10,0.5600000000000002
threshold_34,threshold,3,2,9,3.0036707765261497,1.0039068234738502,10,0.5200000000000001
threshold_34,threshold,3,3,9,3.0024229601723165,1.005154639827682,9,0.5000000000000001
threshold_34,threshold,3,4,9,2.956820552190745,1.050757047809254,10,0.5200000000000001
threshold_34,threshold,3,5,9,2.999924137077585,1.007653462922416,9,0.5000000000000001
threshold_34,threshold,3,6,9,3.0734190651373314,0.9341585348626695,9,0.48000000000000015
threshold_34,threshold,3,7,9,2.984047596641853,1.0235300033581463,9,0.5000000000000001
threshold_34,threshold,3,8,9,2.8640983528823982,1.1434792471176012,10,0.5800000000000002
threshold_34,threshold,3,9,9,3.249936026968854,0.7576415730311457,8,0.4000000000000001
threshold_35,threshold,3,0,0,3.2071396740860947,0.8004379259139064,9,0.4000000000000001
threshold_35,threshold,3,1,0,2.909477340416969,1.0981002595830316,10,0.5400000000000001
threshold_35,threshold,3,2,0,2.9679188119565367,1.039658788043463,9,0.5200000000000001
threshold_35,threshold,3,3,0,3.0921937330343288,0.9153838669656719,9,0.48000000000000015
threshold_35,threshold,3,4,0,3.0615720964721653,0.9460055035278339,9,0.5000000000000001
threshold_35,threshold,3,5,0,3.049559263755015,0.958018336244986,10,0.5000000000000001
threshold_35,threshold,3,6,0,2.9807020982086176,1.0268755017913838,9,0.5000000000000001
threshold_35,threshold,3,7,0,2.9749076293182726,1.032669970681728,9,0.5000000000000001
threshold_35,threshold,3,8,0,2.9182815453003643,1.089296054699636,10,0.5400000000000001
threshold_35,threshold,3,9,0,3.2218316991761977,0.7857459008238026,8,0.36000000000000004
threshold_35,threshold,3,0,1,2.909124011062395,1.098453588937607,9,0.5400000000000001
threshold_35,threshold,3,1,1,2.4710899599171605,1.5364876400828396,10,0.6000000000000002
threshold_35,threshold,3,2,1,2.5987820398326664,1.4087955601673325,10,0.5800000000000002
threshold_35,threshold,3,3,1,2.6940989744657267,1.313478625534273,10,0.5800000000000002
threshold_35,threshold,3,4,1,2.674396592970637,1.3331810070293628,10,0.5800000000000002
threshold_35,threshold,3,5,1,2.6860299589608947,1.3215476410391056,10,0.5800000000000002
threshold_35,threshold,3,6,1,2.597639131434349,1.409938468565651,10,0.5800000000000002
threshold_35,threshold,3,7,1,2.6701461009988403,1.3374314990011613,9,0.5800000000000002
threshold_35,threshold,3,8,1,2.5594530696803366,1.4481245303196628,10,0.6000000000000002
threshold_35,threshold,3,9,1,2.9220048696858174,1.085572730314182,10,0.5600000000000002
threshold_35,threshold,3,0,2,2.9733258179050814,1.0342517820949175,9,0.5000000000000001
threshold_35,threshold,3,1,2,2.5967156367923967,1.4108619632076032,10,0.5800000000000002
threshold_35,threshold,3,2,2,2.712074026503884,1.295503573496116,10,0.5800000000000002
threshold_35,threshold,3,3,2,2.709607146682407,1.297970453317593,10,0.5400000000000001
threshold_35,threshold,3,4,2,2.8206429577847416,1.186934642215258,10,0.5600000000000002
threshold_35,threshold,3,5,2,2.7913870565628858,1.2161905434371145,10,0.5400000000000001
threshold_35,threshold,3,6,2,2.789817948196121,1.2177596518038782,10,0.5600000000000002
threshold_35,threshold,3,7,2,2.7878826411351567,1.219694958864843,10,0.5400000000000001
threshold_35,threshold,3,8,2,2.69317390885224,1.3144036911477608,10,0.5600000000000002
threshold_35,threshold,3,9,2,3.025782081881666,0.9817955181183343,9,0.48000000000000015
threshold_35,threshold,3,0,3,3.0046045583576264,1.0029730416423737,9,0.5200000000000001
threshold_35,threshold,3,1,3,2.596596681968462,1.4109809180315378,10,0.5800000000000002
threshold_35,threshold,3,2,3,2.774380403736998,1.2331971962630015,10,0.5400000000000001
threshold_35,threshold,3,3,3,2.761958410394478,1.2456191896055229,10,0.5600000000000002
threshold_35,threshold,3,4,3,2.774386202773468,1.233191397226532,10,0.5600000000000002
threshold_35,threshold,3,5,3,2.8608492728678043,1.1467283271321944,9,0.5000000000000001
threshold_35,threshold,3,6,3,2.7666531700244956,1.240924429975505,10,0.5600000000000002
threshold_35,threshold,3,7,3,2.787305285566887,1.2202723144331138,10,0.5600000000000002
threshold_35,threshold,3,8,3,2.6340926056460456,1.3734849943539542,10,0.6000000000000002
threshold_35,threshold,3,9,3,3.00063820947649,1.0069393905235098,9,0.5000000000000001
threshold_35,threshold,3,0,4,3.129717797063464,0.8778598029365355,9,0.46000000000000013
threshold_35,threshold,3,1,4,2.650846303670274,1.3567312963297264,9,0.5800000000000002
threshold_35,threshold,3,2,4,2.7633738240137444,1.2442037759862559,10,0.5600000000000002
threshold_35,threshold,3,3,4,2.78276229067113,1.2248153093288694,10,0.5600000000000002
threshold_35,threshold,3,4,4,2.8427181602444658,1.164859439755534,10,0.5200000000000001
threshold_35,threshold,3,5,4,2.823578584159514,1.1839990158404858,10,0.5800000000000002
threshold_35,threshold,3,6,4,2.764538880198169,1.2430387198018313,10,0.5600000000000002
threshold_35,threshold,3,7,4,2.7674453570653235,1.2401322429346748,10,0.5800000000000002
threshold_35,threshold,3,8,4,2.6890742341639458,1.3185033658360548,10,0.5800000000000002
threshold_35,threshold,3,9,4,3.051258954018126,0.9563186459818728,9,0.5000000000000001
threshold_35,threshold,3,0,5,3.004879011836713,1.002698588163287,9,0.5200000000000001
threshold_35,threshold,3,1,5,2.604939150471495,1.4026384495285036,10,0.6000000000000002
threshold_35,threshold,3,2,5,2.7682657899771255,1.2393118100228753,10,0.5400000000000001
threshold_35,threshold,3,3,5,2.746106720878625,1.2614708791213753,10,0.5600000000000002
threshold_35,threshold,3,4,5,2.80538050284827,1.2021970971517297,10,0.5600000000000002
threshold_35,threshold,3,5,5,2.8751934744607803,1.1323841255392197,9,0.5200000000000001
threshold_35,threshold,3,6,5,2.8246585694797535,1.1829190305202477,10,0.5400000000000001
threshold_35,threshold,3,7,5,2.70362138968164,1.30395621031836,10,0.5800000000000002
threshold_35,threshold,3,8,5,2.6431402214589474,1.3644373785410522,10,0.6000000000000002
threshold_35,threshold,3,9,5,2.99434233922325,1.0132352607767503,10,0.5200000000000001
threshold_35,threshold,3,0,6,3.0190261058530794,0.9885514941469213,10,0.5400000000000001
threshold_35,threshold,3,1,6,2.6002901371528497,1.4072874628471497,10,0.5800000000000002
threshold_35,threshold,3,2,6,2.7032739953003055,1.3043036046996943,10,0.5800000000000002
threshold_35,threshold,3,3,6,2.708745455689749,1.2988321443102515,10,0.5600000000000002
threshold_35,threshold,3,4,6,2.8536468446284387,1.1539307553715614,10,0.5200000000000001
threshold_35,threshold,3,5,6,2.8501192748528137,1.1574583251471875,10,0.5400000000000001
threshold_35,threshold,3,6,6,2.9208730656708073,1.086704534329193,10,0.5200000000000001
threshold_35,threshold,3,7,6,2.758925581325225,1.2486520186747736,10,0.5400000000000001
threshold_35,threshold,3,8,6,2.616880511297205,1.3906970887027938,10,0.6000000000000002
threshold_35,threshold,3,9,6,3.0625745907210167,0.9450030092789845,9,0.5000000000000001
threshold_35,threshold,3,0,7,3.0548068427539934,0.9527707572460072,10,0.5200000000000001
threshold_35,threshold,3,1,7,2.633495539226694,1.374082060773307,10,0.5800000000000002
threshold_35,threshold,3,2,7,2.734517913857382,1.2730596861426167,9,0.5400000000000001
threshold_35,threshold,3,3,7,2.680644974299992,1.326932625700009,10,0.5800000000000002
threshold_35,threshold,3,4,7,2.7172849884223553,1.2902926115776443,10,0.5600000000000002
threshold_35,threshold,3,5,7,2.7627563304675045,1.2448212695324963,10,0.5800000000000002
threshold_35,threshold,3,6,7,2.765742250878858,1.2418353491211425,9,0.5200000000000001
threshold_35,threshold,3,7,7,2.664312113520494,1.3432654864795066,10,0.5800000000000002
threshold_35,threshold,3,8,7,2.582809091455009,1.424768508544991,10,0.6000000000000002
threshold_35,threshold,3,9,7,3.0429703750143324,0.9646072249856673,10,0.5000000000000001
threshold_35,threshold,3,0,8,2.9087607443633425,1.0988168556366582,10,0.5600000000000002
threshold_35,threshold,3,1,8,2.560646310384703,1.4469312896152962,10,0.6000000000000002
threshold_35,threshold,3,2,8,2.602469183955679,1.4051084160443206,10,0.5800000000000002
threshold_35,threshold,3,3,8,2.585722201096444,1.4218553989035565,10,0.5800000000000002
threshold_35,threshold,3,4,8,2.5732669897087725,1.434310610291228,9,0.5600000000000002
threshold_35,threshold,3,5,8,2.586660191215413,1.420917408784587,10,0.5800000000000002
threshold_35,threshold,3,6,8,2.6804417391685598,1.3271358608314396,10,0.5800000000000002
threshold_35,threshold,3,7,8,2.648605972119199,1.3589716278808017,10,0.5600000000000002
threshold_35,threshold,3,8,8,2.444379001004463,1.563198598995537,10,0.6000000000000002
threshold_35,threshold,3,9,8,2.908289456085417,1.0992881439145847,10,0.5400000000000001
threshold_35,threshold,3,0,9,3.2121650742111343,0.7954125257888659,7,0.38000000000000006
threshold_35,threshold,3,1,9,2.9264242278714856,1.0811533721285143,10,0.5600000000000002
threshold_35,threshold,3,2,9,2.946666163084092,1.060911436915909,9,0.5000000000000001
threshold_35,threshold,3,3,9,2.9239371615960033,1.0836404384039962,9,0.5200000000000001
threshold_35,threshold,3,4,9,2.9386397665307884,1.0689378334692115,10,0.5200000000000001
threshold_35,threshold,3,5,9,3.003657885599795,1.0039197144002057,10,0.5000000000000001
threshold_35,threshold,3,6,9,3.027280945303746,0.9802966546962538,9,0.5000000000000001
threshold_35,threshold,3,7,9,2.9490769622383346,1.058500637761665,9,0.5000000000000001
threshold_35,threshold,3,8,9,2.8373837474536403,1.1701938525463602,10,0.5800000000000002
threshold_35,threshold,3,9,9,3.173477057889489,0.8341005421105108,9,0.4000000000000001
threshold_36,threshold,3,0,0,3.1817076162562077,0.8258699837437931,9,0.38000000000000006
threshold_36,threshold,3,1,0,2.8282566029099576,1.179320997090042,10,0.5800000000000002
threshold_36,threshold,3,2,0,3.035652045561881,0.9719255544381189,9,0.48000000000000015
threshold_36,threshold,3,3,0,2.9776349133532514,1.0299426866467492,9,0.5000000000000001
threshold_36,threshold,3,4,0,3.027346010626948,0.9802315893730531,10,0.48000000000000015
threshold_36,threshold,3,5,0,3.0319899712077554,0.9755876287922455,10,0.5000000000000001
threshold_36,threshold,3,6,0,3.0841089498130008,0.9234686501869971,9,0.5000000000000001
threshold_36,threshold,3,7,0,3.0119816803394763,0.9955959196605239,10,0.5000000000000001
threshold_36,threshold,3,8,0,2.974035831973779,1.0335417680262209,9,0.5200000000000001
threshold_36,threshold,3,9,0,3.213647043461017,0.7939305565389843,9,0.4400000000000001
threshold_36,threshold,3,0,1,2.8076101028477667,1.1999674971522343,9,0.5200000000000001
threshold_36,threshold,3,1,1,2.442181670839515,1.5653959291604844,10,0.6000000000000002
threshold_36,threshold,3,2,1,2.5852685970608853,1.4223090029391137,10,0.6000000000000002
threshold_36,threshold,3,3,1,2.648441966585423,1.3591356334145765,10,0.5800000000000002
threshold_36,threshold,3,4,1,2.6409986308120743,1.3665789691879249,10,0.5800000000000002
threshold_36,threshold,3,5,1,2.672858943542832,1.3347186564571687,10,0.5800000000000002
threshold_36,threshold,3,6,1,2.7436936105887093,1.2638839894112912,10,0.5800000000000002
threshold_36,threshold,3,7,1,2.750122944879815,1.2574546551201857,10,0.6000000000000002
threshold_36,threshold,3,8,1,2.524242094801935,1.4833355051980655,10,0.6000000000000002
threshold_36,threshold,3,9,1,2.9535209298420773,1.0540566701579228,10,0.5400000000000001
threshold_36,threshold,3,0,2,2.8759025696634577,1.1316750303365422,10,0.5400000000000001
threshold_36,threshold,3,1,2,2.556426237387755,1.4511513626122454,10,0.6000000000000002
threshold_36,threshold,3,2,2,2.7273447954158936,1.2802328045841056,10,0.5400000000000001
threshold_36,threshold,3,3,2,2.775765452582528,1.2318121474174717,10,0.5400000000000001
threshold_36,threshold,3,4,2,2.7492503923750102,1.25832720762499,10,0.5600000000000002
threshold_36,threshold,3,5,2,2.809486303249348,1.1980912967506514,10,0.5600000000000002
threshold_36,threshold,3,6,2,2.782964459108317,1.2246131408916823,9,0.5600000000000002
threshold_36,threshold,3,7,2,2.794293548144837,1.2132840518551635,10,0.5600000000000002
threshold_36,threshold,3,8,2,2.692683247881047,1.3148943521189533,10,0.5600000000000002
threshold_36,threshold,3,9,2,3.010476175494727,0.9971014245052732,9,0.48000000000000015
threshold_36,threshold,3,0,3,2.9467601417727454,1.060817458227254,9,0.5000000000000001
threshold_36,threshold,3,1,3,2.5995706303575155,1.4080069696424846,10,0.5800000000000002
threshold_36,threshold,3,2,3,2.738859611934866,1.2687179880651345,10,0.5600000000000002
threshold_36,threshold,3,3,3,2.8130608868220435,1.1945167131779564,10,0.5400000000000001
threshold_36,threshold,3,4,3,2.870805801857705,1.136771798142294,10,0.5400000000000001
threshold_36,threshold,3,5,3,2.8349880184884335,1.1725895815115674,9,0.5400000000000001
threshold_36,threshold,3,6,3,2.8403319611469198,1.167245638853081,10,0.5600000000000002
threshold_36,threshold,3,7,3,2.7914202261889285,1.216157373811072,10,0.5400000000000001
threshold_36,threshold,3,8,3,2.7136914970951618,1.2938861029048374,10,0.5600000000000002
threshold_36,threshold,3,9,3,3.082040110660137,0.9255374893398639,9,0.46000000000000013
threshold_36,threshold,3,0,4,2.9618100679074373,1.0457675320925623,9,0.5000000000000001
threshold_36,threshold,3,1,4,2.5627881848707266,1.4447894151292722,10,0.6000000000000002
threshold_36,threshold,3,2,4,2.7657296663697832,1.2418479336302182,10,0.5200000000000001
threshold_36,threshold,3,3,4,2.9305876087984752,1.0769899912015257,10,0.5000000000000001
threshold_36,threshold,3,4,4,2.911925806380055,1.095651793619946,10,0.5400000000000001
threshold_36,threshold,3,5,4,2.9139530739532806,1.09362452604672,9,0.5200000000000001
threshold_36,threshold,3,6,4,2.834707898601678,1.1728697013983214,9,0.5200000000000001
threshold_36,threshold,3,7,4,2.8145151302812867,1.193062469718713,9,0.5400000000000001
threshold_36,threshold,3,8,4,2.618387105467997,1.3891904945320024,10,0.5800000000000002
threshold_36,threshold,3,9,4,3.0649612810384133,0.9426163189615876,9,0.5000000000000001
threshold_36,threshold,3,0,5,3.007779102926077,0.9997984970739231,9,0.48000000000000015
threshold_36,threshold,3,1,5,2.583404277123591,1.42417332287641,10,0.6000000000000002
threshold_36,threshold,3,2,5,2.7602243962922723,1.2473532037077277,10,0.5400000000000001
threshold_36,threshold,3,3,5,2.825158091565641,1.1824195084343598,10,0.5400000000000001
threshold_36,threshold,3,4,5,2.8611205859718463,1.146457014028154,10,0.5400000000000001
threshold_36,threshold,3,5,5,2.844451504785953,1.1631260952140476,10,0.5600000000000002
threshold_36,threshold,3,6,5,2.791668072407842,1.2159095275921576,10,0.5200000000000001
threshold_36,threshold,3,7,5,2.703659949674449,1.3039176503255527,10,0.5800000000000002
threshold_36,threshold,3,8,5,2.6371077718956197,1.3704698281043808,10,0.5800000000000002
threshold_36,threshold,3,9,5,2.9998350700342336,1.0077425299657656,10,0.5000000000000001
threshold_36,threshold,3,0,6,2.9898959930535147,1.0176816069464856,9,0.5000000000000001
threshold_36,threshold,3,1,6,2.6212405883824834,1.3863370116175162,10,0.5800000000000002
threshold_36,threshold,3,2,6,2.8032993049862056,1.2042782950137947,10,0.5400000000000001
threshold_36,threshold,3,3,6,2.8068672450217695,1.200710354978231,9,0.5400000000000001
threshold_36,threshold,3,4,6,2.817091365083444,1.1904862349165573,10,0.5400000000000001
threshold_36,threshold,3,5,6,2.8032440469217,1.2043335530782995,10,0.5200000000000001
threshold_36,threshold,3,6,6,2.7608710599722452,1.246706540027755,9,0.5600000000000002
threshold_36,threshold,3,7,6,2.7896819163070967,1.2178956836929034,9,0.5600000000000002
threshold_36,threshold,3,8,6,2.6778767868206605,1.3297008131793393,10,0.5800000000000002
threshold_36,threshold,3,9,6,3.046661183434263,0.9609164165657376,9,0.46000000000000013
threshold_36,threshold,3,0,7,3.063689496619282,0.9438881033807174,9,0.46000000000000013
threshold_36,threshold,3,1,7,2.654601659403836,1.352975940596164,10,0.5800000000000002
threshold_36,threshold,3,2,7,2.7341630586718955,1.273414541328105,10,0.5400000000000001
threshold_36,threshold,3,3,7,2.783077949262468,1.2244996507375323,10,0.5400000000000001
threshold_36,threshold,3,4,7,2.774043955097164,1.2335336449028362,10,0.5600000000000002
threshold_36,threshold,3,5,7,2.767921755436012,1.2396558445639887,10,0.5600000000000002
threshold_36,threshold,3,6,7,2.7187494587970553,1.2888281412029434,9,0.5600000000000002
threshold_36,threshold,3,7,7,2.715050028067832,1.2925275719321672,10,0.5400000000000001
threshold_36,threshold,3,8,7,2.640973276217399,1.3666043237826013,10,0.5600000000000002
threshold_36,threshold,3,9,7,2.977197103621624,1.0303804963783751,10,0.5000000000000001
threshold_36,threshold,3,0,8,2.9679357934578094,1.03964180654219,10,0.5200000000000001
threshold_36,threshold,3,1,8,2.5482803973102537,1.4592972026897466,10,0.5800000000000002
threshold_36,threshold,3,2,8,2.5884758060936726,1.4191017939063273,10,0.5800000000000002
threshold_36,threshold,3,3,8,2.6567347322816044,1.3508428677183955,10,0.5800000000000002
threshold_36,threshold,3,4,8,2.586643319975409,1.4209342800245908,10,0.5800000000000002
threshold_36,threshold,3,5,8,2.687057729849014,1.3205198701509853,10,0.5800000000000002
threshold_36,threshold,3,6,8,2.5190760993673225,1.4885015006326763,10,0.6000000000000002
threshold_36,threshold,3,7,8,2.623986364459569,1.3835912355404316,10,0.5800000000000002
threshold_36,threshold,3,8,8,2.485555324171632,1.5220222758283684,10,0.6000000000000002
threshold_36,threshold,3,9,8,2.960555647579391,1.0470219524206095,9,0.5200000000000001
threshold_36,threshold,3,0,9,3.2110577740432196,0.7965198259567804,8,0.38000000000000006
threshold_36,threshold,3,1,9,2.892403924137069,1.115173675862932,10,0.5600000000000002
threshold_36,threshold,3,2,9,3.0446166076268253,0.9629609923731761,9,0.5000000000000001
threshold_36,threshold,3,3,9,3.008881830704283,0.9986957692957183,9,0.48000000000000015
threshold_36,threshold,3,4,9,3.038560090789683,0.9690175092103178,10,0.5200000000000001
threshold_36,threshold,3,5,9,2.9966404857571267,1.0109371142428718,9,0.5200000000000001
threshold_36,threshold,3,6,9,2.9183521229295883,1.0892254770704126,9,0.5200000000000001
threshold_36,threshold,3,7,9,2.9342856129435506,1.0732919870564477,9,0.5000000000000001
threshold_36,threshold,3,8,9,2.888381235103294,1.1191963648967058,10,0.5400000000000001
threshold_36,threshold,3,9,9,3.249028223952775,0.7585493760472255,8,0.36000000000000004
threshold_37,threshold,3,0,0,3.2551639382391966,0.7524136617608038,8,0.36000000000000004
threshold_37,threshold,3,1,0,2.8959294288612165,1.1116481711387836,10,0.5600000000000002
threshold_37,threshold,3,2,0,3.008182145936114,0.9993954540638851,9,0.48000000000000015
threshold_37,threshold,3,3,0,3.070387953211778,0.9371896467882215,9,0.5000000000000001
threshold_37,threshold,3,4,0,3.003940733739526,1.0036368662604747,10,0.46000000000000013
threshold_37,threshold,3,5,0,2.939696046781535,1.067881553218464,9,0.5200000000000001
threshold_37,threshold,3,6,0,2.96924411081662,1.0383334891833809,9,0.5200000000000001
threshold_37,threshold,3,7,0,2.9629435124020307,1.0446340875979694,10,0.5200000000000001
threshold_37,threshold,3,8,0,2.9266967896151126,1.0808808103848873,9,0.5400000000000001
threshold_37,threshold,3,9,0,3.2112597754889465,0.796317824511056,9,0.4000000000000001
threshold_37,threshold,3,0,1,2.9592569859403013,1.0483206140597003,10,0.5400000000000001
threshold_37,threshold,3,1,1,2.563256654889374,1.4443209451106265,10,0.6000000000000002
threshold_37,threshold,3,2,1,2.705945820224446,1.3016317797755543,10,0.5800000000000002
threshold_37,threshold,3,3,1,2.649079525390572,1.358498074609428,10,0.5800000000000002
threshold_37,threshold,3,4,1,2.600928990516606,1.4066486094833934,10,0.5800000000000002
threshold_37,threshold,3,5,1,2.6287343831908543,1.3788432168091456,10,0.5800000000000002
threshold_37,threshold,3,6,1,2.6365472108363917,1.3710303891636082,10,0.6000000000000002
threshold_37,threshold,3,7,1,2.584822009392129,1.4227555906078722,10,0.5800000000000002
threshold_37,threshold,3,8,1,2.548360795988381,1.4592168040116196,10,0.6000000000000002
threshold_37,threshold,3,9,1,2.9058890650045535,1.101688534995446,9,0.5400000000000001
threshold_37,threshold,3,0,2,3.0095894506157492,0.9979881493842505,9,0.5000000000000001
threshold_37,threshold,3,1,2,2.7061441354340836,1.3014334645659165,10,0.5800000000000002
threshold_37,threshold,3,2,2,2.752811520528027,1.2547660794719728,10,0.5600000000000002
threshold_37,threshold,3,3,2,2.765379576090579,1.2421980239094215,10,0.5600000000000002
threshold_37,threshold,3,4,2,2.769395912189732,1.2381816878102685,9,0.5400000000000001
threshold_37,threshold,3,5,2,2.7449425590484693,1.2626350409515308,10,0.5600000000000002
threshold_37,threshold,3,6,2,2.8057165134033433,1.2018610865966581,10,0.5800000000000002
threshold_37,threshold,3,7,2,2.7675340273563624,1.2400435726436367,10,0.5600000000000002
threshold_37,threshold,3,8,2,2.6122629511291415,1.395314648870859,10,0.5800000000000002
threshold_37,threshold,3,9,2,3.0091847824605815,0.9983928175394181,10,0.5200000000000001
threshold_37,threshold,3,0,3,3.0000929131124803,1.00748468688752,9,0.5000000000000001
threshold_37,threshold,3,1,3,2.6262977470750024,1.381279852924997,10,0.5800000000000002
threshold_37,threshold,3,2,3,2.7029859451328697,1.3045916548671304,10,0.5800000000000002
threshold_37,threshold,3,3,3,2.7667850299945504,1.240792570005449,10,0.5600000000000002
threshold_37,threshold,3,4,3,2.863851542113614,1.143726057886387,10,0.5400000000000001
threshold_37,threshold,3,5,3,2.817145335806462,1.1904322641935374,9,0.5200000000000001
threshold_37,threshold,3,6,3,2.7686372303297513,1.2389403696702497,10,0.5400000000000001
threshold_37,threshold,3,7,3,2.717946167018279,1.2896314329817222,10,0.5600000000000002
threshold_37,threshold,3,8,3,2.6320627398463556,1.375514860153644,10,0.6000000000000002
threshold_37,threshold,3,9,3,2.9608929930135104,1.0466846069864908,10,0.5200000000000001
threshold_37,threshold,3,0,4,3.005756197962995,1.0018214020370042,9,0.5000000000000001
threshold_37,threshold,3,1,4,2.6201932890795483,1.3873843109204516,10,0.6000000000000002
threshold_37,threshold,3,2,4,2.7774214615193684,1.230156138480632,9,0.5200000000000001
threshold_37,threshold,3,3,4,2.7590781660138664,1.2484994339861337,10,0.5800000000000002
threshold_37,threshold,3,4,4,2.7943113213446686,1.213266278655332,9,0.5200000000000001
threshold_37,threshold,3,5,4,2.757633062804621,1.24994453719538,9,0.5400000000000001
threshold_37,threshold,3,6,4,2.747611725817608,1.2599658741823936,10,0.5400000000000001
threshold_37,threshold,3,7,4,2.7420035532826517,1.2655740467173486,10,0.5400000000000001
threshold_37,threshold,3,8,4,2.6287010101433994,1.3788765898566016,10,0.5800000000000002
threshold_37,threshold,3,9,4,2.996414811108754,1.0111627888912476,9,0.5000000000000001
threshold_37,threshold,3,0,5,3.0231516119537214,0.9844259880462782,9,0.5000000000000001
threshold_37,threshold,3,1,5,2.6624798731866623,1.3450977268133373,9,0.5600000000000002
threshold_37,threshold,3,2,5,2.8168905279978578,1.1906870720021427,10,0.5400000000000001
threshold_37,threshold,3,3,5,2.8016088836237834,1.205968716376217,10,0.5600000000000002
threshold_37,threshold,3,4,5,2.8006873696937737,1.2068902303062266,9,0.5400000000000001
threshold_37,threshold,3,5,5,2.761794894511184,1.2457827054888146,10,0.5800000000000002
threshold_37,threshold,3,6,5,2.765733820172784,1.2418437798272164,9,0.5600000000000002
threshold_37,threshold,3,7,5,2.687733038966513,1.319844561033487,10,0.5600000000000002
threshold_37,threshold,3,8,5,2.5732477908328977,1.4343298091671022,10,0.6000000000000002
threshold_37,threshold,3,9,5,3.0312534824987654,0.9763241175012354,9,0.48000000000000015
threshold_37,threshold,3,0,6,3.077166706153445,0.9304108938465543,9,0.5000000000000001
threshold_37,threshold,3,1,6,2.6737426902749526,1.3338349097250475,10,0.5800000000000002
threshold_37,threshold,3,2,6,2.797457566930557,1.2101200330694417,10,0.5200000000000001
threshold_37,threshold,3,3,6,2.830638988610531,1.1769386113894695,10,0.5200000000000001
threshold_37,threshold,3,4,6,2.7405328673511793,1.2670447326488223,9,0.5400000000000001
threshold_37,threshold,3,5,6,2.6897800137809,1.3177975862191,10,0.5800000000000002
threshold_37,threshold,3,6,6,2.7405958817640954,1.2669817182359038,9,0.5600000000000002
threshold_37,threshold,3,7,6,2.653662728305426,1.3539148716945744,10,0.5800000000000002
threshold_37,threshold,3,8,6,2.6645732355139176,1.3430043644860825,10,0.5800000000000002
threshold_37,threshold,3,9,6,3.011352691468245,0.9962249085317559,9,0.48000000000000015
threshold_37,threshold,3,0,7,3.0049604219702117,1.002617178029788,9,0.5000000000000001
threshold_37,threshold,3,1,7,2.6847633103195405,1.32281428968046,10,0.5800000000000002
threshold_37,threshold,3,2,7,2.8001994951886116,1.207378104811388,10,0.5600000000000002
threshold_37,threshold,3,3,7,2.7837978080265686,1.2237797919734317,9,0.5400000000000001
threshold_37,threshold,3,4,7,2.7098324767166573,1.2977451232833432,10,0.5800000000000002
threshold_37,threshold,3,5,7,2.7298766076187646,1.277700992381235,9,0.5400000000000001
threshold_37,threshold,3,6,7,2.7775294565834043,1.230048143416596,9,0.5600000000000002
threshold_37,threshold,3,7,7,2.7164305532849973,1.2911470467150021,10,0.5400000000000001
threshold_37,threshold,3,8,7,2.5917292067242763,1.4158483932757246,10,0.6000000000000002
threshold_37,threshold,3,9,7,3.012768005897123,0.994809594102878,9,0.46000000000000013
threshold_37,threshold,3,0,8,2.9318744174620512,1.0757031825379486,9,0.5400000000000001
threshold_37,threshold,3,1,8,2.521226164740797,1.4863514352592027,10,0.6000000000000002
threshold_37,threshold,3,2,8,2.5552194160105253,1.4523581839894748,10,0.5800000000000002
threshold_37,threshold,3,3,8,2.6357148424516628,1.3718627575483373,10,0.5800000000000002
threshold_37,threshold,3,4,8,2.593058083879603,1.4145195161203978,10,0.5800000000000002
threshold_37,threshold,3,5,8,2.608712892126421,1.3988647078735783,10,0.6000000000000002
threshold_37,threshold,3,6,8,2.593776932068825,1.4138006679311734,10,0.5800000000000002
threshold_37,threshold,3,7,8,2.5812803138514258,1.4262972861485745,10,0.6000000000000002
threshold_37,threshold,3,8,8,2.5092849424672843,1.4982926575327147,10,0.6000000000000002
threshold_37,threshold,3,9,8,2.9521797961127305,1.05539780388727,9,0.5400000000000001
threshold_37,threshold,3,0,9,3.2089456805366634,0.7986319194633369,9,0.4200000000000001
threshold_37,threshold,3,1,9,2.915849408270187,1.0917281917298127,10,0.5400000000000001
threshold_37,threshold,3,2,9,2.9554849992724184,1.052092600727581,10,0.5000000000000001
threshold_37,threshold,3,3,9,2.9797923373438358,1.0277852626561643,10,0.5000000000000001
threshold_37,threshold,3,4,9,3.0494322310369433,0.9581453689630558,9,0.5000000000000001
threshold_37,threshold,3,5,9,3.0167743400884675,0.9908032599115323,9,0.48000000000000015
threshold_37,threshold,3,6,9,2.9437954414191583,1.0637821585808451,9,0.5200000000000001
threshold_37,threshold,3,7,9,2.9075268712636437,1.1000507287363561,9,0.5200000000000001
threshold_37,threshold,3,8,9,2.84300587378681,1.1645717262131912,10,0.5800000000000002
threshold_37,threshold,3,9,9,3.2517807482753693,0.7557968517246318,8,0.38000000000000006
threshold_38,threshold,1,0,0,3.339244182124694,0.6683334178753053,5,0.1
threshold_38,threshold,1,1,0,3.284650483707886,0.7229271162921143,8,0.16
threshold_38,threshold,1,2,0,3.328814633258981,0.6787629667410197,7,0.14
threshold_38,threshold,1,3,0,3.307013555908444,0.7005640440915566,7,0.14
threshold_38,threshold,1,4,0,3.3064501123876466,0.7011274876123537,8,0.16
threshold_38,threshold,1,5,0,3.3279460638399305,0.6796315361600699,6,0.12000000000000001
threshold_38,threshold,1,6,0,3.3144425718590576,0.693135028140943,8,0.16
threshold_38,threshold,1,7,0,3.3228191149698674,0.6847584850301331,7,0.14
threshold_38,threshold,1,8,0,3.2986786429376096,0.7088989570623896,9,0.18
threshold_38,threshold,1,9,0,3.3308007366456995,0.676776863354301,5,0.1
threshold_38,threshold,1,0,1,3.310153813235335,0.6974237867646665,8,0.16
threshold_38,threshold,1,1,1,3.1799489113938395,0.8276286886061598,10,0.19999999999999998
threshold_38,threshold,1,2,1,3.2442656995738663,0.7633119004261338,9,0.18
threshold_38,threshold,1,3,1,3.261764252312922,0.7458133476870771,9,0.18
threshold_38,threshold,1,4,1,3.2755986895069684,0.731978910493033,9,0.18
threshold_38,threshold,1,5,1,3.26332327976771,0.7442543202322898,10,0.19999999999999998
threshold_38,threshold,1,6,1,3.2571463965565273,0.7504312034434735,9,0.18
threshold_38,threshold,1,7,1,3.238129688938426,0.7694479110615747,10,0.19999999999999998
threshold_38,threshold,1,8,1,3.1229658639064564,0.8846117360935435,10,0.19999999999999998
threshold_38,threshold,1,9,1,3.286813641666023,0.7207639583339784,9,0.18
threshold_38,threshold,1,0,2,3.2979635757849315,0.7096140242150686,7,0.14
threshold_38,threshold,1,1,2,3.2723851595129965,0.7351924404870036,9,0.18
threshold_38,threshold,1,2,2,3.2987415407144347,0.7088360592855644,8,0.16
threshold_38,threshold,1,3,2,3.2945373034015693,0.7130402965984319,9,0.18
threshold_38,threshold,1,4,2,3.3054658585127266,0.702111741487274,8,0.16
threshold_38,threshold,1,5,2,3.3200639483222023,0.6875136516777974,8,0.16
threshold_38,threshold,1,6,2,3.2876287996405376,0.719948800359461,9,0.18
threshold_38,threshold,1,7,2,3.3084296022031214,0.6991479977968796,9,0.18
threshold_38,threshold,1,8,2,3.2765444616626134,0.7310331383373853,9,0.18
threshold_38,threshold,1,9,2,3.3049998157091682,0.70257778429083,8,0.16
threshold_38,threshold,1,0,3,3.309219505191315,0.698358094808686,7,0.14
threshold_38,threshold,1,1,3,3.246978047860855,0.7605995521391442,9,0.18
threshold_38,threshold,1,2,3,3.302244341616394,0.7053332583836072,9,0.18
threshold_38,threshold,1,3,3,3.299675832121029,0.7079017678789715,8,0.16
threshold_38,threshold,1,4,3,3.306495445114752,0.7010821548852486,7,0.14
threshold_38,threshold,1,5,3,3.2944477057528117,0.7131298942471882,8,0.16
threshold_38,threshold,1,6,3,3.3295641256799837,0.6780134743200172,7,0.14
threshold_38,threshold,1,7,3,3.2934665523178177,0.7141110476821823,9,0.18
threshold_38,threshold,1,8,3,3.2270369002107975,0.7805406997892016,9,0.18
threshold_38,threshold,1,9,3,3.327386462834074,0.6801911371659274,7,0.14
threshold_38,threshold,1,0,4,3.307805342650354,0.6997722573496461,7,0.14
threshold_38,threshold,1,1,4,3.255460570807644,0.7521170291923565,9,0.18
threshold_38,threshold,1,2,4,3.293090662218357,0.7144869377816435,9,0.18
threshold_38,threshold,1,3,4,3.3156036195721525,0.6919739804278474,9,0.18
threshold_38,threshold,1,4,4,3.31102943137823,0.69654816862177,8,0.16
threshold_38,threshold,1,5,4,3.3181938448322184,0.6893837551677809,8,0.16
threshold_38,threshold,1,6,4,3.2796228533306584,0.7279547466693421,9,0.18
threshold_38,threshold,1,7,4,3.287459270382929,0.7201183296170716,8,0.16
threshold_38,threshold,1,8,4,3.254998419727846,0.7525791802721551,9,0.18
threshold_38,threshold,1,9,4,3.3190259877510973,0.6885516122489022,7,0.14
threshold_38,threshold,1,0,5,3.3116620433314576,0.6959155566685432,7,0.14
threshold_38,threshold,1,1,5,3.2584960520660684,0.749081547933932,10,0.19999999999999998
threshold_38,threshold,1,2,5,3.285581123688906,0.7219964763110935,9,0.18
threshold_38,threshold,1,3,5,3.3103510921568295,0.6972265078431706,8,0.16
threshold_38,threshold,1,4,5,3.2898546422081996,0.7177229577918008,8,0.16
threshold_38,threshold,1,5,5,3.3028776708918883,0.704699929108112,8,0.16
threshold_38,threshold,1,6,5,3.2696956156776267,0.7378819843223724,8,0.16
threshold_38,threshold,1,7,5,3.2711024122251264,0.7364751877748738,9,0.18
threshold_38,threshold,1,8,5,3.277560487370706,0.7300171126292946,9,0.18
threshold_38,threshold,1,9,5,3.3264202726478023,0.6811573273521978,7,0.14
threshold_38,threshold,1,0,6,3.3146530258498377,0.6929245741501621,7,0.14
threshold_38,threshold,1,1,6,3.253886833440918,0.7536907665590806,9,0.18
threshold_38,threshold,1,2,6,3.278607551311233,0.7289700486887667,8,0.16
threshold_38,threshold,1,3,6,3.313034788372155,0.6945428116278454,8,0.16
threshold_38,threshold,1,4,6,3.3098474730946807,0.6977301269053193,8,0.16
threshold_38,threshold,1,5,6,3.3026373016449995,0.7049402983550003,8,0.16
threshold_38,threshold,1,6,6,3.2868077825912607,0.7207698174087392,8,0.16
threshold_38,threshold,1,7,6,3.307073139472342,0.7005044605276592,8,0.16
threshold_38,threshold,1,8,6,3.258239691610756,0.7493379083892443,9,0.18
threshold_38,threshold,1,9,6,3.3188506331360395,0.688726966863961,7,0.14
threshold_38,threshold,1,0,7,3.2931997845456125,0.7143778154543874,7,0.14
threshold_38,threshold,1,1,7,3.239669875022982,0.7679077249770192,10,0.19999999999999998
threshold_38,threshold,1,2,7,3.29666907912356,0.7109085208764403,8,0.16
threshold_38,threshold,1,3,7,3.3029146790985457,0.7046629209014535,8,0.16
threshold_38,threshold,1,4,7,3.3068176345222504,0.7007599654777502,8,0.16
threshold_38,threshold,1,5,7,3.3023135909304266,0.7052640090695727,9,0.18
threshold_38,threshold,1,6,7,3.2694311608768936,0.7381464391231076,9,0.18
threshold_38,threshold,1,7,7,3.2907082794854503,0.7168693205145519,9,0.18
threshold_38,threshold,1,8,7,3.2278414362472647,0.7797361637527348,10,0.19999999999999998
threshold_38,threshold,1,9,7,3.3277574502447123,0.6798201497552886,8,0.16
threshold_38,threshold,1,0,8,3.306174339165544,0.7014032608344566,8,0.16
threshold_38,threshold,1,1,8,3.167489976799735,0.8400876232002652,10,0.19999999999999998
threshold_38,threshold,1,2,8,3.230172541020459,0.7774050589795412,9,0.18
threshold_38,threshold,1,3,8,3.271559596914081,0.7360180030859194,9,0.18
threshold_38,threshold,1,4,8,3.2662139993686345,0.7413636006313657,9,0.18
threshold_38,threshold,1,5,8,3.215684847855923,0.7918927521440775,10,0.19999999999999998
threshold_38,threshold,1,6,8,3.242414288662841,0.7651633113371601,9,0.18
threshold_38,threshold,1,7,8,3.201543560899424,0.8060340391005782,10,0.19999999999999998
threshold_38,threshold,1,8,8,3.1851605029124492,0.8224170970875505,10,0.19999999999999998
threshold_38,threshold,1,9,8,3.280499927800201,0.7270776721998,9,0.18
threshold_38,threshold,1,0,9,3.32781899874759,0.6797586012524112,6,0.12000000000000001
threshold_38,threshold,1,1,9,3.290124435343691,0.7174531646563087,8,0.16
threshold_38,threshold,1,2,9,3.322285947042311,0.6852916529576877,7,0.14
threshold_38,threshold,1,3,9,3.336303581611228,0.6712740183887725,7,0.14
threshold_38,threshold,1,4,9,3.32374570039989,0.6838318996001119,7,0.14
threshold_38,threshold,1,5,9,3.327733811735037,0.6798437882649644,7,0.14
threshold_38,threshold,1,6,9,3.2935818595663098,0.7139957404336892,8,0.16
threshold_38,threshold,1,7,9,3.302857423421597,0.7047201765784041,7,0.14
threshold_38,threshold,1,8,9,3.272558309741119,0.7350192902588814,9,0.18
threshold_38,threshold,1,9,9,3.337290427843368,0.6702871721566305,5,0.1
threshold_39,threshold,1,0,0,3.3461509094050155,0.6614266905949847,5,0.1
threshold_39,threshold,1,1,0,3.3064484171242543,0.7011291828757458,9,0.18
threshold_39,threshold,1,2,0,3.3015858848402764,0.7059917151597247,7,0.14
threshold_39,threshold,1,3,0,3.3343162043499035,0.6732613956500968,8,0.16
threshold_39,threshold,1,4,0,3.292005206507862,0.7155723934921376,7,0.14
threshold_39,threshold,1,5,0,3.3090878495655973,0.6984897504344055,7,0.14
threshold_39,threshold,1,6,0,3.3269735197337518,0.680604080266251,8,0.16
threshold_39,threshold,1,7,0,3.3128432747420136,0.6947343252579844,7,0.14
threshold_39,threshold,1,8,0,3.2827248993033846,0.7248527006966156,8,0.16
threshold_39,threshold,1,9,0,3.3005984209678125,0.7069791790321874,6,0.12000000000000001
threshold_39,threshold,1,0,1,3.2807661463415627,0.7268114536584378,8,0.16
threshold_39,threshold,1,1,1,3.1833968790652505,0.8241807209347469,10,0.19999999999999998
threshold_39,threshold,1,2,1,3.267563132552557,0.7400144674474433,10,0.19999999999999998
threshold_39,threshold,1,3,1,3.2736539231893875,0.7339236768106122,10,0.19999999999999998
threshold_39,threshold,1,4,1,3.2255732551303606,0.7820043448696392,9,0.18
threshold_39,threshold,1,5,1,3.261283418570849,0.7462941814291498,9,0.18
threshold_39,threshold,1,6,1,3.2100928809086127,0.7974847190913866,10,0.19999999999999998
threshold_39,threshold,1,7,1,3.2359039439250927,0.771673656074908,10,0.19999999999999998
threshold_39,threshold,1,8,1,3.167242015356763,0.8403355846432374,10,0.19999999999999998
threshold_39,threshold,1,9,1,3.2786844053869433,0.7288931946130572,9,0.18
threshold_39,threshold,1,0,2,3.315344339773817,0.6922332602261831,7,0.14
threshold_39,threshold,1,1,2,3.24880837306714,0.7587692269328615,9,0.18
threshold_39,threshold,1,2,2,3.3257776623517072,0.6817999376482949,8,0.16
threshold_39,threshold,1,3,2,3.3114577537290235,0.6961198462709767,8,0.16
threshold_39,threshold,1,4,2,3.3171745343385717,0.6904030656614291,9,0.18
threshold_39,threshold,1,5,2,3.3182658783135945,0.6893117216864049,8,0.16
threshold_39,threshold,1,6,2,3.3007509757935227,0.7068266242064775,9,0.18
threshold_39,threshold,1,7,2,3.297196893085476,0.7103807069145238,9,0.18
threshold_39,threshold,1,8,2,3.2492907711269523,0.758286828873049,9,0.18
threshold_39,threshold,1,9,2,3.3074409140036467,0.7001366859963535,7,0.14
threshold_39,threshold,1,0,3,3.320096099534911,0.6874815004650898,7,0.14
threshold_39,threshold,1,1,3,3.25627984339117,0.7512977566088295,9,0.18
threshold_39,threshold,1,2,3,3.302689772944941,0.7048878270550588,8,0.16
threshold_39,threshold,1,3,3,3.3012006174973796,0.7063769825026202,8,0.16
threshold_39,threshold,1,4,3,3.3142091116895633,0.6933684883104365,8,0.16
threshold_39,threshold,1,5,3,3.3209186681873057,0.6866589318126929,8,0.16
threshold_39,threshold,1,6,3,3.2996689067788676,0.7079086932211331,8,0.16
threshold_39,threshold,1,7,3,3.2645267312981754,0.7430508687018237,10,0.19999999999999998
threshold_39,threshold,1,8,3,3.2688910983525314,0.7386865016474675,9,0.18
threshold_39,threshold,1,9,3,3.3183046349821934,0.6892729650178078,7,0.14
threshold_39,threshold,1,0,4,3.3272846862457475,0.6802929137542516,6,0.12000000000000001
threshold_39,threshold,1,1,4,3.2565170244500017,0.751060575549997,10,0.19999999999999998
threshold_39,threshold,1,2,4,3.327536782303828,0.6800408176961712,9,0.18
threshold_39,threshold,1,3,4,3.3154025352528653,0.6921750647471339,8,0.16
threshold_39,threshold,1,4,4,3.301490795271942,0.7060868047280581,8,0.16
threshold_39,threshold,1,5,4,3.316563720690476,0.6910138793095227,8,0.16
threshold_39,threshold,1,6,4,3.277093563098793,0.7304840369012061,8,0.16
threshold_39,threshold,1,7,4,3.2909820709338646,0.7165955290661361,8,0.16
threshold_39,threshold,1,8,4,3.2103255169722833,0.7972520830277163,10,0.19999999999999998
threshold_39,threshold,1,9,4,3.317971931284871,0.6896056687151279,7,0.14
threshold_39,threshold,1,0,5,3.3282697091172326,0.6793078908827672,7,0.14
threshold_39,threshold,1,1,5,3.272596738245753,0.7349808617542481,10,0.19999999999999998
threshold_39,threshold,1,2,5,3.322833847250128,0.6847437527498722,9,0.18
threshold_39,threshold,1,3,5,3.3193840534397614,0.6881935465602372,8,0.16
threshold_39,threshold,1,4,5,3.2980715484104004,0.7095060515896008,8,0.16
threshold_39,threshold,1,5,5,3.3063233974874398,0.70125420251256,9,0.18
threshold_39,threshold,1,6,5,3.33914948928566,0.6684281107143398,8,0.16
threshold_39,threshold,1,7,5,3.301283898430099,0.7062937015699007,8,0.16
threshold_39,threshold,1,8,5,3.269463248908892,0.7381143510911068,9,0.18
threshold_39,threshold,1,9,5,3.295835160516437,0.7117424394835631,7,0.14
threshold_39,threshold,1,0,6,3.301957724410238,0.7056198755897619,7,0.14
threshold_39,threshold,1,1,6,3.229399496233775,0.7781781037662256,10,0.19999999999999998
threshold_39,threshold,1,2,6,3.314651924453246,0.6929256755467548,8,0.16
threshold_39,threshold,1,3,6,3.306820214276446,0.7007573857235542,7,0.14
threshold_39,threshold,1,4,6,3.3070185631108036,0.7005590368891953,7,0.14
threshold_39,threshold,1,5,6,3.317696032813289,0.6898815671867112,9,0.18
threshold_39,threshold,1,6,6,3.3144612694200313,0.6931163305799689,8,0.16
threshold_39,threshold,1,7,6,3.2928408562704092,0.7147367437295915,8,0.16
threshold_39,threshold,1,8,6,3.240957503812223,0.7666200961877759,10,0.19999999999999998
threshold_39,threshold,1,9,6,3.352517712013439,0.6550598879865607,8,0.16
threshold_39,threshold,1,0,7,3.339211898091237,0.6683657019087628,7,0.14
threshold_39,threshold,1,1,7,3.210257737496862,0.7973198625031386,10,0.19999999999999998
threshold_39,threshold,1,2,7,3.2989846568466037,0.7085929431533948,8,0.16
threshold_39,threshold,1,3,7,3.2891709772610414,0.7184066227389583,9,0.18
threshold_39,threshold,1,4,7,3.2927021542551023,0.7148754457448984,9,0.18
threshold_39,threshold,1,5,7,3.3130204287668534,0.6945571712331464,8,0.16
threshold_39,threshold,1,6,7,3.2884849870453223,0.7190926129546772,8,0.16
threshold_39,threshold,1,7,7,3.2829914923484735,0.7245861076515264,8,0.16
threshold_39,threshold,1,8,7,3.258081079582271,0.749496520417729,10,0.19999999999999998
threshold_39,threshold,1,9,7,3.341892550370493,0.6656850496295073,7,0.14
threshold_39,threshold,1,0,8,3.281678413322699,0.725899186677302,8,0.16
threshold_39,threshold,1,1,8,3.164024431505225,0.8435531684947764,10,0.19999999999999998
threshold_39,threshold,1,2,8,3.241979883144401,0.7655977168555995,9,0.18
threshold_39,threshold,1,3,8,3.266323636609509,0.7412539633904913,9,0.18
threshold_39,threshold,1,4,8,3.2664712975766856,0.7411063024233127,10,0.19999999999999998
threshold_39,threshold,1,5,8,3.2764204250434337,0.7311571749565677,10,0.19999999999999998
threshold_39,threshold,1,6,8,3.297337174114316,0.7102404258856834,9,0.18
threshold_39,threshold,1,7,8,3.274888745003824,0.7326888549961765,9,0.18
threshold_39,threshold,1,8,8,3.2064533625028977,0.8011242374971022,10,0.19999999999999998
threshold_39,threshold,1,9,8,3.2890223349869068,0.7185552650130943,8,0.16
threshold_39,threshold,1,0,9,3.3033461036898486,0.7042314963101524,6,0.12000000000000001
threshold_39,threshold,1,1,9,3.282590674033368,0.7249869259666304,8,0.16
threshold_39,threshold,1,2,9,3.3200475307198274,0.6875300692801721,6,0.12000000000000001
threshold_39,threshold,1,3,9,3.3389349661194077,0.6686426338805933,7,0.14
threshold_39,threshold,1,4,9,3.3287663501324802,0.6788112498675191,7,0.14
threshold_39,threshold,1,5,9,3.3380520726464953,0.6695255273535033,8,0.16
threshold_39,threshold,1,6,9,3.326996957213,0.6805806427870011,7,0.14
threshold_39,threshold,1,7,9,3.294848858868264,0.712728741131736,7,0.14
threshold_39,threshold,1,8,9,3.298082473051433,0.7094951269485674,8,0.16
threshold_39,threshold,1,9,9,3.3245745566551297,0.6830030433448709,6,0.12000000000000001
threshold_40,threshold,1,0,0,3.3591573963950965,0.6484202036049035,5,0.1
threshold_40,threshold,1,1,0,3.288410387178185,0.7191672128218163,8,0.16
threshold_40,threshold,1,2,0,3.3069850800852025,0.7005925199147981,7,0.14
threshold_40,threshold,1,3,0,3.2985570061893994,0.709020593810601,6,0.12000000000000001
threshold_40,threshold,1,4,0,3.307297700978482,0.7002798990215179,6,0.12000000000000001
threshold_40,threshold,1,5,0,3.3270509560094967,0.6805266439905039,6,0.12000000000000001
threshold_40,threshold,1,6,0,3.3335785220617034,0.6739990779382973,7,0.14
threshold_40,threshold,1,7,0,3.3211595939098904,0.6864180060901106,8,0.16
threshold_40,threshold,1,8,0,3.303954561780522,0.7036230382194775,7,0.14
threshold_40,threshold,1,9,0,3.341517313242836,0.6660602867571644,5,0.1
threshold_40,threshold,1,0,1,3.318034026217057,0.6895435737829436,9,0.18
threshold_40,threshold,1,1,1,3.1780483615319204,0.8295292384680802,10,0.19999999999999998
threshold_40,threshold,1,2,1,3.2156268667400334,0.7919507332599672,10,0.19999999999999998
threshold_40,threshold,1,3,1,3.25449860780122,0.7530789921987784,10,0.19999999999999998
threshold_40,threshold,1,4,1,3.2318734813548016,0.7757041186451982,9,0.18
threshold_40,threshold,1,5,1,3.2546620270050757,0.7529155729949254,10,0.19999999999999998
threshold_40,threshold,1,6,1,3.2491273187492125,0.7584502812507874,10,0.19999999999999998
threshold_40,threshold,1,7,1,3.247091798778046,0.7604858012219542,10,0.19999999999999998
threshold_40,threshold,1,8,1,3.208077547517439,0.7995000524825632,10,0.19999999999999998
threshold_40,threshold,1,9,1,3.2941632079407026,0.7134143920592978,9,0.18
threshold_40,threshold,1,0,2,3.320018654901415,0.6875589450985841,8,0.16
threshold_40,threshold,1,1,2,3.2653554719181184,0.7422221280818827,9,0.18
threshold_40,threshold,1,2,2,3.28142797317937,0.7261496268206296,8,0.16
threshold_40,threshold,1,3,2,3.299040816001135,0.7085367839988643,9,0.18
threshold_40,threshold,1,4,2,3.3046372885236814,0.7029403114763175,8,0.16
threshold_40,threshold,1,5,2,3.3047749215906146,0.7028026784093854,9,0.18
threshold_40,threshold,1,6,2,3.3072999028604597,0.700277697139539,8,0.16
threshold_40,threshold,1,7,2,3.2773950474945295,0.7301825525054718,8,0.16
threshold_40,threshold,1,8,2,3.20886597009804,0.7987116299019604,10,0.19999999999999998
threshold_40,threshold,1,9,2,3.3134860876629446,0.6940915123370557,8,0.16
threshold_40,threshold,1,0,3,3.326650951261083,0.6809266487389171,7,0.14
threshold_40,threshold,1,1,3,3.2318096841703254,0.7757679158296737,10,0.19999999999999998
threshold_40,threshold,1,2,3,3.298490066707801,0.7090875332921978,9,0.18
threshold_40,threshold,1,3,3,3.3238261629143073,0.6837514370856929,8,0.16
threshold_40,threshold,1,4,3,3.285209466833099,0.7223681331669,8,0.16
threshold_40,threshold,1,5,3,3.2876382393833974,0.7199393606166047,8,0.16
threshold_40,threshold,1,6,3,3.3223966345594067,0.6851809654405935,8,0.16
threshold_40,threshold,1,7,3,3.275065236512002,0.732512363487998,9,0.18
threshold_40,threshold,1,8,3,3.24003077765498,0.7675468223450186,9,0.18
threshold_40,threshold,1,9,3,3.3089346619607696,0.6986429380392294,8,0.16
threshold_40,threshold,1,0,4,3.3267826643172778,0.680794935682722,7,0.14
threshold_40,threshold,1,1,4,3.294092161397892,0.7134854386021074,9,0.18
threshold_40,threshold,1,2,4,3.2975757831668147,0.7100018168331852,9,0.18
threshold_40,threshold,1,3,4,3.298276737977472,0.7093008620225277,9,0.18
threshold_40,threshold,1,4,4,3.2958455777535525,0.7117320222464472,8,0.16
threshold_40,threshold,1,5,4,3.3225027806723415,0.6850748193276589,9,0.18
threshold_40,threshold,1,6,4,3.3088441462082705,0.6987334537917304,9,0.18
threshold_40,threshold,1,7,4,3.278632814601803,0.7289447853981976,9,0.18
threshold_40,threshold,1,8,4,3.2276435617252845,0.7799340382747145,10,0.19999999999999998
threshold_40,threshold,1,9,4,3.320622115885733,0.6869554841142681,7,0.14
threshold_40,threshold,1,0,5,3.340140268887907,0.6674373311120934,6,0.12000000000000001
threshold_40,threshold,1,1,5,3.2561015094035146,0.7514760905964866,10,0.19999999999999998
threshold_40,threshold,1,2,5,3.301362551296025,0.7062150487039743,8,0.16
threshold_40,threshold,1,3,5,3.3118772178354785,0.6957003821645229,8,0.16
threshold_40,threshold,1,4,5,3.2981876325042436,0.7093899674957568,9,0.18
threshold_40,threshold,1,5,5,3.3176644701583538,0.6899131298416471,8,0.16
threshold_40,threshold,1,6,5,3.3146036881102954,0.6929739118897039,7,0.14
threshold_40,threshold,1,7,5,3.303306180007663,0.7042714199923369,9,0.18
threshold_40,threshold,1,8,5,3.269004294111762,0.738573305888237,8,0.16
threshold_40,threshold,1,9,5,3.3051513017407643,0.7024262982592356,7,0.14
threshold_40,threshold,1,0,6,3.325144928538553,0.682432671461448,7,0.14
threshold_40,threshold,1,1,6,3.2455951040501816,0.7619824959498199,10,0.19999999999999998
threshold_40,threshold,1,2,6,3.290706756097191,0.7168708439028096,8,0.16
threshold_40,threshold,1,3,6,3.3109370377899685,0.6966405622100311,7,0.14
threshold_40,threshold,1,4,6,3.3012173821477333,0.7063602178522672,7,0.14
threshold_40,threshold,1,5,6,3.3219766567461906,0.6856009432538089,8,0.16
threshold_40,threshold,1,6,6,3.315890929921989,0.6916866700780109,8,0.16
threshold_40,threshold,1,7,6,3.2882301682945627,0.7193474317054372,8,0.16
threshold_40,threshold,1,8,6,3.2636067282026,0.7439708717974012,10,0.19999999999999998
threshold_40,threshold,1,9,6,3.319292634923981,0.6882849650760193,7,0.14
threshold_40,threshold,1,0,7,3.3092239832679424,0.6983536167320573,7,0.14
threshold_40,threshold,1,1,7,3.2384755458353056,0.7691020541646946,9,0.18
threshold_40,threshold,1,2,7,3.2931915125680917,0.7143860874319105,9,0.18
threshold_40,threshold,1,3,7,3.293039457465883,0.7145381425341182,9,0.18
threshold_40,threshold,1,4,7,3.305461936480499,0.7021156635195023,9,0.18
threshold_40,threshold,1,5,7,3.3040618343174386,0.7035157656825612,9,0.18
threshold_40,threshold,1,6,7,3.3006731562561296,0.7069044437438712,9,0.18
threshold_40,threshold,1,7,7,3.3257615010951818,0.6818160989048176,8,0.16
threshold_40,threshold,1,8,7,3.261327960688802,0.7462496393111977,10,0.19999999999999998
threshold_40,threshold,1,9,7,3.3190855864922346,0.6884920135077673,7,0.14
threshold_40,threshold,1,0,8,3.302317426254945,0.7052601737450536,8,0.16
threshold_40,threshold,1,1,8,3.2113150371059174,0.796262562894082,10,0.19999999999999998
threshold_40,threshold,1,2,8,3.244174816424029,0.7634027835759715,10,0.19999999999999998
threshold_40,threshold,1,3,8,3.2771148245484376,0.7304627754515631,9,0.18
threshold_40,threshold,1,4,8,3.2179718580056007,0.7896057419943988,10,0.19999999999999998
threshold_40,threshold,1,5,8,3.2478985997938286,0.759679000206171,9,0.18
threshold_40,threshold,1,6,8,3.295385221727903,0.712192378272096,9,0.18
threshold_40,threshold,1,7,8,3.2470276709203247,0.7605499290796762,10,0.19999999999999998
threshold_40,threshold,1,8,8,3.159986498614888,0.847591101385112,10,0.19999999999999998
threshold_40,threshold,1,9,8,3.3236221039506253,0.6839554960493764,8,0.16
threshold_40,threshold,1,0,9,3.3066190252338368,0.7009585747661622,5,0.1
threshold_40,threshold,1,1,9,3.285637042303634,0.7219405576963674,9,0.18
threshold_40,threshold,1,2,9,3.3359737764641473,0.6716038235358524,7,0.14
threshold_40,threshold,1,3,9,3.3390628559858015,0.6685147440141972,7,0.14
threshold_40,threshold,1,4,9,3.3004502571698215,0.7071273428301786,6,0.12000000000000001
threshold_40,threshold,1,5,9,3.312112744854985,0.6954648551450153,7,0.14
threshold_40,threshold,1,6,9,3.3180332197102254,0.689544380289777,7,0.14
threshold_40,threshold,1,7,9,3.3001290004163004,0.7074485995836993,7,0.14
threshold_40,threshold,1,8,9,3.2935687487046312,0.714008851295368,9,0.18
threshold_40,threshold,1,9,9,3.3392401949021697,0.6683374050978302,6,0.12000000000000001
threshold_41,threshold,1,0,0,3.328289024190918,0.6792885758090813,5,0.1
threshold_41,threshold,1,1,0,3.29202803590991,0.7155495640900903,8,0.16
threshold_41,threshold,1,2,0,3.3100936983638167,0.6974839016361835,7,0.14
threshold_41,threshold,1,3,0,3.299080383557001,0.7084972164429997,7,0.14
threshold_41,threshold,1,4,0,3.323135733856069,0.6844418661439314,7,0.14
threshold_41,threshold,1,5,0,3.317602006323241,0.6899755936767591,7,0.14
threshold_41,threshold,1,6,0,3.2960284992518907,0.7115491007481102,7,0.14
threshold_41,threshold,1,7,0,3.301020128179362,0.7065574718206379,7,0.14
threshold_41,threshold,1,8,0,3.2747215671496286,0.7328560328503718,8,0.16
threshold_41,threshold,1,9,0,3.321009502914538,0.6865680970854625,6,0.12000000000000001
threshold_41,threshold,1,0,1,3.3043087496913577,0.7032688503086421,8,0.16
threshold_41,threshold,1,1,1,3.1946832500155335,0.8128943499844656,10,0.19999999999999998
threshold_41,threshold,1,2,1,3.2867818568513014,0.7207957431486989,9,0.18
threshold_41,threshold,1,3,1,3.2507743558838684,0.7568032441161338,10,0.19999999999999998
threshold_41,threshold,1,4,1,3.233708154421365,0.7738694455786345,10,0.19999999999999998
threshold_41,threshold,1,5,1,3.2757387874721355,0.7318388125278642,9,0.18
threshold_41,threshold,1,6,1,3.268740247127434,0.7388373528725671,9,0.18
threshold_41,threshold,1,7,1,3.2328255795749254,0.7747520204250751,9,0.18
threshold_41,threshold,1,8,1,3.152502987497954,0.8550746125020448,10,0.19999999999999998
threshold_41,threshold,1,9,1,3.29572564971208,0.7118519502879198,8,0.16
threshold_41,threshold,1,0,2,3.3144824661873202,0.6930951338126806,8,0.16
threshold_41,threshold,1,1,2,3.2614832848798114,0.7460943151201886,9,0.18
threshold_41,threshold,1,2,2,3.3068965280114133,0.700681071988587,9,0.18
threshold_41,threshold,1,3,2,3.3133188963485765,0.6942587036514236,8,0.16
threshold_41,threshold,1,4,2,3.2892901912358066,0.7182874087641925,9,0.18
threshold_41,threshold,1,5,2,3.2976619692132427,0.7099156307867572,8,0.16
threshold_41,threshold,1,6,2,3.311155133452545,0.6964224665474553,7,0.14
threshold_41,threshold,1,7,2,3.3077758633394003,0.6998017366606003,9,0.18
threshold_41,threshold,1,8,2,3.2428855931186233,0.7646920068813764,9,0.18
threshold_41,threshold,1,9,2,3.324712060277449,0.6828655397225519,7,0.14
threshold_41,threshold,1,0,3,3.3290961817235463,0.6784814182764534,7,0.14
threshold_41,threshold,1,1,3,3.278896558591905,0.7286810414080952,9,0.18
threshold_41,threshold,1,2,3,3.308533856088337,0.6990437439116625,8,0.16
threshold_41,threshold,1,3,3,3.3040780888315098,0.7034995111684902,8,0.16
threshold_41,threshold,1,4,3,3.2932795690894174,0.7142980309105825,8,0.16
threshold_41,threshold,1,5,3,3.2868765150389767,0.7207010849610227,8,0.16
threshold_41,threshold,1,6,3,3.2787865552507425,0.7287910447492567,9,0.18
threshold_41,threshold,1,7,3,3.29389157453128,0.7136860254687187,9,0.18
threshold_41,threshold,1,8,3,3.285760601726674,0.7218169982733277,9,0.18
threshold_41,threshold,1,9,3,3.3359072600636392,0.6716703399363603,7,0.14
threshold_41,threshold,1,0,4,3.3157029489582914,0.6918746510417079,7,0.14
threshold_41,threshold,1,1,4,3.24661660907476,0.7609609909252402,10,0.19999999999999998
threshold_41,threshold,1,2,4,3.2945465088779704,0.7130310911220297,8,0.16
threshold_41,threshold,1,3,4,3.298673450870707,0.7089041491292928,9,0.18
threshold_41,threshold,1,4,4,3.3080841151546485,0.6994934848453526,8,0.16
threshold_41,threshold,1,5,4,3.301287229367267,0.7062903706327337,9,0.18
threshold_41,threshold,1,6,4,3.3022266425434696,0.7053509574565314,8,0.16
threshold_41,threshold,1,7,4,3.3046977971797618,0.7028798028202391,9,0.18
threshold_41,threshold,1,8,4,3.262814227175847,0.7447633728241548,10,0.19999999999999998
threshold_41,threshold,1,9,4,3.325342138020963,0.6822354619790367,7,0.14
threshold_41,threshold,1,0,5,3.321147380718664,0.6864302192813371,7,0.14
threshold_41,threshold,1,1,5,3.245072078415911,0.7625055215840904,10,0.19999999999999998
threshold_41,threshold,1,2,5,3.2926821999071256,0.7148954000928741,8,0.16
threshold_41,threshold,1,3,5,3.299816246215169,0.70776135378483,9,0.18
threshold_41,threshold,1,4,5,3.3004854435620135,0.7070921564379864,9,0.18
threshold_41,threshold,1,5,5,3.2963281744591177,0.7112494255408817,8,0.16
threshold_41,threshold,1,6,5,3.3158074350769384,0.691770164923062,9,0.18
threshold_41,threshold,1,7,5,3.294736359136714,0.7128412408632857,8,0.16
threshold_41,threshold,1,8,5,3.280189427908561,0.7273881720914401,9,0.18
threshold_41,threshold,1,9,5,3.323603740584004,0.6839738594159952,6,0.12000000000000001
threshold_41,threshold,1,0,6,3.309550826813204,0.6980267731867966,7,0.14
threshold_41,threshold,1,1,6,3.2695856019853426,0.7379919980146583,9,0.18
threshold_41,threshold,1,2,6,3.2945145835904044,0.7130630164095956,8,0.16
threshold_41,threshold,1,3,6,3.3118578827302922,0.6957197172697066,8,0.16
threshold_41,threshold,1,4,6,3.285023100958273,0.7225544990417266,8,0.16
threshold_41,threshold,1,5,6,3.2894536144037203,0.71812398559628,9,0.18
threshold_41,threshold,1,6,6,3.289981769137603,0.7175958308623962,8,0.16
threshold_41,threshold,1,7,6,3.2917677250584387,0.7158098749415619,8,0.16
threshold_41,threshold,1,8,6,3.2824910825539564,0.7250865174460442,9,0.18
threshold_41,threshold,1,9,6,3.3224655790891795,0.6851120209108208,8,0.16
threshold_41,threshold,1,0,7,3.313522621797844,0.6940549782021549,7,0.14
threshold_41,threshold,1,1,7,3.253478340715349,0.754099259284651,9,0.18
threshold_41,threshold,1,2,7,3.2833089621987783,0.7242686378012211,9,0.18
threshold_41,threshold,1,3,7,3.314677710952454,0.6928998890475472,8,0.16
threshold_41,threshold,1,4,7,3.290044789053778,0.7175328109462205,9,0.18
threshold_41,threshold,1,5,7,3.3126926243151513,0.6948849756848482,8,0.16
threshold_41,threshold,1,6,7,3.287946131749549,0.7196314682504518,8,0.16
threshold_41,threshold,1,7,7,3.2962302052693833,0.7113473947306187,9,0.18
threshold_41,threshold,1,8,7,3.2503105710833156,0.7572670289166848,9,0.18
threshold_41,threshold,1,9,7,3.309095645091058,0.6984819549089404,7,0.14
threshold_41,threshold,1,0,8,3.29987107905108,0.7077065209489217,8,0.16
threshold_41,threshold,1,1,8,3.1694356532789056,0.8381419467210947,10,0.19999999999999998
threshold_41,threshold,1,2,8,3.263257161351709,0.7443204386482914,9,0.18
threshold_41,threshold,1,3,8,3.2577318849430226,0.7498457150569787,9,0.18
threshold_41,threshold,1,4,8,3.2940895415700577,0.7134880584299426,9,0.18
threshold_41,threshold,1,5,8,3.2370393186837063,0.7705382813162936,10,0.19999999999999998
threshold_41,threshold,1,6,8,3.2732357189466588,0.7343418810533404,9,0.18
threshold_41,threshold,1,7,8,3.2584842571826433,0.7490933428173561,9,0.18
threshold_41,threshold,1,8,8,3.1760631302479094,0.8315144697520911,10,0.19999999999999998
threshold_41,threshold,1,9,8,3.2917951442255773,0.7157824557744236,9,0.18
threshold_41,threshold,1,0,9,3.327171449460769,0.6804061505392328,5,0.1
threshold_41,threshold,1,1,9,3.303108897808451,0.7044687021915489,8,0.16
threshold_41,threshold,1,2,9,3.3270409059600197,0.6805366940399817,7,0.14
threshold_41,threshold,1,3,9,3.3329272745442715,0.6746503254557294,7,0.14
threshold_41,threshold,1,4,9,3.302161367877104,0.7054162321228953,7,0.14
threshold_41,threshold,1,5,9,3.3211050700109803,0.6864725299890205,7,0.14
threshold_41,threshold,1,6,9,3.3047203664189455,0.7028572335810529,8,0.16
threshold_41,threshold,1,7,9,3.29892070202029,0.7086568979797094,8,0.16
threshold_41,threshold,1,8,9,3.296901664647898,0.7106759353521023,8,0.16
threshold_41,threshold,1,9,9,3.3045793634295917,0.7029982365704095,4,0.08
threshold_38,threshold,2,0,0,3.2899583903739456,0.7176192096260547,7,0.23999999999999996
threshold_38,threshold,2,1,0,3.1629039745948626,0.8446736254051378,10,0.36000000000000004
threshold_38,threshold,2,2,0,3.235339224427946,0.7722383755720528,9,0.32
threshold_38,threshold,2,3,0,3.2597741554281825,0.7478034445718161,9,0.32
threshold_38,threshold,2,4,0,3.249533500833458,0.7580440991665425,9,0.34
threshold_38,threshold,2,5,0,3.2638600561695585,0.7437175438304416,8,0.27999999999999997
threshold_38,threshold,2,6,0,3.2473066593372746,0.7602709406627257,8,0.32
threshold_38,threshold,2,7,0,3.2237604321317823,0.7838171678682184,8,0.3
threshold_38,threshold,2,8,0,3.171633673986578,0.8359439260134219,9,0.36000000000000004
threshold_38,threshold,2,9,0,3.314430218877842,0.6931473811221572,6,0.21999999999999997
threshold_38,threshold,2,0,1,3.168557759113578,0.8390198408864233,9,0.34
threshold_38,threshold,2,1,1,2.948194071151617,1.0593835288483828,10,0.4000000000000001
threshold_38,threshold,2,2,1,3.047414318437112,0.9601632815628881,10,0.38000000000000006
threshold_38,threshold,2,3,1,3.1411270552419928,0.8664505447580089,9,0.36000000000000004
threshold_38,threshold,2,4,1,3.1010765095389905,0.9065010904610092,10,0.38000000000000006
threshold_38,threshold,2,5,1,3.040883811188785,0.9666937888112148,10,0.4000000000000001
threshold_38,threshold,2,6,1,3.0956807390149153,0.9118968609850839,9,0.36000000000000004
threshold_38,threshold,2,7,1,3.0483701046179794,0.9592074953820209,10,0.4000000000000001
threshold_38,threshold,2,8,1,2.9446499831362685,1.062927616863732,10,0.4000000000000001
threshold_38,threshold,2,9,1,3.149124092432582,0.8584535075674173,10,0.38000000000000006
threshold_38,threshold,2,0,2,3.2515890021832092,0.7559885978167904,8,0.3
threshold_38,threshold,2,1,2,3.0134171167796433,0.9941604832203562,10,0.38000000000000006
threshold_38,threshold,2,2,2,3.1612585084855396,0.8463190915144617,9,0.34
threshold_38,threshold,2,3,2,3.1537182946746225,0.8538593053253765,10,0.38000000000000006
threshold_38,threshold,2,4,2,3.159961129686164,0.8476164703138356,10,0.36000000000000004
threshold_38,threshold,2,5,2,3.176086582951595,0.8314910170484043,10,0.36000000000000004
threshold_38,threshold,2,6,2,3.1439919850251146,0.8635856149748857,9,0.36000000000000004
threshold_38,threshold,2,7,2,3.081529480627848,0.9260481193721514,9,0.36000000000000004
threshold_38,threshold,2,8,2,3.0094815471682446,0.9980960528317548,10,0.38000000000000006
threshold_38,threshold,2,9,2,3.1958703514531757,0.8117072485468246,9,0.34
threshold_38,threshold,2,0,3,3.2391087839608628,0.7684688160391367,8,0.3
threshold_38,threshold,2,1,3,3.0987300552084207,0.908847544791579,10,0.38000000000000006
threshold_38,threshold,2,2,3,3.137733401167947,0.8698441988320533,9,0.36000000000000004
threshold_38,threshold,2,3,3,3.2021919845713573,0.8053856154286408,9,0.34
threshold_38,threshold,2,4,3,3.140676747304308,0.8669008526956917,10,0.34
threshold_38,threshold,2,5,3,3.193757990850812,0.813819609149188,10,0.36000000000000004
threshold_38,threshold,2,6,3,3.18274754469832,0.8248300553016806,9,0.32
threshold_38,threshold,2,7,3,3.1297880688295185,0.8777895311704811,10,0.38000000000000006
threshold_38,threshold,2,8,3,3.0419189778877693,0.965658622112232,10,0.38000000000000006
threshold_38,threshold,2,9,3,3.277999462318003,0.7295781376819978,8,0.3
threshold_38,threshold,2,0,4,3.2802886861872964,0.7272889138127042,8,0.3
threshold_38,threshold,2,1,4,3.1052000395201715,0.9023775604798293,9,0.36000000000000004
threshold_38,threshold,2,2,4,3.180654646992096,0.8269229530079036,9,0.36000000000000004
threshold_38,threshold,2,3,4,3.0974047887045475,0.9101728112954534,10,0.38000000000000006
threshold_38,threshold,2,4,4,3.1834864395020053,0.8240911604979967,9,0.34
threshold_38,threshold,2,5,4,3.1849539849362816,0.8226236150637177,9,0.34
threshold_38,threshold,2,6,4,3.2150835702733622,0.7924940297266388,8,0.34
threshold_38,threshold,2,7,4,3.1728966240449514,0.8346809759550492,9,0.34
threshold_38,threshold,2,8,4,3.094882786286862,0.9126948137131387,10,0.38000000000000006
threshold_38,threshold,2,9,4,3.2891403542980577,0.7184372457019415,8,0.3
threshold_38,threshold,2,0,5,3.264977558772876,0.7426000412271244,8,0.3
threshold_38,threshold,2,1,5,3.0501237020819207,0.95745389791808,10,0.4000000000000001
threshold_38,threshold,2,2,5,3.1232173055296393,0.8843602944703614,10,0.38000000000000006
threshold_38,threshold,2,3,5,3.1970844255673603,0.8104931744326404,9,0.34
threshold_38,threshold,2,4,5,3.1827559995230827,0.8248216004769182,9,0.34
threshold_38,threshold,2,5,5,3.1900993294365727,0.8174782705634289,9,0.34
threshold_38,threshold,2,6,5,3.1373847088309943,0.8701928911690051,9,0.34
threshold_38,threshold,2,7,5,3.102810511172508,0.9047670888274918,10,0.38000000000000006
threshold_38,threshold,2,8,5,3.098121458904503,0.9094561410954972,10,0.38000000000000006
threshold_38,threshold,2,9,5,3.27087474362805,0.7367028563719505,8,0.3
threshold_38,threshold,2,0,6,3.243672624437669,0.7639049755623315,9,0.32
threshold_38,threshold,2,1,6,3.0769796623225796,0.9305979376774209,10,0.38000000000000006
threshold_38,threshold,2,2,6,3.1189273316374853,0.8886502683625149,10,0.36000000000000004
threshold_38,threshold,2,3,6,3.1834764698570366,0.824101130142963,9,0.34
threshold_38,threshold,2,4,6,3.153698556057086,0.8538790439429134,9,0.34
threshold_38,threshold,2,5,6,3.1364733790051664,0.8711042209948333,10,0.36000000000000004
threshold_38,threshold,2,6,6,3.1537675028225336,0.8538100971774658,9,0.34
threshold_38,threshold,2,7,6,3.1060144661068034,0.9015631338931956,10,0.36000000000000004
threshold_38,threshold,2,8,6,3.0542243549334587,0.953353245066542,10,0.38000000000000006
threshold_38,threshold,2,9,6,3.2283844540117337,0.7791931459882662,9,0.32
threshold_38,threshold,2,0,7,3.2543783449157098,0.75319925508429,8,0.3
threshold_38,threshold,2,1,7,3.086740006839611,0.9208375931603897,10,0.4000000000000001
threshold_38,threshold,2,2,7,3.1343776924036533,0.8731999075963467,10,0.36000000000000004
threshold_38,threshold,2,3,7,3.129401640314664,0.8781759596853357,10,0.36000000000000004
threshold_38,threshold,2,4,7,3.1607108196159057,0.846866780384095,10,0.36000000000000004
threshold_38,threshold,2,5,7,3.1045658464993693,0.9030117535006303,10,0.38000000000000006
threshold_38,threshold,2,6,7,3.121699835044678,0.8858777649553212,10,0.38000000000000006
threshold_38,threshold,2,7,7,3.1169813805108415,0.890596219489158,10,0.38000000000000006
threshold_38,threshold,2,8,7,2.961091546594764,1.0464860534052356,10,0.4000000000000001
threshold_38,threshold,2,9,7,3.23122385254787,0.77635374745213,8,0.32
threshold_38,threshold,2,0,8,3.1839068496335807,0.8236707503664188,9,0.34
threshold_38,threshold,2,1,8,2.953092823132329,1.0544847768676715,10,0.4000000000000001
threshold_38,threshold,2,2,8,3.0467999209106655,0.9607776790893334,10,0.38000000000000006
threshold_38,threshold,2,3,8,3.096027758139426,0.911549841860573,10,0.38000000000000006
threshold_38,threshold,2,4,8,3.088548355837495,0.919029244162506,10,0.38000000000000006
threshold_38,threshold,2,5,8,3.0402596309767898,0.9673179690232108,10,0.4000000000000001
threshold_38,threshold,2,6,8,3.0556813791847106,0.9518962208152902,10,0.38000000000000006
threshold_38,threshold,2,7,8,2.992894672743412,1.014682927256588,10,0.4000000000000001
threshold_38,threshold,2,8,8,2.943649925962861,1.063927674037139,10,0.4000000000000001
threshold_38,threshold,2,9,8,3.141721071216787,0.865856528783212,10,0.38000000000000006
threshold_38,threshold,2,0,9,3.3022506868400545,0.705326913159945,6,0.23999999999999996
threshold_38,threshold,2,1,9,3.171805228674985,0.8357723713250154,10,0.36000000000000004
threshold_38,threshold,2,2,9,3.221811164243606,0.7857664357563955,9,0.32
threshold_38,threshold,2,3,9,3.2623727652752046,0.7452048347247958,8,0.3
threshold_38,threshold,2,4,9,3.2577058138173203,0.7498717861826802,8,0.3
threshold_38,threshold,2,5,9,3.244488242222449,0.7630893577775506,8,0.3
threshold_38,threshold,2,6,9,3.212519632794764,0.7950579672052365,9,0.34
threshold_38,threshold,2,7,9,3.2304757123894534,0.777101887610549,9,0.32
threshold_38,threshold,2,8,9,3.1858088418143184,0.821768758185683,9,0.36000000000000004
threshold_38,threshold,2,9,9,3.314921986875479,0.6926556131245222,7,0.23999999999999996
threshold_39,threshold,2,0,0,3.285535480971122,0.7220421190288779,7,0.23999999999999996
threshold_39,threshold,2,1,0,3.1457434564174496,0.8618341435825504,9,0.36000000000000004
threshold_39,threshold,2,2,0,3.220631806776913,0.786945793223087,9,0.32
threshold_39,threshold,2,3,0,3.2304045605549203,0.7771730394450801,9,0.34
threshold_39,threshold,2,4,0,3.2341172038273136,0.7734603961726858,8,0.3
threshold_39,threshold,2,5,0,3.2419178037274863,0.7656597962725131,9,0.32
threshold_39,threshold,2,6,0,3.220503536112119,0.7870740638878819,9,0.34
threshold_39,threshold,2,7,0,3.2666971000650693,0.7408804999349298,7,0.27999999999999997
threshold_39,threshold,2,8,0,3.1702170464064694,0.8373605535935293,9,0.34
threshold_39,threshold,2,9,0,3.3232047340470774,0.6843728659529232,7,0.25999999999999995
threshold_39,threshold,2,0,1,3.129883717537416,0.8776938824625835,10,0.36000000000000004
threshold_39,threshold,2,1,1,2.930449405160021,1.077128194839979,10,0.4000000000000001
threshold_39,threshold,2,2,1,2.997897145939491,1.0096804540605089,10,0.4000000000000001
threshold_39,threshold,2,3,1,3.013562372266782,0.9940152277332196,10,0.4000000000000001
threshold_39,threshold,2,4,1,3.077286085443369,0.930291514556632,10,0.38000000000000006
threshold_39,threshold,2,5,1,3.107432090073148,0.9001455099268512,10,0.38000000000000006
threshold_39,threshold,2,6,1,3.0695065794074416,0.9380710205925569,10,0.4000000000000001
threshold_39,threshold,2,7,1,3.0248317375909015,0.9827458624090987,10,0.4000000000000001
threshold_39,threshold,2,8,1,2.948006586637866,1.0595710133621328,10,0.4000000000000001
threshold_39,threshold,2,9,1,3.1757959486081977,0.8317816513918025,9,0.36000000000000004
threshold_39,threshold,2,0,2,3.2408704283018666,0.7667071716981326,9,0.32
threshold_39,threshold,2,1,2,3.0559950270239984,0.9515825729760015,10,0.38000000000000006
threshold_39,threshold,2,2,2,3.121666007914815,0.8859115920851853,10,0.36000000000000004
threshold_39,threshold,2,3,2,3.1374164815308454,0.8701611184691532,10,0.36000000000000004
threshold_39,threshold,2,4,2,3.1279672578656004,0.8796103421343989,9,0.36000000000000004
threshold_39,threshold,2,5,2,3.1592009772472487,0.8483766227527516,10,0.36000000000000004
threshold_39,threshold,2,6,2,3.1683401598192678,0.8392374401807317,10,0.38000000000000006
threshold_39,threshold,2,7,2,3.091146128644741,0.9164314713552604,10,0.38000000000000006
threshold_39,threshold,2,8,2,3.06020527919497,0.9473723208050305,10,0.38000000000000006
threshold_39,threshold,2,9,2,3.2572646445604896,0.7503129554395115,8,0.3
threshold_39,threshold,2,0,3,3.26596771229589,0.7416098877041103,9,0.32
threshold_39,threshold,2,1,3,3.0343999776606565,0.9731776223393442,10,0.38000000000000006
threshold_39,threshold,2,2,3,3.134776744216874,0.8728008557831268,9,0.34
threshold_39,threshold,2,3,3,3.147658967034097,0.8599186329659042,10,0.36000000000000004
threshold_39,threshold,2,4,3,3.1391719658138038,0.8684056341861961,10,0.36000000000000004
threshold_39,threshold,2,5,3,3.128334836622891,0.8792427633771095,10,0.36000000000000004
threshold_39,threshold,2,6,3,3.194790891888891,0.8127867081111108,9,0.34
threshold_39,threshold,2,7,3,3.1543242992177163,0.8532533007822833,9,0.38000000000000006
threshold_39,threshold,2,8,3,3.03223155007267,0.9753460499273306,10,0.38000000000000006
threshold_39,threshold,2,9,3,3.2519473045407166,0.7556302954592826,9,0.32
threshold_39,threshold,2,0,4,3.2688181702014676,0.738759429798533,9,0.3
threshold_39,threshold,2,1,4,3.0534604325497843,0.9541171674502144,10,0.4000000000000001
threshold_39,threshold,2,2,4,3.123360708464465,0.8842168915355352,10,0.38000000000000006
threshold_39,threshold,2,3,4,3.1840920320746733,0.8234855679253269,10,0.36000000000000004
threshold_39,threshold,2,4,4,3.1468013235059584,0.8607762764940431,9,0.34
threshold_39,threshold,2,5,4,3.179421164585922,0.828156435414078,9,0.34
threshold_39,threshold,2,6,4,3.184981300053829,0.8225962999461714,9,0.34
threshold_39,threshold,2,7,4,3.1320598091302716,0.875517790869728,9,0.34
threshold_39,threshold,2,8,4,3.0536965052767755,0.9538810947232257,10,0.4000000000000001
threshold_39,threshold,2,9,4,3.2336807392471547,0.773896860752846,9,0.32
threshold_39,threshold,2,0,5,3.274837611904616,0.7327399880953839,8,0.3
threshold_39,threshold,2,1,5,3.06935574032003,0.9382218596799712,10,0.4000000000000001
threshold_39,threshold,2,2,5,3.1346151709752217,0.8729624290247776,10,0.38000000000000006
threshold_39,threshold,2,3,5,3.164948206057313,0.8426293939426873,10,0.36000000000000004
threshold_39,threshold,2,4,5,3.1551314896553273,0.8524461103446739,9,0.34
threshold_39,threshold,2,5,5,3.102657608729,0.9049199912710019,10,0.38000000000000006
threshold_39,threshold,2,6,5,3.1980893031642017,0.8094882968357974,8,0.32
threshold_39,threshold,2,7,5,3.121646147259902,0.885931452740099,10,0.36000000000000004
threshold_39,threshold,2,8,5,3.095152695572858,0.912424904427143,9,0.36000000000000004
threshold_39,threshold,2,9,5,3.281147279203945,0.7264303207960547,8,0.3
threshold_39,threshold,2,0,6,3.254076115427267,0.7535014845727337,8,0.3
threshold_39,threshold,2,1,6,3.05807530258757,0.9495022974124305,10,0.4000000000000001
threshold_39,threshold,2,2,6,3.1442991797698814,0.8632784202301175,10,0.36000000000000004
threshold_39,threshold,2,3,6,3.1779736921648265,0.8296039078351738,10,0.34
threshold_39,threshold,2,4,6,3.196307833425036,0.8112697665749643,9,0.32
threshold_39,threshold,2,5,6,3.135498679703261,0.8720789202967391,9,0.36000000000000004
threshold_39,threshold,2,6,6,3.1729688259039865,0.834608774096014,9,0.34
threshold_39,threshold,2,7,6,3.163059382643023,0.8445182173569781,10,0.36000000000000004
threshold_39,threshold,2,8,6,3.06046668272201,0.9471109172779895,10,0.4000000000000001
threshold_39,threshold,2,9,6,3.252109603592999,0.7554679964069994,8,0.32
threshold_39,threshold,2,0,7,3.239801480048784,0.7677761199512159,9,0.32
threshold_39,threshold,2,1,7,3.016447829295837,0.991129770704162,10,0.4000000000000001
threshold_39,threshold,2,2,7,3.126558719456767,0.8810188805432333,10,0.36000000000000004
threshold_39,threshold,2,3,7,3.1173427172704264,0.8902348827295741,10,0.38000000000000006
threshold_39,threshold,2,4,7,3.1226568043987117,0.884920795601287,10,0.38000000000000006
threshold_39,threshold,2,5,7,3.1186396990462457,0.8889379009537551,10,0.36000000000000004
threshold_39,threshold,2,6,7,3.130774753677041,0.8768028463229592,10,0.36000000000000004
threshold_39,threshold,2,7,7,3.140056688875422,0.8675209111245777,9,0.34
threshold_39,threshold,2,8,7,3.0523041134519526,0.9552734865480476,10,0.4000000000000001
threshold_39,threshold,2,9,7,3.2066038726479604,0.8009737273520386,9,0.32
threshold_39,threshold,2,0,8,3.201565194934778,0.8060124050652216,9,0.34
threshold_39,threshold,2,1,8,2.950725668232572,1.056851931767429,10,0.4000000000000001
threshold_39,threshold,2,2,8,3.0391228681600033,0.9684547318399976,10,0.38000000000000006
threshold_39,threshold,2,3,8,3.054869369335604,0.9527082306643945,10,0.38000000000000006
threshold_39,threshold,2,4,8,3.0265681826403443,0.9810094173596551,9,0.38000000000000006
threshold_39,threshold,2,5,8,3.098342326225599,0.9092352737744025,10,0.4000000000000001
threshold_39,threshold,2,6,8,3.0708017758751742,0.9367758241248265,9,0.36000000000000004
threshold_39,threshold,2,7,8,3.01768631908572,0.98989128091428,10,0.38000000000000006
threshold_39,threshold,2,8,8,2.908527307890529,1.099050292109471,10,0.4000000000000001
threshold_39,threshold,2,9,8,3.2041201829636203,0.8034574170363802,10,0.36000000000000004
threshold_39,threshold,2,0,9,3.273362096158274,0.7342155038417247,7,0.25999999999999995
threshold_39,threshold,2,1,9,3.1893347287579763,0.8182428712420239,10,0.36000000000000004
threshold_39,threshold,2,2,9,3.2577399704936245,0.7498376295063769,8,0.27999999999999997
threshold_39,threshold,2,3,9,3.2384813485382944,0.7690962514617055,8,0.3
threshold_39,threshold,2,4,9,3.260957761879502,0.7466198381204974,8,0.3
threshold_39,threshold,2,5,9,3.2485905071131356,0.7589870928868644,8,0.32
threshold_39,threshold,2,6,9,3.2640672978913514,0.7435103021086468,8,0.3
threshold_39,threshold,2,7,9,3.253622083565027,0.7539555164349744,9,0.32
threshold_39,threshold,2,8,9,3.1974334357341334,0.8101441642658679,10,0.36000000000000004
threshold_39,threshold,2,9,9,3.319472532267137,0.6881050677328634,7,0.25999999999999995
threshold_40,threshold,2,0,0,3.2999694636304056,0.7076081363695939,7,0.23999999999999996
threshold_40,threshold,2,1,0,3.169660777404354,0.8379168225956454,9,0.34
threshold_40,threshold,2,2,0,3.2233433464209766,0.7842342535790238,9,0.32
threshold_40,threshold,2,3,0,3.2694649788050523,0.7381126211949491,9,0.3
threshold_40,threshold,2,4,0,3.261326072770935,0.7462515272290646,9,0.3
threshold_40,threshold,2,5,0,3.2804808645747,0.7270967354253005,8,0.27999999999999997
threshold_40,threshold,2,6,0,3.2475366965138837,0.7600409034861184,9,0.32
threshold_40,threshold,2,7,0,3.187739039399922,0.8198385606000784,9,0.34
threshold_40,threshold,2,8,0,3.159492605191983,0.8480849948080171,9,0.32
threshold_40,threshold,2,9,0,3.3125254246350337,0.6950521753649672,7,0.23999999999999996
threshold_40,threshold,2,0,1,3.192912759045349,0.8146648409546515,9,0.36000000000000004
threshold_40,threshold,2,1,1,2.93162272481675,1.0759548751832506,10,0.4000000000000001
threshold_40,threshold,2,2,1,3.0249849781249343,0.9825926218750644,10,0.4000000000000001
threshold_40,threshold,2,3,1,3.032231862460157,0.9753457375398432,10,0.4000000000000001
threshold_40,threshold,2,4,1,3.0417710366916584,0.9658065633083415,10,0.38000000000000006
threshold_40,threshold,2,5,1,3.049950443174468,0.9576271568255328,10,0.4000000000000001
threshold_40,threshold,2,6,1,3.0349988610760836,0.9725787389239166,10,0.4000000000000001
threshold_40,threshold,2,7,1,2.9982959578218527,1.0092816421781476,10,0.4000000000000001
threshold_40,threshold,2,8,1,2.8718872331367105,1.1356903668632905,10,0.4000000000000001
threshold_40,threshold,2,9,1,3.14171129910427,0.8658663008957299,10,0.38000000000000006
threshold_40,threshold,2,0,2,3.23535873561172,0.7722188643882807,9,0.34
threshold_40,threshold,2,1,2,3.045502286491164,0.962075313508836,10,0.38000000000000006
threshold_40,threshold,2,2,2,3.123341821413604,0.8842357785863962,10,0.36000000000000004
threshold_40,threshold,2,3,2,3.1738219877698612,0.8337556122301399,9,0.36000000000000004
threshold_40,threshold,2,4,2,3.1683675626572194,0.8392100373427808,9,0.34
threshold_40,threshold,2,5,2,3.1652870255386114,0.8422905744613876,10,0.38000000000000006
threshold_40,threshold,2,6,2,3.148500910264064,0.8590766897359376,10,0.36000000000000004
threshold_40,threshold,2,7,2,3.1093229339485062,0.8982546660514945,10,0.36000000000000004
threshold_40,threshold,2,8,2,2.968769787527353,1.0388078124726476,10,0.4000000000000001
threshold_40,threshold,2,9,2,3.2206714769528424,0.7869061230471577,8,0.32
threshold_40,threshold,2,0,3,3.246785653465475,0.7607919465345256,9,0.32
threshold_40,threshold,2,1,3,3.0459759428539694,0.9616016571460314,10,0.4000000000000001
threshold_40,threshold,2,2,3,3.1411568718354594,0.8664207281645396,9,0.36000000000000004
threshold_40,threshold,2,3,3,3.1766354697057797,0.8309421302942203,9,0.34
threshold_40,threshold,2,4,3,3.194674430130622,0.8129031698693795,9,0.34
threshold_40,threshold,2,5,3,3.2113363014710172,0.7962412985289835,10,0.36000000000000004
threshold_40,threshold,2,6,3,3.1471324390408673,0.8604451609591327,10,0.36000000000000004
threshold_40,threshold,2,7,3,3.149845465212812,0.8577321347871886,10,0.38000000000000006
threshold_40,threshold,2,8,3,3.0283771632673124,0.9792004367326876,10,0.38000000000000006
threshold_40,threshold,2,9,3,3.2412987389899475,0.7662788610100525,8,0.32
threshold_40,threshold,2,0,4,3.26491047764117,0.7426671223588294,8,0.3
threshold_40,threshold,2,1,4,3.049787392274922,0.9577902077250778,10,0.38000000000000006
threshold_40,threshold,2,2,4,3.122674007688017,0.8849035923119832,10,0.38000000000000006
threshold_40,threshold,2,3,4,3.11990526714306,0.8876723328569395,10,0.38000000000000006
threshold_40,threshold,2,4,4,3.1915120547434044,0.816065545256596,9,0.34
threshold_40,threshold,2,5,4,3.1793985397812015,0.8281790602188001,9,0.36000000000000004
threshold_40,threshold,2,6,4,3.136173519931182,0.8714040800688185,10,0.38000000000000006
threshold_40,threshold,2,7,4,3.1152920444938537,0.8922855555061484,10,0.38000000000000006
threshold_40,threshold,2,8,4,3.062123559679377,0.9454540403206229,10,0.4000000000000001
threshold_40,threshold,2,9,4,3.2711755614152196,0.7364020385847811,8,0.3
threshold_40,threshold,2,0,5,3.2670794636374985,0.7404981363625031,8,0.27999999999999997
threshold_40,threshold,2,1,5,3.0737736235032163,0.9338039764967833,9,0.38000000000000006
threshold_40,threshold,2,2,5,3.1041305513669966,0.903447048633005,10,0.36000000000000004
threshold_40,threshold,2,3,5,3.1382745516628665,0.8693030483371346,9,0.34
threshold_40,threshold,2,4,5,3.145470286233615,0.8621073137663844,9,0.36000000000000004
threshold_40,threshold,2,5,5,3.1693521893064447,0.8382254106935558,9,0.34
threshold_40,threshold,2,6,5,3.2064608843784717,0.8011167156215285,9,0.32
threshold_40,threshold,2,7,5,3.148723589564339,0.8588540104356598,9,0.36000000000000004
threshold_40,threshold,2,8,5,3.079256869868591,0.9283207301314086,10,0.36000000000000004
threshold_40,threshold,2,9,5,3.2820643916609855,0.7255132083390156,8,0.3
threshold_40,threshold,2,0,6,3.2791135961647315,0.7284640038352685,8,0.3
threshold_40,threshold,2,1,6,3.0402690803670684,0.9673085196329316,10,0.4000000000000001
threshold_40,threshold,2,2,6,3.148448879561131,0.8591287204388679,9,0.34
threshold_40,threshold,2,3,6,3.1479907067892787,0.8595868932107203,10,0.34
threshold_40,threshold,2,4,6,3.154339981699816,0.8532376183001849,10,0.34
threshold_40,threshold,2,5,6,3.1391167823949524,0.8684608176050476,10,0.36000000000000004
threshold_40,threshold,2,6,6,3.148207770828904,0.8593698291710969,9,0.34
threshold_40,threshold,2,7,6,3.150275981847323,0.8573016181526767,10,0.36000000000000004
threshold_40,threshold,2,8,6,3.0681636448118823,0.9394139551881183,10,0.4000000000000001
threshold_40,threshold,2,9,6,3.244003272294123,0.7635743277058769,8,0.3
threshold_40,threshold,2,0,7,3.2308055933781943,0.7767720066218066,9,0.32
threshold_40,threshold,2,1,7,3.1165580326843343,0.8910195673156658,10,0.38000000000000006
threshold_40,threshold,2,2,7,3.1049937482079537,0.9025838517920444,10,0.38000000000000006
threshold_40,threshold,2,3,7,3.137247019838408,0.8703305801615921,9,0.36000000000000004
threshold_40,threshold,2,4,7,3.129818018541082,0.8777595814589185,10,0.38000000000000006
threshold_40,threshold,2,5,7,3.1051690882897254,0.9024085117102741,10,0.38000000000000006
threshold_40,threshold,2,6,7,3.0821204364280357,0.9254571635719636,10,0.38000000000000006
threshold_40,threshold,2,7,7,3.0848969932748527,0.922680606725148,10,0.36000000000000004
threshold_40,threshold,2,8,7,3.035514647179885,0.9720629528201151,10,0.4000000000000001
threshold_40,threshold,2,9,7,3.2331577053888796,0.7744198946111209,9,0.32
threshold_40,threshold,2,0,8,3.15707785946001,0.8504997405399908,10,0.36000000000000004
threshold_40,threshold,2,1,8,2.883263521638204,1.124314078361796,10,0.4000000000000001
threshold_40,threshold,2,2,8,3.0302098383067113,0.977367761693289,10,0.4000000000000001
threshold_40,threshold,2,3,8,3.0871763759659583,0.920401224034043,10,0.38000000000000006
threshold_40,threshold,2,4,8,3.0341425458582267,0.9734350541417732,10,0.4000000000000001
threshold_40,threshold,2,5,8,3.0607741818129264,0.9468034181870748,10,0.38000000000000006
threshold_40,threshold,2,6,8,3.0581730852547673,0.9494045147452326,10,0.38000000000000006
threshold_40,threshold,2,7,8,3.0206595606349214,0.9869180393650772,10,0.4000000000000001
threshold_40,threshold,2,8,8,2.954868844094309,1.0527087559056922,10,0.4000000000000001
threshold_40,threshold,2,9,8,3.1818575529391695,0.8257200470608311,9,0.34
threshold_40,threshold,2,0,9,3.2979428890000695,0.7096347109999303,7,0.23999999999999996
threshold_40,threshold,2,1,9,3.1852238426514083,0.8223537573485917,10,0.38000000000000006
threshold_40,threshold,2,2,9,3.255340106877784,0.752237493122216,9,0.32
threshold_40,threshold,2,3,9,3.2810906929852117,0.726486907014789,8,0.3
threshold_40,threshold,2,4,9,3.2809179543747873,0.726659645625213,9,0.3
threshold_40,threshold,2,5,9,3.2233360936566515,0.7842415063433472,8,0.3
threshold_40,threshold,2,6,9,3.216283390180785,0.7912942098192156,9,0.32
threshold_40,threshold,2,7,9,3.2143692720464405,0.7932083279535606,9,0.32
threshold_40,threshold,2,8,9,3.113448854936111,0.894128745063888,10,0.38000000000000006
threshold_40,threshold,2,9,9,3.3054779230261087,0.7020996769738921,6,0.23999999999999996
threshold_41,threshold,2,0,0,3.3003478556970736,0.7072297443029273,7,0.23999999999999996
threshold_41,threshold,2,1,0,3.186987163607989,0.8205904363920093,9,0.34
threshold_41,threshold,2,2,0,3.227744746131128,0.7798328538688728,9,0.32
threshold_41,threshold,2,3,0,3.2350770487538605,0.7725005512461407,8,0.3
threshold_41,threshold,2,4,0,3.240407992781095,0.7671696072189065,8,0.3
threshold_41,threshold,2,5,0,3.2353470822455113,0.7722305177544887,8,0.3
threshold_41,threshold,2,6,0,3.2470010647140755,0.7605765352859248,9,0.32
threshold_41,threshold,2,7,0,3.2649428938753933,0.7426347061246068,8,0.3
threshold_41,threshold,2,8,0,3.180838977768726,0.8267386222312731,10,0.36000000000000004
threshold_41,threshold,2,9,0,3.3146197129514228,0.6929578870485764,6,0.23999999999999996
threshold_41,threshold,2,0,1,3.196983646102355,0.8105939538976449,9,0.34
threshold_41,threshold,2,1,1,2.951532132028365,1.0560454679716353,10,0.4000000000000001
threshold_41,threshold,2,2,1,3.0173398067872235,0.9902377932127773,10,0.38000000000000006
threshold_41,threshold,2,3,1,3.068476912219178,0.9391006877808219,10,0.4000000000000001
threshold_41,threshold,2,4,1,3.0704597071929993,0.9371178928070006,10,0.4000000000000001
threshold_41,threshold,2,5,1,3.042839963050605,0.9647376369493958,10,0.38000000000000006
threshold_41,threshold,2,6,1,3.045067715964844,0.9625098840351557,10,0.38000000000000006
threshold_41,threshold,2,7,1,3.1109037302204507,0.8966738697795493,10,0.38000000000000006
threshold_41,threshold,2,8,1,2.9710169577243595,1.0365606422756406,10,0.4000000000000001
threshold_41,threshold,2,9,1,3.168558158585613,0.8390194414143867,9,0.34
threshold_41,threshold,2,0,2,3.2408651457505595,0.76671245424944,8,0.32
threshold_41,threshold,2,1,2,3.0857505704947945,0.9218270295052046,10,0.38000000000000006
threshold_41,threshold,2,2,2,3.1717115230408854,0.835866076959115,9,0.36000000000000004
threshold_41,threshold,2,3,2,3.1358145408544336,0.8717630591455665,10,0.36000000000000004
threshold_41,threshold,2,4,2,3.15294626104565,0.8546313389543496,10,0.38000000000000006
threshold_41,threshold,2,5,2,3.108222496715738,0.8993551032842615,10,0.36000000000000004
threshold_41,threshold,2,6,2,3.126089160809404,0.8814884391905972,9,0.32
threshold_41,threshold,2,7,2,3.0970973960287984,0.9104802039712021,10,0.38000000000000006
threshold_41,threshold,2,8,2,3.085149450689441,0.922428149310559,10,0.38000000000000006
threshold_41,threshold,2,9,2,3.219810417185812,0.7877671828141874,9,0.32
threshold_41,threshold,2,0,3,3.2445605528139865,0.7630170471860147,9,0.32
threshold_41,threshold,2,1,3,3.110706944978322,0.8968706550216787,10,0.38000000000000006
threshold_41,threshold,2,2,3,3.152788761943882,0.8547888380561183,9,0.34
threshold_41,threshold,2,3,3,3.15507500534611,0.8525025946538909,10,0.36000000000000004
threshold_41,threshold,2,4,3,3.1401881587385647,0.8673894412614359,10,0.36000000000000004
threshold_41,threshold,2,5,3,3.190431750123561,0.8171458498764399,10,0.36000000000000004
threshold_41,threshold,2,6,3,3.143106057896231,0.8644715421037694,9,0.36000000000000004
threshold_41,threshold,2,7,3,3.1321434828312107,0.875434117168789,10,0.38000000000000006
threshold_41,threshold,2,8,3,3.041315210255488,0.9662623897445116,10,0.38000000000000006
threshold_41,threshold,2,9,3,3.233972707878664,0.7736048921213354,8,0.3
threshold_41,threshold,2,0,4,3.2199810303470584,0.7875965696529424,9,0.32
threshold_41,threshold,2,1,4,3.0483845807418306,0.9591930192581697,10,0.4000000000000001
threshold_41,threshold,2,2,4,3.1843767225457427,0.8232008774542565,9,0.34
threshold_41,threshold,2,3,4,3.18798603459319,0.8195915654068092,9,0.36000000000000004
threshold_41,threshold,2,4,4,3.173255856155947,0.8343217438440531,10,0.36000000000000004
threshold_41,threshold,2,5,4,3.1916727336635518,0.8159048663364489,9,0.36000000000000004
threshold_41,threshold,2,6,4,3.1889149880117227,0.8186626119882782,9,0.34
threshold_41,threshold,2,7,4,3.1398250401510563,0.8677525598489438,10,0.38000000000000006
threshold_41,threshold,2,8,4,3.0359530470107248,0.9716245529892765,10,0.4000000000000001
threshold_41,threshold,2,9,4,3.2452724965555797,0.7623051034444202,9,0.32
threshold_41,threshold,2,0,5,3.238630850965208,0.7689467490347931,8,0.3
threshold_41,threshold,2,1,5,3.0212025621694085,0.9863750378305904,10,0.4000000000000001
threshold_41,threshold,2,2,5,3.183325366913686,0.8242522330863143,10,0.36000000000000004
threshold_41,threshold,2,3,5,3.150970490972318,0.856607109027682,10,0.38000000000000006
threshold_41,threshold,2,4,5,3.1670041626142442,0.8405734373857559,9,0.36000000000000004
threshold_41,threshold,2,5,5,3.1966612816559024,0.8109163183440974,9,0.34
threshold_41,threshold,2,6,5,3.165599654567301,0.8419779454326992,9,0.36000000000000004
threshold_41,threshold,2,7,5,3.1544494353575385,0.8531281646424625,9,0.34
threshold_41,threshold,2,8,5,3.0800166132882927,0.927560986711708,10,0.38000000000000006
threshold_41,threshold,2,9,5,3.2457319446881843,0.7618456553118154,8,0.27999999999999997
threshold_41,threshold,2,0,6,3.2427863964024692,0.7647912035975297,9,0.32
threshold_41,threshold,2,1,6,3.0659251968743844,0.9416524031256148,10,0.38000000000000006
threshold_41,threshold,2,2,6,3.138695981037108,0.8688816189628931,10,0.36000000000000004
threshold_41,threshold,2,3,6,3.1583179918646374,0.8492596081353623,9,0.34
threshold_41,threshold,2,4,6,3.1275930817376265,0.8799845182623728,10,0.36000000000000004
threshold_41,threshold,2,5,6,3.144008265024015,0.8635693349759843,10,0.38000000000000006
threshold_41,threshold,2,6,6,3.1547951988132104,0.8527824011867905,9,0.34
threshold_41,threshold,2,7,6,3.1268281397121958,0.8807494602878039,10,0.36000000000000004
threshold_41,threshold,2,8,6,3.091862500393696,0.9157150996063043,10,0.38000000000000006
threshold_41,threshold,2,9,6,3.226663584267695,0.7809140157323056,9,0.34
threshold_41,threshold,2,0,7,3.2436647517332955,0.7639128482667047,9,0.32
threshold_41,threshold,2,1,7,3.093215705965389,0.9143618940346115,9,0.36000000000000004
threshold_41,threshold,2,2,7,3.098241630189885,0.9093359698101174,10,0.38000000000000006
threshold_41,threshold,2,3,7,3.1240381549101044,0.8835394450898951,9,0.34
threshold_41,threshold,2,4,7,3.1466667877898518,0.8609108122101493,9,0.36000000000000004
threshold_41,threshold,2,5,7,3.1770973463649637,0.8304802536350371,10,0.36000000000000004
threshold_41,threshold,2,6,7,3.194858332468797,0.8127192675312033,10,0.36000000000000004
threshold_41,threshold,2,7,7,3.0705320439420483,0.9370455560579518,9,0.36000000000000004
threshold_41,threshold,2,8,7,3.0687319199776373,0.9388456800223611,10,0.38000000000000006
threshold_41,threshold,2,9,7,3.230537450427332,0.7770401495726688,9,0.32
threshold_41,threshold,2,0,8,3.2205218941569047,0.787055705843095,9,0.34
threshold_41,threshold,2,1,8,2.970837727578732,1.0367398724212669,10,0.4000000000000001
threshold_41,threshold,2,2,8,3.0628013731703927,0.9447762268296075,10,0.38000000000000006
threshold_41,threshold,2,3,8,3.0985962004742995,0.9089813995257015,10,0.38000000000000006
threshold_41,threshold,2,4,8,3.057944616427975,0.9496329835720252,10,0.38000000000000006
threshold_41,threshold,2,5,8,3.0871718097472542,0.9204057902527463,10,0.4000000000000001
threshold_41,threshold,2,6,8,3.089825979193779,0.9177516208062211,10,0.38000000000000006
threshold_41,threshold,2,7,8,3.070029145732925,0.9375484542670759,10,0.38000000000000006
threshold_41,threshold,2,8,8,2.9398973524661347,1.067680247533866,10,0.4000000000000001
threshold_41,threshold,2,9,8,3.1865989515351103,0.82097864846489,9,0.36000000000000004
threshold_41,threshold,2,0,9,3.2907496689657085,0.7168279310342912,7,0.23999999999999996
threshold_41,threshold,2,1,9,3.200178558207303,0.8073990417926973,9,0.34
threshold_41,threshold,2,2,9,3.2774085578559613,0.7301690421440387,9,0.32
threshold_41,threshold,2,3,9,3.220891955654855,0.7866856443451451,8,0.3
threshold_41,threshold,2,4,9,3.2533316171833433,0.7542459828166564,9,0.32
threshold_41,threshold,2,5,9,3.2562975329536044,0.7512800670463954,9,0.32
threshold_41,threshold,2,6,9,3.262352465383092,0.7452251346169085,9,0.34
threshold_41,threshold,2,7,9,3.239868906347508,0.7677086936524923,8,0.32
threshold_41,threshold,2,8,9,3.161734289764234,0.845843310235766,9,0.34
threshold_41,threshold,2,9,9,3.3018218430239905,0.7057557569760092,6,0.19999999999999998
threshold_38,threshold,3,0,0,3.2193198442441178,0.7882577557558813,9,0.4200000000000001
threshold_38,threshold,3,1,0,2.882650204766583,1.1249273952334162,10,0.5600000000000002
threshold_38,threshold,3,2,0,2.9650885808371137,1.0424890191628857,9,0.5000000000000001
threshold_38,threshold,3,3,0,2.964113660790132,1.0434639392098686,10,0.5200000000000001
threshold_38,threshold,3,4,0,2.9759518450077462,1.031625754992253,9,0.5200000000000001
threshold_38,threshold,3,5,0,3.057017990298413,0.9505596097015865,9,0.46000000000000013
threshold_38,threshold,3,6,0,3.024953083614633,0.9826245163853676,10,0.5200000000000001
threshold_38,threshold,3,7,0,2.9943849820914212,1.0131926179085793,10,0.5000000000000001
threshold_38,threshold,3,8,0,2.854832472698327,1.1527451273016724,10,0.5600000000000002
threshold_38,threshold,3,9,0,3.1943638996444066,0.8132137003555941,8,0.38000000000000006
threshold_38,threshold,3,0,1,2.9200841220358904,1.0874934779641092,10,0.5400000000000001
threshold_38,threshold,3,1,1,2.4936917866134487,1.513885813386552,10,0.6000000000000002
threshold_38,threshold,3,2,1,2.6013841812875818,1.4061934187124183,10,0.5800000000000002
threshold_38,threshold,3,3,1,2.6816989460792757,1.3258786539207248,10,0.5600000000000002
threshold_38,threshold,3,4,1,2.635561332041093,1.3720162679589063,10,0.5800000000000002
threshold_38,threshold,3,5,1,2.691683393452061,1.31589420654794,10,0.6000000000000002
threshold_38,threshold,3,6,1,2.7131167728949346,1.2944608271050648,10,0.5600000000000002
threshold_38,threshold,3,7,1,2.5793627547449094,1.4282148452550913,10,0.6000000000000002
threshold_38,threshold,3,8,1,2.4781441083337685,1.5294334916662313,10,0.6000000000000002
threshold_38,threshold,3,9,1,2.819382803421581,1.1881947965784192,10,0.5800000000000002
threshold_38,threshold,3,0,2,2.996420338740733,1.0111572612592672,9,0.48000000000000015
threshold_38,threshold,3,1,2,2.6385769098029517,1.3690006901970486,10,0.5800000000000002
threshold_38,threshold,3,2,2,2.738826787619245,1.268750812380755,10,0.5400000000000001
threshold_38,threshold,3,3,2,2.774840176537118,1.2327374234628814,10,0.5800000000000002
threshold_38,threshold,3,4,2,2.7473700833288803,1.260207516671121,10,0.5600000000000002
threshold_38,threshold,3,5,2,2.73822110145871,1.269356498541291,10,0.5600000000000002
threshold_38,threshold,3,6,2,2.7086595667535454,1.2989180332464543,10,0.5600000000000002
threshold_38,threshold,3,7,2,2.7218228519726306,1.2857547480273706,10,0.5600000000000002
threshold_38,threshold,3,8,2,2.639914756713699,1.367662843286302,10,0.5800000000000002
threshold_38,threshold,3,9,2,2.9604857207307886,1.047091879269213,9,0.5200000000000001
threshold_38,threshold,3,0,3,3.013287480398982,0.9942901196010192,10,0.5000000000000001
threshold_38,threshold,3,1,3,2.7548467078980488,1.2527308921019518,10,0.5800000000000002
threshold_38,threshold,3,2,3,2.7802437951251298,1.2273338048748714,10,0.5600000000000002
threshold_38,threshold,3,3,3,2.78631580989023,1.2212617901097702,9,0.5200000000000001
threshold_38,threshold,3,4,3,2.835178551860677,1.1723990481393238,10,0.5400000000000001
threshold_38,threshold,3,5,3,2.8434214428981637,1.1641561571018364,10,0.5600000000000002
threshold_38,threshold,3,6,3,2.794113141138601,1.2134644588613976,10,0.5200000000000001
threshold_38,threshold,3,7,3,2.6619356823309666,1.3456419176690328,10,0.5800000000000002
threshold_38,threshold,3,8,3,2.672989755100986,1.334587844899013,10,0.5800000000000002
threshold_38,threshold,3,9,3,3.046120517233674,0.9614570827663257,9,0.48000000000000015
threshold_38,threshold,3,0,4,3.1030375631191953,0.9045400368808058,9,0.48000000000000015
threshold_38,threshold,3,1,4,2.7445148817276563,1.263062718272343,10,0.5600000000000002
threshold_38,threshold,3,2,4,2.7748035561490862,1.2327740438509143,10,0.5600000000000002
threshold_38,threshold,3,3,4,2.7825350795509065,1.225042520449094,10,0.5800000000000002
threshold_38,threshold,3,4,4,2.812518444107807,1.1950591558921937,10,0.5400000000000001
threshold_38,threshold,3,5,4,2.8620315000868097,1.1455460999131908,9,0.5200000000000001
threshold_38,threshold,3,6,4,2.816124920110705,1.1914526798892957,9,0.5200000000000001
threshold_38,threshold,3,7,4,2.816618473551214,1.1909591264487869,9,0.5200000000000001
threshold_38,threshold,3,8,4,2.7318243632445784,1.2757532367554223,10,0.5800000000000002
threshold_38,threshold,3,9,4,3.0968747299306436,0.9107028700693564,9,0.48000000000000015
threshold_38,threshold,3,0,5,3.075362268152822,0.9322153318471783,9,0.48000000000000015
threshold_38,threshold,3,1,5,2.6692923333071508,1.3382852666928495,10,0.6000000000000002
threshold_38,threshold,3,2,5,2.806574845633274,1.2010027543667265,10,0.5800000000000002
threshold_38,threshold,3,3,5,2.8187002516529835,1.1888773483470174,10,0.5400000000000001
threshold_38,threshold,3,4,5,2.84505445081601,1.1625231491839887,9,0.5200000000000001
threshold_38,threshold,3,5,5,2.862889345147271,1.1446882548527284,9,0.5200000000000001
threshold_38,threshold,3,6,5,2.839346113864001,1.168231486136,10,0.5400000000000001
threshold_38,threshold,3,7,5,2.742171675691858,1.2654059243081415,9,0.5600000000000002
threshold_38,threshold,3,8,5,2.732546352785072,1.2750312472149288,9,0.5600000000000002
threshold_38,threshold,3,9,5,3.091005515480255,0.916572084519746,9,0.48000000000000015
threshold_38,threshold,3,0,6,2.9715760555094635,1.0360015444905364,9,0.5000000000000001
threshold_38,threshold,3,1,6,2.6370160329684675,1.3705615670315325,10,0.5800000000000002
threshold_38,threshold,3,2,6,2.7591427294538295,1.24843487054617,10,0.5600000000000002
threshold_38,threshold,3,3,6,2.75583002147946,1.2517475785205407,10,0.5400000000000001
threshold_38,threshold,3,4,6,2.8401771606572974,1.167400439342702,10,0.5400000000000001
threshold_38,threshold,3,5,6,2.819107768686024,1.1884698313139763,10,0.5600000000000002
threshold_38,threshold,3,6,6,2.8202868113263997,1.1872907886736013,10,0.5400000000000001
threshold_38,threshold,3,7,6,2.76825154018483,1.2393260598151714,10,0.5600000000000002
threshold_38,threshold,3,8,6,2.6901452769977148,1.3174323230022862,10,0.5800000000000002
threshold_38,threshold,3,9,6,3.0492294218812517,0.9583481781187492,9,0.5000000000000001
threshold_38,threshold,3,0,7,2.955909146344664,1.051668453655336,10,0.5000000000000001
threshold_38,threshold,3,1,7,2.5457278558020726,1.4618497441979268,10,0.6000000000000002
threshold_38,threshold,3,2,7,2.697226479719146,1.310351120280854,10,0.5600000000000002
threshold_38,threshold,3,3,7,2.7171503410691997,1.2904272589308,10,0.5600000000000002
threshold_38,threshold,3,4,7,2.7258383021717485,1.2817392978282505,9,0.5400000000000001
threshold_38,threshold,3,5,7,2.726891229460761,1.2806863705392397,10,0.5800000000000002
threshold_38,threshold,3,6,7,2.742871163803643,1.2647064361963565,10,0.5800000000000002
threshold_38,threshold,3,7,7,2.7547598878387753,1.252817712161224,10,0.5800000000000002
threshold_38,threshold,3,8,7,2.6100386656118704,1.3975389343881306,10,0.6000000000000002
threshold_38,threshold,3,9,7,2.9308607052847186,1.0767168947152812,9,0.5000000000000001
threshold_38,threshold,3,0,8,2.8740773190318407,1.1335002809681607,10,0.5400000000000001
threshold_38,threshold,3,1,8,2.487495712282217,1.5200818877177842,10,0.6000000000000002
threshold_38,threshold,3,2,8,2.647141737898226,1.3604358621017745,10,0.5800000000000002
threshold_38,threshold,3,3,8,2.6490317085123567,1.3585458914876443,10,0.5800000000000002
threshold_38,threshold,3,4,8,2.6351343296182366,1.3724432703817626,10,0.5800000000000002
threshold_38,threshold,3,5,8,2.62604477863427,1.3815328213657296,10,0.6000000000000002
threshold_38,threshold,3,6,8,2.6485969887564256,1.3589806112435745,10,0.5800000000000002
threshold_38,threshold,3,7,8,2.59213740724685,1.415440192753151,10,0.6000000000000002
threshold_38,threshold,3,8,8,2.496738027880854,1.5108395721191457,10,0.6000000000000002
threshold_38,threshold,3,9,8,2.8464361588504756,1.1611414411495253,10,0.5800000000000002
threshold_38,threshold,3,0,9,3.2057782388303235,0.8017993611696753,8,0.4000000000000001
threshold_38,threshold,3,1,9,2.85829195673872,1.1492856432612797,10,0.5600000000000002
threshold_38,threshold,3,2,9,3.005947320192272,1.001630279807728,9,0.5000000000000001
threshold_38,threshold,3,3,9,3.0264861699443437,0.9810914300556567,9,0.48000000000000015
threshold_38,threshold,3,4,9,2.9821418131764137,1.025435786823587,9,0.48000000000000015
threshold_38,threshold,3,5,9,2.9786248059382947,1.0289527940617056,9,0.48000000000000015
threshold_38,threshold,3,6,9,2.9831464367991987,1.0244311632008016,9,0.5200000000000001
threshold_38,threshold,3,7,9,3.0430260455365463,0.9645515544634543,9,0.5000000000000001
threshold_38,threshold,3,8,9,2.8933969585094186,1.114180641490583,10,0.5600000000000002
threshold_38,threshold,3,9,9,3.1826165438888587,0.8249610561111409,9,0.4200000000000001
threshold_39,threshold,3,0,0,3.1992974207163565,0.8082801792836435,9,0.4200000000000001
threshold_39,threshold,3,1,0,2.8825123435104563,1.1250652564895434,10,0.5600000000000002
threshold_39,threshold,3,2,0,2.9594686140344657,1.048108985965534,10,0.5200000000000001
threshold_39,threshold,3,3,0,2.958174378732016,1.049403221267984,10,0.5400000000000001
threshold_39,threshold,3,4,0,2.9673747237918637,1.040202876208137,10,0.5000000000000001
threshold_39,threshold,3,5,0,2.93477381609904,1.0728037839009619,9,0.5000000000000001
threshold_39,threshold,3,6,0,2.963621017017431,1.043956582982569,9,0.5200000000000001
threshold_39,threshold,3,7,0,2.9993187869711524,1.0082588130288495,9,0.46000000000000013
threshold_39,threshold,3,8,0,2.8928798754503338,1.1146977245496654,10,0.5400000000000001
threshold_39,threshold,3,9,0,3.206586781521337,0.8009908184786636,9,0.4400000000000001
threshold_39,threshold,3,0,1,2.890451693215737,1.117125906784264,10,0.5600000000000002
threshold_39,threshold,3,1,1,2.545425136805654,1.462152463194347,10,0.6000000000000002
threshold_39,threshold,3,2,1,2.6231237944442856,1.3844538055557132,10,0.6000000000000002
threshold_39,threshold,3,3,1,2.600753336519645,1.4068242634803556,10,0.6000000000000002
threshold_39,threshold,3,4,1,2.672419956619152,1.3351576433808479,10,0.5800000000000002
threshold_39,threshold,3,5,1,2.6257595235505584,1.3818180764494412,10,0.5800000000000002
threshold_39,threshold,3,6,1,2.6015177404384535,1.4060598595615446,9,0.5800000000000002
threshold_39,threshold,3,7,1,2.5811504752794843,1.426427124720515,10,0.6000000000000002
threshold_39,threshold,3,8,1,2.454958273284127,1.5526193267158725,10,0.6000000000000002
threshold_39,threshold,3,9,1,2.928202525004693,1.079375074995307,10,0.5600000000000002
threshold_39,threshold,3,0,2,2.9684067054889236,1.0391708945110754,10,0.5200000000000001
threshold_39,threshold,3,1,2,2.6315294749024116,1.3760481250975891,10,0.5800000000000002
threshold_39,threshold,3,2,2,2.7297392461712446,1.2778383538287559,10,0.5600000000000002
threshold_39,threshold,3,3,2,2.777986390958172,1.229591209041828,10,0.5600000000000002
threshold_39,threshold,3,4,2,2.7387359579636916,1.268841642036308,9,0.5400000000000001
threshold_39,threshold,3,5,2,2.8100507132667802,1.1975268867332205,9,0.5400000000000001
threshold_39,threshold,3,6,2,2.7119992414979586,1.295578358502043,10,0.5800000000000002
threshold_39,threshold,3,7,2,2.623594969431238,1.3839826305687617,10,0.5800000000000002
threshold_39,threshold,3,8,2,2.6178199728297646,1.3897576271702352,10,0.5800000000000002
threshold_39,threshold,3,9,2,2.97715058146831,1.0304270185316915,10,0.5000000000000001
threshold_39,threshold,3,0,3,2.9895753450883253,1.0180022549116758,10,0.5200000000000001
threshold_39,threshold,3,1,3,2.662536106421031,1.3450414935789698,10,0.5800000000000002
threshold_39,threshold,3,2,3,2.797746705288193,1.2098308947118073,10,0.5400000000000001
threshold_39,threshold,3,3,3,2.762034368825286,1.2455432311747137,10,0.5600000000000002
threshold_39,threshold,3,4,3,2.7539253655572242,1.2536522344427754,10,0.5600000000000002
threshold_39,threshold,3,5,3,2.781590056859824,1.225987543140176,10,0.5600000000000002
threshold_39,threshold,3,6,3,2.758353874260286,1.249223725739714,10,0.5400000000000001
threshold_39,threshold,3,7,3,2.698545662837102,1.309031937162898,10,0.5800000000000002
threshold_39,threshold,3,8,3,2.632091567941983,1.3754860320580158,10,0.5800000000000002
threshold_39,threshold,3,9,3,3.0075046559219145,1.0000729440780858,9,0.5000000000000001
threshold_39,threshold,3,0,4,3.0988268154036973,0.9087507845963013,9,0.48000000000000015
threshold_39,threshold,3,1,4,2.5738814050038306,1.4336961949961695,10,0.6000000000000002
threshold_39,threshold,3,2,4,2.763223216830064,1.2443543831699364,9,0.5600000000000002
threshold_39,threshold,3,3,4,2.84118959262388,1.1663880073761193,10,0.5600000000000002
threshold_39,threshold,3,4,4,2.8174308518824467,1.1901467481175534,10,0.5400000000000001
threshold_39,threshold,3,5,4,2.8068461877187914,1.2007314122812074,9,0.5200000000000001
threshold_39,threshold,3,6,4,2.8794952296926333,1.1280823703073675,10,0.5400000000000001
threshold_39,threshold,3,7,4,2.792938385253581,1.2146392147464184,9,0.5200000000000001
threshold_39,threshold,3,8,4,2.5987280123310486,1.4088495876689524,9,0.5800000000000002
threshold_39,threshold,3,9,4,2.967443326577014,1.0401342734229868,9,0.5000000000000001
threshold_39,threshold,3,0,5,3.0378972154249597,0.9696803845750402,10,0.5000000000000001
threshold_39,threshold,3,1,5,2.673609654698861,1.33396794530114,10,0.6000000000000002
threshold_39,threshold,3,2,5,2.7052193855971134,1.3023582144028867,10,0.5800000000000002
threshold_39,threshold,3,3,5,2.8176303870023323,1.1899472129976678,9,0.5400000000000001
threshold_39,threshold,3,4,5,2.9065293011223923,1.1010482988776078,10,0.5400000000000001
threshold_39,threshold,3,5,5,2.913268497231422,1.09430910276858,9,0.5600000000000002
threshold_39,threshold,3,6,5,2.8935630971267345,1.1140145028732649,9,0.5000000000000001
threshold_39,threshold,3,7,5,2.737275804405549,1.2703017955944509,10,0.5600000000000002
threshold_39,threshold,3,8,5,2.720194691608158,1.2873829083918424,10,0.5600000000000002
threshold_39,threshold,3,9,5,3.0282383083978432,0.9793392916021568,9,0.48000000000000015
threshold_39,threshold,3,0,6,3.004715867002272,1.0028617329977298,10,0.5000000000000001
threshold_39,threshold,3,1,6,2.615453552090961,1.3921240479090395,10,0.6000000000000002
threshold_39,threshold,3,2,6,2.808161337433473,1.1994162625665268,9,0.5400000000000001
threshold_39,threshold,3,3,6,2.831329487022282,1.1762481129777185,9,0.5200000000000001
threshold_39,threshold,3,4,6,2.8243045098671,1.1832730901328998,9,0.5000000000000001
threshold_39,threshold,3,5,6,2.7621368937727504,1.2454407062272486,10,0.5600000000000002
threshold_39,threshold,3,6,6,2.823701332809103,1.1838762671908973,10,0.5400000000000001
threshold_39,threshold,3,7,6,2.8046149157807787,1.2029626842192216,10,0.5600000000000002
threshold_39,threshold,3,8,6,2.5995504035685038,1.4080271964314965,10,0.6000000000000002
threshold_39,threshold,3,9,6,3.064150887460336,0.9434267125396645,9,0.5000000000000001
threshold_39,threshold,3,0,7,2.9476746852490323,1.0599029147509689,9,0.5000000000000001
threshold_39,threshold,3,1,7,2.6199505156399807,1.3876270843600196,10,0.6000000000000002
threshold_39,threshold,3,2,7,2.686779380104934,1.3207982198950652,9,0.5400000000000001
threshold_39,threshold,3,3,7,2.723601304300258,1.2839762956997427,10,0.5800000000000002
threshold_39,threshold,3,4,7,2.7089000999656885,1.2986775000343118,10,0.5800000000000002
threshold_39,threshold,3,5,7,2.7327994340317283,1.2747781659682718,9,0.5400000000000001
threshold_39,threshold,3,6,7,2.763502569949288,1.2440750300507124,10,0.5600000000000002
threshold_39,threshold,3,7,7,2.768302983096897,1.2392746169031035,10,0.5400000000000001
threshold_39,threshold,3,8,7,2.585487894802987,1.4220897051970118,10,0.6000000000000002
threshold_39,threshold,3,9,7,2.96105910353929,1.0465184964607084,10,0.5200000000000001
threshold_39,threshold,3,0,8,2.904230582832763,1.1033470171672368,10,0.5400000000000001
threshold_39,threshold,3,1,8,2.458200430395119,1.549377169604882,10,0.6000000000000002
threshold_39,threshold,3,2,8,2.5919744242672493,1.4156031757327516,10,0.5800000000000002
threshold_39,threshold,3,3,8,2.662543796493683,1.3450338035063165,10,0.5800000000000002
threshold_39,threshold,3,4,8,2.603201979893835,1.4043756201061655,10,0.5800000000000002
threshold_39,threshold,3,5,8,2.5971276050855825,1.4104499949144174,10,0.6000000000000002
threshold_39,threshold,3,6,8,2.70021107031406,1.307366529685941,9,0.5400000000000001
threshold_39,threshold,3,7,8,2.6119062782104403,1.39567132178956,10,0.5800000000000002
threshold_39,threshold,3,8,8,2.5259548521645843,1.4816227478354165,10,0.6000000000000002
threshold_39,threshold,3,9,8,2.8364841398011085,1.1710934601988918,9,0.5400000000000001
threshold_39,threshold,3,0,9,3.253092505372744,0.7544850946272564,8,0.4200000000000001
threshold_39,threshold,3,1,9,2.84304941027437,1.1645281897256294,10,0.5600000000000002
threshold_39,threshold,3,2,9,3.015419432811951,0.9921581671880487,9,0.46000000000000013
threshold_39,threshold,3,3,9,3.0270970082468103,0.9804805917531891,9,0.48000000000000015
threshold_39,threshold,3,4,9,3.028108490376791,0.9794691096232083,9,0.48000000000000015
threshold_39,threshold,3,5,9,2.9507887119417227,1.0567888880582763,9,0.5000000000000001
threshold_39,threshold,3,6,9,3.0557426578234455,0.9518349421765556,9,0.48000000000000015
threshold_39,threshold,3,7,9,2.9778547019464345,1.0297228980535669,9,0.5000000000000001
threshold_39,threshold,3,8,9,2.8208730943475957,1.1867045056524057,10,0.5600000000000002
threshold_39,threshold,3,9,9,3.19403520233662,0.8135423976633795,9,0.4400000000000001
threshold_40,threshold,3,0,0,3.2391823369106194,0.7683952630893788,8,0.4000000000000001
threshold_40,threshold,3,1,0,2.96824517061519,1.0393324293848105,10,0.5400000000000001
threshold_40,threshold,3,2,0,3.027935888552676,0.9796417114473225,9,0.5000000000000001
threshold_40,threshold,3,3,0,3.094667090988165,0.9129105090118366,8,0.46000000000000013
threshold_40,threshold,3,4,0,3.0436691827697815,0.9639084172302192,9,0.48000000000000015
threshold_40,threshold,3,5,0,3.0187513202395344,0.9888262797604653,9,0.46000000000000013
threshold_40,threshold,3,6,0,2.95746548838022,1.0501121116197802,9,0.5000000000000001
threshold_40,threshold,3,7,0,2.9465034944121555,1.061074105587845,9,0.5200000000000001
threshold_40,threshold,3,8,0,2.89494434068682,1.1126332593131816,10,0.5200000000000001
threshold_40,threshold,3,9,0,3.215749527726461,0.7918280722735402,9,0.4200000000000001
threshold_40,threshold,3,0,1,2.940825924972172,1.066751675027827,9,0.5400000000000001
threshold_40,threshold,3,1,1,2.58183762568537,1.4257399743146297,10,0.6000000000000002
threshold_40,threshold,3,2,1,2.599780911004524,1.4077966889954763,10,0.6000000000000002
threshold_40,threshold,3,3,1,2.6014853424551805,1.4060922575448203,10,0.6000000000000002
threshold_40,threshold,3,4,1,2.6004142018727867,1.4071633981272127,10,0.5800000000000002
threshold_40,threshold,3,5,1,2.5793813405305723,1.4281962594694269,10,0.6000000000000002
threshold_40,threshold,3,6,1,2.530652180946116,1.4769254190538832,10,0.6000000000000002
threshold_40,threshold,3,7,1,2.5551345447469576,1.452443055253041,10,0.6000000000000002
threshold_40,threshold,3,8,1,2.5214960850939474,1.4860815149060538,10,0.6000000000000002
threshold_40,threshold,3,9,1,2.912306590515625,1.0952710094843763,9,0.5600000000000002
threshold_40,threshold,3,0,2,2.9860760493312837,1.0215015506687168,9,0.5200000000000001
threshold_40,threshold,3,1,2,2.5941169078596364,1.4134606921403627,10,0.5800000000000002
threshold_40,threshold,3,2,2,2.7187814570086846,1.2887961429913153,10,0.5600000000000002
threshold_40,threshold,3,3,2,2.758916287054384,1.2486613129456172,10,0.5600000000000002
threshold_40,threshold,3,4,2,2.7946147836429804,1.2129628163570192,10,0.5400000000000001
threshold_40,threshold,3,5,2,2.6807044098427366,1.3268731901572637,10,0.5800000000000002
threshold_40,threshold,3,6,2,2.6936103329847216,1.3139672670152789,10,0.5600000000000002
threshold_40,threshold,3,7,2,2.7028463783962895,1.304731221603711,10,0.5600000000000002
threshold_40,threshold,3,8,2,2.6103352116108796,1.39724238838912,10,0.6000000000000002
threshold_40,threshold,3,9,2,2.930245276004046,1.0773323239959542,9,0.5000000000000001
threshold_40,threshold,3,0,3,2.9616181504122174,1.0459594495877826,10,0.5200000000000001
threshold_40,threshold,3,1,3,2.5906456334554524,1.4169319665445477,10,0.6000000000000002
threshold_40,threshold,3,2,3,2.7759623014356047,1.2316152985643951,10,0.5600000000000002
threshold_40,threshold,3,3,3,2.759820493976067,1.247757106023933,10,0.5400000000000001
threshold_40,threshold,3,4,3,2.7509863882151206,1.2565912117848803,10,0.5400000000000001
threshold_40,threshold,3,5,3,2.7906937109564875,1.2168838890435116,10,0.5600000000000002
threshold_40,threshold,3,6,3,2.820784793764099,1.186792806235902,10,0.5600000000000002
threshold_40,threshold,3,7,3,2.7030864260369403,1.3044911739630605,10,0.5800000000000002
threshold_40,threshold,3,8,3,2.6198769652892784,1.3877006347107226,10,0.5800000000000002
threshold_40,threshold,3,9,3,2.9563340374787277,1.051243562521273,9,0.5000000000000001
threshold_40,threshold,3,0,4,3.0717843848983244,0.9357932151016753,9,0.48000000000000015
threshold_40,threshold,3,1,4,2.6586423551373146,1.348935244862685,10,0.5800000000000002
threshold_40,threshold,3,2,4,2.7413824504734086,1.2661951495265924,10,0.5800000000000002
threshold_40,threshold,3,3,4,2.7403030999366007,1.2672745000633994,10,0.5800000000000002
threshold_40,threshold,3,4,4,2.8415663672975326,1.1660112327024683,10,0.5400000000000001
threshold_40,threshold,3,5,4,2.823961931805406,1.1836156681945948,10,0.5600000000000002
threshold_40,threshold,3,6,4,2.757635837137913,1.2499417628620877,10,0.5800000000000002
threshold_40,threshold,3,7,4,2.7454049791892903,1.2621726208107107,10,0.5800000000000002
threshold_40,threshold,3,8,4,2.6394546954515574,1.3681229045484424,10,0.6000000000000002
threshold_40,threshold,3,9,4,2.99946724074071,1.0081103592592897,10,0.5000000000000001
threshold_40,threshold,3,0,5,3.1488173092688685,0.8587602907311316,9,0.46000000000000013
threshold_40,threshold,3,1,5,2.6506506637701572,1.3569269362298422,10,0.5800000000000002
threshold_40,threshold,3,2,5,2.7864575550031567,1.2211200449968436,9,0.5400000000000001
threshold_40,threshold,3,3,5,2.7663987934778165,1.2411788065221836,9,0.5200000000000001
threshold_40,threshold,3,4,5,2.8406393807777777,1.166938219222222,9,0.5400000000000001
threshold_40,threshold,3,5,5,2.848663837498397,1.158913762501602,10,0.5400000000000001
threshold_40,threshold,3,6,5,2.8531200212018746,1.1544575787981268,10,0.5200000000000001
threshold_40,threshold,3,7,5,2.757529750241153,1.250047849758848,10,0.5600000000000002
threshold_40,threshold,3,8,5,2.6955126012749355,1.3120649987250652,10,0.5600000000000002
threshold_40,threshold,3,9,5,3.044714159033045,0.9628634409669541,9,0.48000000000000015
threshold_40,threshold,3,0,6,3.064018875507255,0.9435587244927456,9,0.48000000000000015
threshold_40,threshold,3,1,6,2.676953224656765,1.3306243753432356,10,0.6000000000000002
threshold_40,threshold,3,2,6,2.7251644329151117,1.2824131670848877,10,0.5400000000000001
threshold_40,threshold,3,3,6,2.722119799251617,1.2854578007483823,10,0.5400000000000001
threshold_40,threshold,3,4,6,2.8279500377955213,1.179627562204479,9,0.5200000000000001
threshold_40,threshold,3,5,6,2.8192575159261315,1.1883200840738688,10,0.5600000000000002
threshold_40,threshold,3,6,6,2.800459347683435,1.2071182523165656,10,0.5400000000000001
threshold_40,threshold,3,7,6,2.760289704228132,1.2472878957718685,9,0.5400000000000001
threshold_40,threshold,3,8,6,2.6152313455281178,1.3923462544718819,10,0.6000000000000002
threshold_40,threshold,3,9,6,3.0214594560593655,0.986118143940633,9,0.48000000000000015
threshold_40,threshold,3,0,7,2.971069495239204,1.0365081047607947,9,0.5000000000000001
threshold_40,threshold,3,1,7,2.599078935611825,1.4084986643881734,10,0.5800000000000002
threshold_40,threshold,3,2,7,2.7110101835083813,1.2965674164916177,10,0.5800000000000002
threshold_40,threshold,3,3,7,2.7821866213019426,1.225390978698057,9,0.5400000000000001
threshold_40,threshold,3,4,7,2.67105361700634,1.3365239829936604,10,0.5800000000000002
threshold_40,threshold,3,5,7,2.7194563748765206,1.2881212251234786,9,0.5600000000000002
threshold_40,threshold,3,6,7,2.750528235875746,1.2570493641242526,10,0.5800000000000002
threshold_40,threshold,3,7,7,2.7324521610917087,1.2751254389082904,10,0.5600000000000002
threshold_40,threshold,3,8,7,2.613210534696274,1.3943670653037257,10,0.6000000000000002
threshold_40,threshold,3,9,7,2.982693829911424,1.0248837700885765,9,0.5000000000000001
threshold_40,threshold,3,0,8,2.8761890192173634,1.131388580782636,10,0.5600000000000002
threshold_40,threshold,3,1,8,2.462559621247136,1.5450179787528635,10,0.6000000000000002
threshold_40,threshold,3,2,8,2.5909881403322323,1.4165894596677675,10,0.6000000000000002
threshold_40,threshold,3,3,8,2.6939920539691253,1.3135855460308745,10,0.5800000000000002
threshold_40,threshold,3,4,8,2.6158008473410104,1.3917767526589904,9,0.5800000000000002
threshold_40,threshold,3,5,8,2.630164774273234,1.3774128257267648,10,0.5800000000000002
threshold_40,threshold,3,6,8,2.6026976335665513,1.4048799664334493,10,0.5800000000000002
threshold_40,threshold,3,7,8,2.5622125906015083,1.445365009398493,10,0.6000000000000002
threshold_40,threshold,3,8,8,2.4281563251642524,1.5794212748357463,10,0.6000000000000002
threshold_40,threshold,3,9,8,2.939116142342603,1.0684614576573979,10,0.5400000000000001
threshold_40,threshold,3,0,9,3.184956203590511,0.82262139640949,8,0.4000000000000001
threshold_40,threshold,3,1,9,2.8004003922618397,1.2071772077381606,10,0.5800000000000002
threshold_40,threshold,3,2,9,2.9295247628492365,1.078052837150763,9,0.5000000000000001
threshold_40,threshold,3,3,9,2.9652534930289365,1.0423241069710631,10,0.5000000000000001
threshold_40,threshold,3,4,9,3.0373252476225456,0.9702523523774538,9,0.48000000000000015
threshold_40,threshold,3,5,9,3.0165535243347894,0.9910240756652104,9,0.48000000000000015
threshold_40,threshold,3,6,9,3.0067731509489266,1.000804449051074,9,0.5000000000000001
threshold_40,threshold,3,7,9,2.9618197995488993,1.0457578004511003,9,0.5000000000000001
threshold_40,threshold,3,8,9,2.845856580051599,1.1617210199484007,10,0.5800000000000002
threshold_40,threshold,3,9,9,3.1873204165423386,0.8202571834576631,9,0.4200000000000001
threshold_41,threshold,3,0,0,3.210077460855485,0.797500139144516,9,0.4200000000000001
threshold_41,threshold,3,1,0,2.8548891902800837,1.152688409719917,10,0.5400000000000001
threshold_41,threshold,3,2,0,2.9621433723947,1.045434227605301,10,0.5200000000000001
threshold_41,threshold,3,3,0,2.9927012024915225,1.0148763975084762,9,0.48000000000000015
threshold_41,threshold,3,4,0,3.0041059047758614,1.003471695224138,9,0.48000000000000015
threshold_41,threshold,3,5,0,3.0236510899749973,0.9839265100250032,9,0.48000000000000015
threshold_41,threshold,3,6,0,3.042395119767836,0.9651824802321636,9,0.5000000000000001
threshold_41,threshold,3,7,0,3.058356409994803,0.9492211900051979,9,0.48000000000000015
threshold_41,threshold,3,8,0,2.9246020455972572,1.082975554402743,9,0.5400000000000001
threshold_41,threshold,3,9,0,3.2008974281021323,0.806680171897868,9,0.4200000000000001
threshold_41,threshold,3,0,1,2.9414715850830535,1.0661060149169472,9,0.5200000000000001
threshold_41,threshold,3,1,1,2.487039355366719,1.520538244633281,10,0.6000000000000002
threshold_41,threshold,3,2,1,2.6407990344714443,1.3667785655285551,10,0.5800000000000002
threshold_41,threshold,3,3,1,2.623240700273038,1.3843368997269625,10,0.6000000000000002
threshold_41,threshold,3,4,1,2.640959291296036,1.366618308703965,9,0.5800000000000002
threshold_41,threshold,3,5,1,2.6045413395637866,1.4030362604362148,10,0.5800000000000002
threshold_41,threshold,3,6,1,2.6729865275509717,1.3345910724490295,10,0.5800000000000002
threshold_41,threshold,3,7,1,2.6301540190224886,1.3774235809775113,10,0.5800000000000002
threshold_41,threshold,3,8,1,2.4575871597783077,1.549990440221693,10,0.6000000000000002
threshold_41,threshold,3,9,1,2.8368985823346935,1.170679017665307,10,0.5400000000000001
threshold_41,threshold,3,0,2,3.032969052843201,0.974608547156798,9,0.5000000000000001
threshold_41,threshold,3,1,2,2.5957363717207,1.4118412282792998,10,0.5800000000000002
threshold_41,threshold,3,2,2,2.7560655449505402,1.2515120550494603,10,0.5600000000000002
threshold_41,threshold,3,3,2,2.739267122839623,1.2683104771603781,9,0.5400000000000001
threshold_41,threshold,3,4,2,2.7489470741397724,1.2586305258602273,10,0.5800000000000002
threshold_41,threshold,3,5,2,2.765937490238126,1.2416401097618741,9,0.5400000000000001
threshold_41,threshold,3,6,2,2.7652138974629548,1.2423637025370449,10,0.5200000000000001
threshold_41,threshold,3,7,2,2.631262774244052,1.3763148257559479,10,0.5800000000000002
threshold_41,threshold,3,8,2,2.548549924629206,1.4590276753707938,10,0.5800000000000002
threshold_41,threshold,3,9,2,2.929842519530798,1.0777350804692012,10,0.5200000000000001
threshold_41,threshold,3,0,3,2.9622568663457716,1.0453207336542307,10,0.5200000000000001
threshold_41,threshold,3,1,3,2.603623200602903,1.403954399397097,10,0.5800000000000002
threshold_41,threshold,3,2,3,2.8065737014804757,1.2010038985195253,10,0.5400000000000001
threshold_41,threshold,3,3,3,2.7942216047921464,1.2133559952078534,9,0.5400000000000001
threshold_41,threshold,3,4,3,2.7385378034214836,1.2690397965785176,10,0.5600000000000002
threshold_41,threshold,3,5,3,2.8324197538436566,1.1751578461563423,10,0.5600000000000002
threshold_41,threshold,3,6,3,2.7518429096108843,1.2557346903891164,10,0.5600000000000002
threshold_41,threshold,3,7,3,2.7179618276056736,1.2896157723943273,9,0.5600000000000002
threshold_41,threshold,3,8,3,2.572321673259586,1.4352559267404141,10,0.5800000000000002
threshold_41,threshold,3,9,3,3.0094106846375333,0.9981669153624679,9,0.48000000000000015
threshold_41,threshold,3,0,4,2.977825590102965,1.0297520098970347,10,0.5200000000000001
threshold_41,threshold,3,1,4,2.563894435874398,1.4436831641256018,10,0.6000000000000002
threshold_41,threshold,3,2,4,2.800187118539177,1.2073904814608232,10,0.5400000000000001
threshold_41,threshold,3,3,4,2.8309929611652325,1.176584638834768,9,0.5400000000000001
threshold_41,threshold,3,4,4,2.79632329626466,1.2112543037353394,9,0.5400000000000001
threshold_41,threshold,3,5,4,2.9029476523670548,1.1046299476329453,9,0.5400000000000001
threshold_41,threshold,3,6,4,2.834044100797446,1.1735334992025552,9,0.5200000000000001
threshold_41,threshold,3,7,4,2.742941859003673,1.2646357409963274,10,0.5800000000000002
threshold_41,threshold,3,8,4,2.593178458683921,1.4143991413160775,10,0.6000000000000002
threshold_41,threshold,3,9,4,3.02556441894249,0.9820131810575101,10,0.5200000000000001
threshold_41,threshold,3,0,5,3.039058978174769,0.9685186218252315,9,0.48000000000000015
threshold_41,threshold,3,1,5,2.5735093173829386,1.4340682826170608,10,0.6000000000000002
threshold_41,threshold,3,2,5,2.7514830545862696,1.2560945454137307,10,0.5600000000000002
threshold_41,threshold,3,3,5,2.771148697193721,1.2364289028062792,10,0.5800000000000002
threshold_41,threshold,3,4,5,2.8440134255571112,1.1635641744428882,10,0.5600000000000002
threshold_41,threshold,3,5,5,2.8890413627365246,1.118536237263475,9,0.5200000000000001
threshold_41,threshold,3,6,5,2.8267219135436377,1.1808556864563626,10,0.5600000000000002
threshold_41,threshold,3,7,5,2.8222660812657363,1.1853115187342633,10,0.5400000000000001
threshold_41,threshold,3,8,5,2.6490314585319505,1.3585461414680495,10,0.5800000000000002
threshold_41,threshold,3,9,5,3.0806057303467096,0.9269718696532918,9,0.46000000000000013
threshold_41,threshold,3,0,6,2.9967600726348933,1.010817527365106,9,0.5000000000000001
threshold_41,threshold,3,1,6,2.6636332039424424,1.343944396057559,10,0.5800000000000002
threshold_41,threshold,3,2,6,2.765563729214697,1.2420138707853028,10,0.5600000000000002
threshold_41,threshold,3,3,6,2.832045863010622,1.175531736989378,10,0.5400000000000001
threshold_41,threshold,3,4,6,2.8472653166925257,1.1603122833074746,10,0.5600000000000002
threshold_41,threshold,3,5,6,2.8025334359213274,1.2050441640786727,10,0.5800000000000002
threshold_41,threshold,3,6,6,2.848228540843302,1.1593490591566982,9,0.5200000000000001
threshold_41,threshold,3,7,6,2.7049321418125043,1.3026454581874956,9,0.5400000000000001
threshold_41,threshold,3,8,6,2.696598997167786,1.3109786028322146,10,0.5800000000000002
threshold_41,threshold,3,9,6,2.981103388120191,1.0264742118798083,9,0.5200000000000001
threshold_41,threshold,3,0,7,2.9894412359015856,1.0181363640984151,10,0.5200000000000001
threshold_41,threshold,3,1,7,2.6636770023529244,1.3439005976470761,10,0.5600000000000002
threshold_41,threshold,3,2,7,2.668103439591651,1.3394741604083495,10,0.5800000000000002
threshold_41,threshold,3,3,7,2.7831736239353755,1.2244039760646246,9,0.5200000000000001
threshold_41,threshold,3,4,7,2.777896672662022,1.229680927337979,10,0.5600000000000002
threshold_41,threshold,3,5,7,2.785573640116593,1.2220039598834083,9,0.5400000000000001
threshold_41,threshold,3,6,7,2.7242240820823374,1.2833535179176627,9,0.5400000000000001
threshold_41,threshold,3,7,7,2.7059661140474307,1.301611485952569,10,0.5600000000000002
threshold_41,threshold,3,8,7,2.573483429473268,1.4340941705267318,10,0.5800000000000002
threshold_41,threshold,3,9,7,2.9606945351232246,1.0468830648767748,9,0.5000000000000001
threshold_41,threshold,3,0,8,2.9311724646980544,1.076405135301946,10,0.5400000000000001
threshold_41,threshold,3,1,8,2.471054809896708,1.5365227901032916,10,0.6000000000000002
threshold_41,threshold,3,2,8,2.640054502073378,1.3675230979266217,10,0.5800000000000002
threshold_41,threshold,3,3,8,2.5947233931969573,1.4128542068030432,10,0.5800000000000002
threshold_41,threshold,3,4,8,2.606815930730377,1.4007616692696214,10,0.5800000000000002
threshold_41,threshold,3,5,8,2.6287735011230753,1.3788040988769246,10,0.6000000000000002
threshold_41,threshold,3,6,8,2.683491096580762,1.324086503419237,10,0.5800000000000002
threshold_41,threshold,3,7,8,2.5594720203740944,1.448105579625906,10,0.5800000000000002
threshold_41,threshold,3,8,8,2.462908917651438,1.544668682348562,10,0.6000000000000002
threshold_41,threshold,3,9,8,2.8500847438352346,1.1574928561647648,10,0.5600000000000002
threshold_41,threshold,3,0,9,3.191700019132933,0.8158775808670674,8,0.4000000000000001
threshold_41,threshold,3,1,9,2.9389678672944943,1.0686097327055042,10,0.5400000000000001
threshold_41,threshold,3,2,9,2.9372081666706658,1.0703694333293339,9,0.5000000000000001
threshold_41,threshold,3,3,9,3.025388004016475,0.9821895959835254,9,0.48000000000000015
threshold_41,threshold,3,4,9,3.0349975806686875,0.9725800193313127,9,0.5000000000000001
threshold_41,threshold,3,5,9,3.043473446489137,0.964104153510864,9,0.5000000000000001
threshold_41,threshold,3,6,9,3.0005046753496702,1.0070729246503318,9,0.5200000000000001
threshold_41,threshold,3,7,9,3.058531125412478,0.9490464745875221,10,0.5200000000000001
threshold_41,threshold,3,8,9,2.9301530346784985,1.0774245653215015,9,0.5200000000000001
threshold_41,threshold,3,9,9,3.202514248744643,0.805063351255358,9,0.38000000000000006
threshold_42,threshold,1,0,0,3.3113129560613666,0.6962646439386334,5,0.1
threshold_42,threshold,1,1,0,3.293814458881207,0.7137631411187922,9,0.18
threshold_42,threshold,1,2,0,3.3037770906507213,0.7038005093492786,8,0.16
threshold_42,threshold,1,3,0,3.3101830969054578,0.6973945030945418,7,0.14
threshold_42,threshold,1,4,0,3.2879972517939953,0.7195803482060064,7,0.14
threshold_42,threshold,1,5,0,3.2952474934766354,0.7123301065233667,8,0.16
threshold_42,threshold,1,6,0,3.32234722019178,0.6852303798082209,7,0.14
threshold_42,threshold,1,7,0,3.3272742394902615,0.6803033605097383,7,0.14
threshold_42,threshold,1,8,0,3.3056743827140647,0.7019032172859355,9,0.18
threshold_42,threshold,1,9,0,3.319860815399771,0.6877167846002271,6,0.12000000000000001
threshold_42,threshold,1,0,1,3.2996489014032058,0.7079286985967947,8,0.16
threshold_42,threshold,1,1,1,3.132785141183838,0.8747924588161626,10,0.19999999999999998
threshold_42,threshold,1,2,1,3.2329537026187922,0.7746238973812082,10,0.19999999999999998
threshold_42,threshold,1,3,1,3.2551977381935244,0.7523798618064753,9,0.18
threshold_42,threshold,1,4,1,3.2479484972748485,0.7596291027251509,9,0.18
threshold_42,threshold,1,5,1,3.259983003505445,0.7475945964945548,9,0.18
threshold_42,threshold,1,6,1,3.2575687677015153,0.7500088322984841,10,0.19999999999999998
threshold_42,threshold,1,7,1,3.23992640477325,0.7676511952267501,9,0.18
threshold_42,threshold,1,8,1,3.1700170828761123,0.8375605171238878,10,0.19999999999999998
threshold_42,threshold,1,9,1,3.2908859594683872,0.7166916405316138,8,0.16
threshold_42,threshold,1,0,2,3.316920928180686,0.6906566718193146,7,0.14
threshold_42,threshold,1,1,2,3.2154487569332573,0.792128843066744,10,0.19999999999999998
threshold_42,threshold,1,2,2,3.295167725835349,0.7124098741646517,9,0.18
threshold_42,threshold,1,3,2,3.2951895082318403,0.7123880917681613,8,0.16
threshold_42,threshold,1,4,2,3.3264729350217115,0.6811046649782887,8,0.16
threshold_42,threshold,1,5,2,3.313964440053545,0.6936131599464533,8,0.16
threshold_42,threshold,1,6,2,3.272516689937181,0.7350609100628193,8,0.16
threshold_42,threshold,1,7,2,3.2988982211890776,0.7086793788109231,9,0.18
threshold_42,threshold,1,8,2,3.236869804092537,0.7707077959074623,10,0.19999999999999998
threshold_42,threshold,1,9,2,3.3249788615210822,0.6825987384789193,7,0.14
threshold_42,threshold,1,0,3,3.307562879534947,0.7000147204650534,7,0.14
threshold_42,threshold,1,1,3,3.252573138232311,0.7550044617676898,9,0.18
threshold_42,threshold,1,2,3,3.291377517515861,0.7162000824841374,9,0.18
threshold_42,threshold,1,3,3,3.289993005799195,0.7175845942008056,9,0.18
threshold_42,threshold,1,4,3,3.303306736130388,0.7042708638696122,8,0.16
threshold_42,threshold,1,5,3,3.2985967650008337,0.7089808349991661,9,0.18
threshold_42,threshold,1,6,3,3.3144487887122156,0.6931288112877839,7,0.14
threshold_42,threshold,1,7,3,3.2955969994071013,0.7119806005928994,8,0.16
threshold_42,threshold,1,8,3,3.2524309528032767,0.7551466471967233,10,0.19999999999999998
threshold_42,threshold,1,9,3,3.3129796813968415,0.6945979186031587,6,0.12000000000000001
threshold_42,threshold,1,0,4,3.312105320705589,0.6954722792944109,7,0.14
threshold_42,threshold,1,1,4,3.27055358104241,0.7370240189575891,9,0.18
threshold_42,threshold,1,2,4,3.2933123408547504,0.7142652591452502,8,0.16
threshold_42,threshold,1,3,4,3.2885000317699316,0.7190775682300675,8,0.16
threshold_42,threshold,1,4,4,3.302047930872537,0.705529669127463,8,0.16
threshold_42,threshold,1,5,4,3.307330495393078,0.7002471046069221,8,0.16
threshold_42,threshold,1,6,4,3.3067357345720225,0.7008418654279784,8,0.16
threshold_42,threshold,1,7,4,3.300354153960382,0.7072234460396186,8,0.16
threshold_42,threshold,1,8,4,3.256351085819213,0.7512265141807867,9,0.18
threshold_42,threshold,1,9,4,3.341031971842403,0.6665456281575969,7,0.14
threshold_42,threshold,1,0,5,3.30444803548334,0.7031295645166591,7,0.14
threshold_42,threshold,1,1,5,3.2656251571719235,0.7419524428280764,9,0.18
threshold_42,threshold,1,2,5,3.316852103648193,0.6907254963518072,8,0.16
threshold_42,threshold,1,3,5,3.3079619488797034,0.699615651120297,8,0.16
threshold_42,threshold,1,4,5,3.3113983780128593,0.6961792219871419,9,0.18
threshold_42,threshold,1,5,5,3.302108471494164,0.7054691285058364,9,0.18
threshold_42,threshold,1,6,5,3.290470304898111,0.71710729510189,9,0.18
threshold_42,threshold,1,7,5,3.2881608520865986,0.7194167479134025,8,0.16
threshold_42,threshold,1,8,5,3.27716876936719,0.7304088306328103,9,0.18
threshold_42,threshold,1,9,5,3.3361117682308596,0.6714658317691402,7,0.14
threshold_42,threshold,1,0,6,3.3158798564716587,0.6916977435283421,7,0.14
threshold_42,threshold,1,1,6,3.2539946089633798,0.7535829910366184,10,0.19999999999999998
threshold_42,threshold,1,2,6,3.294386709192947,0.7131908908070521,9,0.18
threshold_42,threshold,1,3,6,3.305538722683055,0.7020388773169444,8,0.16
threshold_42,threshold,1,4,6,3.2995948035321545,0.7079827964678461,9,0.18
threshold_42,threshold,1,5,6,3.3152868785183607,0.69229072148164,9,0.18
threshold_42,threshold,1,6,6,3.2854264374211026,0.7221511625788964,8,0.16
threshold_42,threshold,1,7,6,3.2950409427824554,0.712536657217545,8,0.16
threshold_42,threshold,1,8,6,3.2434169054179574,0.7641606945820414,9,0.18
threshold_42,threshold,1,9,6,3.3165871689332898,0.6909904310667109,7,0.14
threshold_42,threshold,1,0,7,3.331765495132604,0.6758121048673961,7,0.14
threshold_42,threshold,1,1,7,3.2697326636246493,0.73784493637535,10,0.19999999999999998
threshold_42,threshold,1,2,7,3.2977550056009997,0.709822594399,8,0.16
threshold_42,threshold,1,3,7,3.299641056672306,0.7079365433276948,8,0.16
threshold_42,threshold,1,4,7,3.3276594159605155,0.6799181840394841,9,0.18
threshold_42,threshold,1,5,7,3.319983003215114,0.6875945967848869,8,0.16
threshold_42,threshold,1,6,7,3.277142648445633,0.7304349515543663,9,0.18
threshold_42,threshold,1,7,7,3.315445213108584,0.6921323868914151,9,0.18
threshold_42,threshold,1,8,7,3.265877672379652,0.7416999276203491,9,0.18
threshold_42,threshold,1,9,7,3.330737585322783,0.676840014677216,7,0.14
threshold_42,threshold,1,0,8,3.323150927619082,0.6844266723809186,8,0.16
threshold_42,threshold,1,1,8,3.1644999223960504,0.8430776776039502,10,0.19999999999999998
threshold_42,threshold,1,2,8,3.2558296068997885,0.751747993100212,9,0.18
threshold_42,threshold,1,3,8,3.2708635222421654,0.7367140777578347,9,0.18
threshold_42,threshold,1,4,8,3.26001094170541,0.7475666582945908,10,0.19999999999999998
threshold_42,threshold,1,5,8,3.2861767842205802,0.7214008157794218,8,0.16
threshold_42,threshold,1,6,8,3.2822932044419924,0.7252843955580078,9,0.18
threshold_42,threshold,1,7,8,3.2575687573100125,0.750008842689989,9,0.18
threshold_42,threshold,1,8,8,3.193537074173771,0.8140405258262289,9,0.18
threshold_42,threshold,1,9,8,3.2824973299415228,0.7250802700584784,10,0.19999999999999998
threshold_42,threshold,1,0,9,3.330044034553576,0.6775335654464247,6,0.12000000000000001
threshold_42,threshold,1,1,9,3.279263910976253,0.728313689023748,9,0.18
threshold_42,threshold,1,2,9,3.307969377786703,0.6996082222132968,6,0.12000000000000001
threshold_42,threshold,1,3,9,3.3433269960174927,0.6642506039825095,6,0.12000000000000001
threshold_42,threshold,1,4,9,3.338990512229479,0.6685870877705219,7,0.14
threshold_42,threshold,1,5,9,3.355709170574261,0.6518684294257402,7,0.14
threshold_42,threshold,1,6,9,3.3380667793347647,0.6695108206652362,7,0.14
threshold_42,threshold,1,7,9,3.288812572454261,0.7187650275457379,7,0.14
threshold_42,threshold,1,8,9,3.2718805875269363,0.7356970124730643,9,0.18
threshold_42,threshold,1,9,9,3.319516684408141,0.6880609155918594,6,0.12000000000000001
threshold_43,threshold,1,0,0,3.344856784644672,0.6627208153553287,5,0.1
threshold_43,threshold,1,1,0,3.286060791002948,0.7215168089970517,9,0.18
threshold_43,threshold,1,2,0,3.340510804144932,0.6670667958550667,8,0.16
threshold_43,threshold,1,3,0,3.339082897584267,0.6684947024157328,6,0.12000000000000001
threshold_43,threshold,1,4,0,3.3086519021496428,0.6989256978503587,7,0.14
threshold_43,threshold,1,5,0,3.308662251842224,0.698915348157776,7,0.14
threshold_43,threshold,1,6,0,3.2998130445000227,0.7077645554999775,7,0.14
threshold_43,threshold,1,7,0,3.3254416341462307,0.6821359658537695,7,0.14
threshold_43,threshold,1,8,0,3.3022858311038044,0.7052917688961972,8,0.16
threshold_43,threshold,1,9,0,3.337890676583849,0.6696869234161511,6,0.12000000000000001
threshold_43,threshold,1,0,1,3.2929478908128935,0.7146297091871066,8,0.16
threshold_43,threshold,1,1,1,3.1603465708091636,0.847231029190836,10,0.19999999999999998
threshold_43,threshold,1,2,1,3.2360673524459393,0.7715102475540602,10,0.19999999999999998
threshold_43,threshold,1,3,1,3.2506187695924265,0.756958830407575,8,0.16
threshold_43,threshold,1,4,1,3.242966583860736,0.7646110161392632,9,0.18
threshold_43,threshold,1,5,1,3.2483227084042032,0.7592548915957968,9,0.18
threshold_43,threshold,1,6,1,3.2861945238090455,0.7213830761909558,9,0.18
threshold_43,threshold,1,7,1,3.2803384232744497,0.7272391767255496,9,0.18
threshold_43,threshold,1,8,1,3.159976097368259,0.8476015026317416,10,0.19999999999999998
threshold_43,threshold,1,9,1,3.3095009630710273,0.6980766369289715,8,0.16
threshold_43,threshold,1,0,2,3.346580054063921,0.6609975459360795,7,0.14
threshold_43,threshold,1,1,2,3.2787434597484055,0.7288341402515941,9,0.18
threshold_43,threshold,1,2,2,3.280993133507645,0.7265844664923563,8,0.16
threshold_43,threshold,1,3,2,3.3092812769144992,0.6982963230855005,8,0.16
threshold_43,threshold,1,4,2,3.301358649044554,0.7062189509554463,8,0.16
threshold_43,threshold,1,5,2,3.319285241102036,0.6882923588979654,8,0.16
threshold_43,threshold,1,6,2,3.3159197110389047,0.6916578889610968,8,0.16
threshold_43,threshold,1,7,2,3.2846986574382306,0.7228789425617689,8,0.16
threshold_43,threshold,1,8,2,3.2677708411094786,0.7398067588905204,9,0.18
threshold_43,threshold,1,9,2,3.3357394034000674,0.6718381965999324,7,0.14
threshold_43,threshold,1,0,3,3.319834045453479,0.6877435545465207,7,0.14
threshold_43,threshold,1,1,3,3.254349805511483,0.7532277944885161,10,0.19999999999999998
threshold_43,threshold,1,2,3,3.2915218295411717,0.7160557704588285,8,0.16
threshold_43,threshold,1,3,3,3.2975557047409403,0.7100218952590595,8,0.16
threshold_43,threshold,1,4,3,3.281188875637266,0.7263887243627345,9,0.18
threshold_43,threshold,1,5,3,3.292957292289227,0.7146203077107727,8,0.16
threshold_43,threshold,1,6,3,3.283921398146694,0.7236562018533047,8,0.16
threshold_43,threshold,1,7,3,3.3143578960638433,0.6932197039361566,8,0.16
threshold_43,threshold,1,8,3,3.25071478371456,0.756862816285441,9,0.18
threshold_43,threshold,1,9,3,3.313042838708846,0.6945347612911549,6,0.12000000000000001
threshold_43,threshold,1,0,4,3.3167109870001297,0.6908666129998703,7,0.14
threshold_43,threshold,1,1,4,3.2551074630970853,0.7524701369029163,10,0.19999999999999998
threshold_43,threshold,1,2,4,3.3104655949556783,0.6971120050443201,8,0.16
threshold_43,threshold,1,3,4,3.32740145940861,0.6801761405913912,8,0.16
threshold_43,threshold,1,4,4,3.3008954877323893,0.7066821122676105,8,0.16
threshold_43,threshold,1,5,4,3.3043454349616246,0.703232165038374,8,0.16
threshold_43,threshold,1,6,4,3.281676095347757,0.7259015046522432,9,0.18
threshold_43,threshold,1,7,4,3.2924603545602857,0.7151172454397152,9,0.18
threshold_43,threshold,1,8,4,3.2379125288213157,0.7696650711786848,10,0.19999999999999998
threshold_43,threshold,1,9,4,3.3329169405367463,0.6746606594632542,7,0.14
threshold_43,threshold,1,0,5,3.332175787942473,0.6754018120575277,7,0.14
threshold_43,threshold,1,1,5,3.243140978960289,0.7644366210397107,10,0.19999999999999998
threshold_43,threshold,1,2,5,3.304270613887414,0.703306986112586,9,0.18
threshold_43,threshold,1,3,5,3.2939121601775954,0.7136654398224052,9,0.18
threshold_43,threshold,1,4,5,3.2940381715278106,0.7135394284721888,8,0.16
threshold_43,threshold,1,5,5,3.2863295526955474,0.7212480473044527,8,0.16
threshold_43,threshold,1,6,5,3.3026049671734046,0.7049726328265955,8,0.16
threshold_43,threshold,1,7,5,3.2747176261613697,0.7328599738386304,8,0.16
threshold_43,threshold,1,8,5,3.2635872820615894,0.7439903179384088,9,0.18
threshold_43,threshold,1,9,5,3.304575713677737,0.7030018863222621,7,0.14
threshold_43,threshold,1,0,6,3.3145367532386194,0.6930408467613819,7,0.14
threshold_43,threshold,1,1,6,3.258422192249838,0.7491554077501609,10,0.19999999999999998
threshold_43,threshold,1,2,6,3.290039552864452,0.7175380471355483,9,0.18
threshold_43,threshold,1,3,6,3.302385323818587,0.7051922761814131,8,0.16
threshold_43,threshold,1,4,6,3.291568276372439,0.7160093236275598,8,0.16
threshold_43,threshold,1,5,6,3.2783794610500467,0.7291981389499524,9,0.18
threshold_43,threshold,1,6,6,3.3021336742828296,0.7054439257171704,8,0.16
threshold_43,threshold,1,7,6,3.298078302065273,0.7094992979347263,8,0.16
threshold_43,threshold,1,8,6,3.2421471527215466,0.765430447278454,10,0.19999999999999998
threshold_43,threshold,1,9,6,3.332061945208798,0.6755156547912021,7,0.14
threshold_43,threshold,1,0,7,3.3170633270773213,0.6905142729226788,7,0.14
threshold_43,threshold,1,1,7,3.283306254636419,0.724271345363582,9,0.18
threshold_43,threshold,1,2,7,3.3163342446368027,0.6912433553631968,8,0.16
threshold_43,threshold,1,3,7,3.289095837735495,0.7184817622645052,8,0.16
threshold_43,threshold,1,4,7,3.297502437834998,0.7100751621650028,8,0.16
threshold_43,threshold,1,5,7,3.2840332064777393,0.7235443935222601,9,0.18
threshold_43,threshold,1,6,7,3.2782053866557503,0.7293722133442496,7,0.14
threshold_43,threshold,1,7,7,3.2691565434780974,0.7384210565219034,8,0.16
threshold_43,threshold,1,8,7,3.2641924344426476,0.7433851655573532,9,0.18
threshold_43,threshold,1,9,7,3.3149545382104915,0.6926230617895089,7,0.14
threshold_43,threshold,1,0,8,3.2811286607100136,0.7264489392899866,7,0.14
threshold_43,threshold,1,1,8,3.212692648656039,0.7948849513439606,10,0.19999999999999998
threshold_43,threshold,1,2,8,3.2588159945434136,0.7487616054565858,9,0.18
threshold_43,threshold,1,3,8,3.2461909151655917,0.7613866848344086,10,0.19999999999999998
threshold_43,threshold,1,4,8,3.250839840344641,0.7567377596553582,9,0.18
threshold_43,threshold,1,5,8,3.2721442648681456,0.7354333351318545,9,0.18
threshold_43,threshold,1,6,8,3.280425573395945,0.7271520266040562,8,0.16
threshold_43,threshold,1,7,8,3.267184890140529,0.7403927098594718,9,0.18
threshold_43,threshold,1,8,8,3.192148760236021,0.8154288397639806,10,0.19999999999999998
threshold_43,threshold,1,9,8,3.277412326945517,0.7301652730544835,7,0.14
threshold_43,threshold,1,0,9,3.321331881165936,0.6862457188340649,5,0.1
threshold_43,threshold,1,1,9,3.302198846250691,0.7053787537493089,8,0.16
threshold_43,threshold,1,2,9,3.325490013312809,0.6820875866871916,7,0.14
threshold_43,threshold,1,3,9,3.326274693025963,0.6813029069740357,7,0.14
threshold_43,threshold,1,4,9,3.300752285267385,0.7068253147326135,7,0.14
threshold_43,threshold,1,5,9,3.304641090707873,0.7029365092921261,6,0.12000000000000001
threshold_43,threshold,1,6,9,3.3304203956332046,0.6771572043667942,7,0.14
threshold_43,threshold,1,7,9,3.323765259353017,0.6838123406469839,7,0.14
threshold_43,threshold,1,8,9,3.3176426426628765,0.6899349573371236,9,0.18
threshold_43,threshold,1,9,9,3.372836392727614,0.6347412072723856,5,0.1
threshold_44,threshold,1,0,0,3.357692712927033,0.6498848870729653,5,0.1
threshold_44,threshold,1,1,0,3.2999753971666625,0.7076022028333374,9,0.18
threshold_44,threshold,1,2,0,3.308681945949323,0.6988956540506763,7,0.14
threshold_44,threshold,1,3,0,3.3040305349298906,0.7035470650701099,6,0.12000000000000001
threshold_44,threshold,1,4,0,3.310468554476413,0.697109045523587,7,0.14
threshold_44,threshold,1,5,0,3.3079418476579234,0.6996357523420763,7,0.14
threshold_44,threshold,1,6,0,3.3062923815094756,0.7012852184905235,7,0.14
threshold_44,threshold,1,7,0,3.3160484827321315,0.6915291172678687,6,0.12000000000000001
threshold_44,threshold,1,8,0,3.2943607495439644,0.7132168504560363,8,0.16
threshold_44,threshold,1,9,0,3.3142873984844465,0.6932902015155515,5,0.1
threshold_44,threshold,1,0,1,3.306998398776861,0.7005792012231403,9,0.18
threshold_44,threshold,1,1,1,3.180866044845611,0.8267115551543903,10,0.19999999999999998
threshold_44,threshold,1,2,1,3.251719251599329,0.7558583484006707,9,0.18
threshold_44,threshold,1,3,1,3.27476981378071,0.7328077862192908,9,0.18
threshold_44,threshold,1,4,1,3.2700103460609986,0.7375672539390018,9,0.18
threshold_44,threshold,1,5,1,3.2552249142148604,0.7523526857851401,9,0.18
threshold_44,threshold,1,6,1,3.234020711121867,0.7735568888781336,10,0.19999999999999998
threshold_44,threshold,1,7,1,3.2703416024793706,0.7372359975206296,10,0.19999999999999998
threshold_44,threshold,1,8,1,3.169923421606359,0.8376541783936416,10,0.19999999999999998
threshold_44,threshold,1,9,1,3.290561112105053,0.7170164878949454,9,0.18
threshold_44,threshold,1,0,2,3.3180456693761045,0.6895319306238945,8,0.16
threshold_44,threshold,1,1,2,3.2901674579901563,0.7174101420098431,10,0.19999999999999998
threshold_44,threshold,1,2,2,3.289433164879161,0.7181444351208391,9,0.18
threshold_44,threshold,1,3,2,3.3283461490931234,0.6792314509068774,8,0.16
threshold_44,threshold,1,4,2,3.3102350980696604,0.6973425019303392,9,0.18
threshold_44,threshold,1,5,2,3.303335382328825,0.7042422176711748,8,0.16
threshold_44,threshold,1,6,2,3.273700197666469,0.7338774023335303,9,0.18
threshold_44,threshold,1,7,2,3.2825358412576136,0.7250417587423867,8,0.16
threshold_44,threshold,1,8,2,3.2887453498256827,0.7188322501743183,9,0.18
threshold_44,threshold,1,9,2,3.3488534544234483,0.6587241455765508,7,0.14
threshold_44,threshold,1,0,3,3.3162023797542015,0.6913752202458001,8,0.16
threshold_44,threshold,1,1,3,3.261562050364485,0.7460155496355158,9,0.18
threshold_44,threshold,1,2,3,3.3065926043097797,0.7009849956902201,8,0.16
threshold_44,threshold,1,3,3,3.313854715977759,0.6937228840222412,8,0.16
threshold_44,threshold,1,4,3,3.3022873985037235,0.705290201496276,8,0.16
threshold_44,threshold,1,5,3,3.3057317144574165,0.7018458855425836,8,0.16
threshold_44,threshold,1,6,3,3.296019884030119,0.7115577159698812,8,0.16
threshold_44,threshold,1,7,3,3.301882769662197,0.7056948303378029,9,0.18
threshold_44,threshold,1,8,3,3.2809988293808594,0.7265787706191416,9,0.18
threshold_44,threshold,1,9,3,3.326062184602122,0.6815154153978782,7,0.14
threshold_44,threshold,1,0,4,3.3127269547246545,0.6948506452753466,8,0.16
threshold_44,threshold,1,1,4,3.2425386864060237,0.7650389135939752,9,0.18
threshold_44,threshold,1,2,4,3.306435764327297,0.701141835672704,8,0.16
threshold_44,threshold,1,3,4,3.315029746933705,0.6925478530662937,8,0.16
threshold_44,threshold,1,4,4,3.318633218062732,0.6889443819372673,8,0.16
threshold_44,threshold,1,5,4,3.30282410483992,0.7047534951600811,9,0.18
threshold_44,threshold,1,6,4,3.3095741664530682,0.6980034335469317,8,0.16
threshold_44,threshold,1,7,4,3.2990124543777046,0.7085651456222949,8,0.16
threshold_44,threshold,1,8,4,3.2874721838841707,0.7201054161158296,9,0.18
threshold_44,threshold,1,9,4,3.3053170722215324,0.7022605277784675,6,0.12000000000000001
threshold_44,threshold,1,0,5,3.3215108878236923,0.6860667121763079,8,0.16
threshold_44,threshold,1,1,5,3.2459939808151588,0.7615836191848417,9,0.18
threshold_44,threshold,1,2,5,3.293552333367953,0.7140252666320476,9,0.18
threshold_44,threshold,1,3,5,3.314850316024481,0.6927272839755194,9,0.18
threshold_44,threshold,1,4,5,3.286785808165145,0.7207917918348554,8,0.16
threshold_44,threshold,1,5,5,3.284801731765162,0.7227758682348396,9,0.18
threshold_44,threshold,1,6,5,3.2907573190476165,0.7168202809523834,9,0.18
threshold_44,threshold,1,7,5,3.294807452976012,0.7127701470239862,9,0.18
threshold_44,threshold,1,8,5,3.2288487851021364,0.7787288148978629,9,0.18
threshold_44,threshold,1,9,5,3.345751208078332,0.6618263919216681,6,0.12000000000000001
threshold_44,threshold,1,0,6,3.329152264325821,0.6784253356741801,8,0.16
threshold_44,threshold,1,1,6,3.251376375931026,0.7562012240689728,9,0.18
threshold_44,threshold,1,2,6,3.2726261795023874,0.7349514204976137,9,0.18
threshold_44,threshold,1,3,6,3.306300161091605,0.7012774389083941,9,0.18
threshold_44,threshold,1,4,6,3.2780930605096974,0.7294845394903015,9,0.18
threshold_44,threshold,1,5,6,3.309701605235028,0.6978759947649728,9,0.18
threshold_44,threshold,1,6,6,3.2926793440412254,0.7148982559587759,9,0.18
threshold_44,threshold,1,7,6,3.3059927344634663,0.7015848655365337,9,0.18
threshold_44,threshold,1,8,6,3.2774826802216155,0.7300949197783845,10,0.19999999999999998
threshold_44,threshold,1,9,6,3.3270335707752685,0.6805440292247321,7,0.14
threshold_44,threshold,1,0,7,3.3021562547894057,0.7054213452105946,7,0.14
threshold_44,threshold,1,1,7,3.2207772080724237,0.7868003919275767,10,0.19999999999999998
threshold_44,threshold,1,2,7,3.288895704758208,0.7186818952417928,9,0.18
threshold_44,threshold,1,3,7,3.306844171087111,0.7007334289128885,8,0.16
threshold_44,threshold,1,4,7,3.3102169285417746,0.6973606714582256,8,0.16
threshold_44,threshold,1,5,7,3.29901630121066,0.708561298789342,9,0.18
threshold_44,threshold,1,6,7,3.31060105989495,0.6969765401050496,8,0.16
threshold_44,threshold,1,7,7,3.302836464919867,0.7047411350801328,9,0.18
threshold_44,threshold,1,8,7,3.2498075109438065,0.757770089056194,9,0.18
threshold_44,threshold,1,9,7,3.3115121880341385,0.6960654119658619,8,0.16
threshold_44,threshold,1,0,8,3.2907604854724735,0.7168171145275267,8,0.16
threshold_44,threshold,1,1,8,3.190080896410241,0.8174967035897598,10,0.19999999999999998
threshold_44,threshold,1,2,8,3.2695138279861005,0.7380637720139005,9,0.18
threshold_44,threshold,1,3,8,3.2521229245907084,0.755454675409291,9,0.18
threshold_44,threshold,1,4,8,3.2532249587997617,0.7543526412002384,9,0.18
threshold_44,threshold,1,5,8,3.234536913349672,0.7730406866503272,10,0.19999999999999998
threshold_44,threshold,1,6,8,3.282116855765262,0.7254607442347377,9,0.18
threshold_44,threshold,1,7,8,3.27064849095561,0.7369291090443905,9,0.18
threshold_44,threshold,1,8,8,3.1921793134587757,0.8153982865412241,10,0.19999999999999998
threshold_44,threshold,1,9,8,3.323331267772896,0.6842463322271043,8,0.16
threshold_44,threshold,1,0,9,3.3294903636715616,0.6780872363284383,6,0.12000000000000001
threshold_44,threshold,1,1,9,3.280015801387012,0.7275617986129879,8,0.16
threshold_44,threshold,1,2,9,3.3271252613134834,0.6804523386865176,7,0.14
threshold_44,threshold,1,3,9,3.330329450887747,0.6772481491122538,7,0.14
threshold_44,threshold,1,4,9,3.2996949342449136,0.7078826657550877,7,0.14
threshold_44,threshold,1,5,9,3.322462133784443,0.6851154662155574,7,0.14
threshold_44,threshold,1,6,9,3.3305626210451313,0.6770149789548687,7,0.14
threshold_44,threshold,1,7,9,3.321204621554573,0.6863729784454269,7,0.14
threshold_44,threshold,1,8,9,3.303416087089605,0.7041615129103949,8,0.16
threshold_44,threshold,1,9,9,3.353400784451892,0.6541768155481096,5,0.1
threshold_42,threshold,2,0,0,3.310390637357076,0.6971869626429215,6,0.21999999999999997
threshold_42,threshold,2,1,0,3.155078703282503,0.8524988967174982,9,0.36000000000000004
threshold_42,threshold,2,2,0,3.228619548561793,0.7789580514382071,8,0.32
threshold_42,threshold,2,3,0,3.2575928713288618,0.7499847286711393,8,0.3
threshold_42,threshold,2,4,0,3.2413946017445836,0.766182998255416,8,0.3
threshold_42,threshold,2,5,0,3.239264891759829,0.7683127082401713,9,0.34
threshold_42,threshold,2,6,0,3.2814925737019855,0.7260850262980156,9,0.32
threshold_42,threshold,2,7,0,3.209506383307895,0.7980712166921066,10,0.34
threshold_42,threshold,2,8,0,3.170739178078227,0.8368384219217742,9,0.36000000000000004
threshold_42,threshold,2,9,0,3.2750858440969046,0.7324917559030952,7,0.25999999999999995
threshold_42,threshold,2,0,1,3.230080121399449,0.77749747860055,9,0.34
threshold_42,threshold,2,1,1,2.9960411931672186,1.0115364068327823,10,0.4000000000000001
threshold_42,threshold,2,2,1,3.000472289010153,1.0071053109898473,10,0.4000000000000001
threshold_42,threshold,2,3,1,3.12592463503618,0.8816529649638212,9,0.36000000000000004
threshold_42,threshold,2,4,1,3.113545676197723,0.8940319238022777,10,0.38000000000000006
threshold_42,threshold,2,5,1,3.106883272204409,0.9006943277955898,10,0.38000000000000006
threshold_42,threshold,2,6,1,3.088629529613813,0.9189480703861884,10,0.4000000000000001
threshold_42,threshold,2,7,1,3.057009083828418,0.9505685161715822,10,0.38000000000000006
threshold_42,threshold,2,8,1,2.927899254174967,1.0796783458250334,10,0.4000000000000001
threshold_42,threshold,2,9,1,3.100275990115465,0.9073016098845347,10,0.36000000000000004
threshold_42,threshold,2,0,2,3.251337532342557,0.7562400676574421,8,0.3
threshold_42,threshold,2,1,2,3.0626444779656152,0.9449331220343846,10,0.4000000000000001
threshold_42,threshold,2,2,2,3.1142309645567265,0.8933466354432743,10,0.38000000000000006
threshold_42,threshold,2,3,2,3.1859473055304255,0.8216302944695747,9,0.34
threshold_42,threshold,2,4,2,3.1921344355231542,0.8154431644768447,9,0.34
threshold_42,threshold,2,5,2,3.144338287230775,0.8632393127692248,10,0.36000000000000004
threshold_42,threshold,2,6,2,3.148317006330235,0.8592605936697659,9,0.34
threshold_42,threshold,2,7,2,3.1106256226847897,0.89695197731521,9,0.36000000000000004
threshold_42,threshold,2,8,2,3.041328481138655,0.9662491188613455,10,0.4000000000000001
threshold_42,threshold,2,9,2,3.2161621479959908,0.7914154520040084,9,0.32
threshold_42,threshold,2,0,3,3.2543782383403688,0.753199361659631,8,0.3
threshold_42,threshold,2,1,3,3.129566158815288,0.8780114411847126,10,0.38000000000000006
threshold_42,threshold,2,2,3,3.212020133142604,0.7955574668573964,9,0.36000000000000004
threshold_42,threshold,2,3,3,3.1866071899022446,0.820970410097756,9,0.36000000000000004
threshold_42,threshold,2,4,3,3.16664932678669,0.8409282732133102,9,0.34
threshold_42,threshold,2,5,3,3.1220356365249597,0.8855419634750398,10,0.38000000000000006
threshold_42,threshold,2,6,3,3.1563432113880667,0.8512343886119341,10,0.34
threshold_42,threshold,2,7,3,3.1182326353448757,0.8893449646551248,9,0.34
threshold_42,threshold,2,8,3,3.0562166160710436,0.9513609839289566,10,0.4000000000000001
threshold_42,threshold,2,9,3,3.2492299277411334,0.7583476722588666,9,0.3
threshold_42,threshold,2,0,4,3.2411815514194804,0.7663960485805185,8,0.3
threshold_42,threshold,2,1,4,3.1205464282437014,0.8870311717562994,10,0.38000000000000006
threshold_42,threshold,2,2,4,3.199121995550623,0.8084556044493775,10,0.36000000000000004
threshold_42,threshold,2,3,4,3.196253116291239,0.8113244837087611,9,0.34
threshold_42,threshold,2,4,4,3.2041727225714682,0.8034048774285314,9,0.34
threshold_42,threshold,2,5,4,3.146989729131503,0.860587870868497,9,0.34
threshold_42,threshold,2,6,4,3.098983555081368,0.9085940449186325,9,0.34
threshold_42,threshold,2,7,4,3.1035985004399285,0.9039790995600728,9,0.34
threshold_42,threshold,2,8,4,3.0444180959040246,0.963159504095976,10,0.38000000000000006
threshold_42,threshold,2,9,4,3.2439343775810716,0.7636432224189289,9,0.32
threshold_42,threshold,2,0,5,3.2411640757441122,0.766413524255887,9,0.32
threshold_42,threshold,2,1,5,3.0986778706921876,0.908899729307812,10,0.38000000000000006
threshold_42,threshold,2,2,5,3.1765269459805143,0.8310506540194864,9,0.34
threshold_42,threshold,2,3,5,3.1830765959824574,0.8245010040175431,9,0.34
threshold_42,threshold,2,4,5,3.1499128103222094,0.8576647896777901,10,0.38000000000000006
threshold_42,threshold,2,5,5,3.1555495456296896,0.8520280543703109,9,0.36000000000000004
threshold_42,threshold,2,6,5,3.1528000664291063,0.8547775335708927,9,0.36000000000000004
threshold_42,threshold,2,7,5,3.158219848300821,0.8493577516991785,9,0.34
threshold_42,threshold,2,8,5,3.050594814426076,0.9569827855739241,10,0.38000000000000006
threshold_42,threshold,2,9,5,3.2388541325384166,0.7687234674615836,9,0.32
threshold_42,threshold,2,0,6,3.2141410917432855,0.7934365082567146,7,0.27999999999999997
threshold_42,threshold,2,1,6,3.08599109773672,0.9215865022632796,10,0.4000000000000001
threshold_42,threshold,2,2,6,3.1633835808594926,0.8441940191405077,9,0.36000000000000004
threshold_42,threshold,2,3,6,3.183245924030389,0.8243316759696113,9,0.34
threshold_42,threshold,2,4,6,3.161080317628823,0.8464972823711773,9,0.36000000000000004
threshold_42,threshold,2,5,6,3.1640683307748,0.8435092692251993,9,0.36000000000000004
threshold_42,threshold,2,6,6,3.1654416301868706,0.8421359698131299,10,0.36000000000000004
threshold_42,threshold,2,7,6,3.1470042596311067,0.8605733403688944,10,0.36000000000000004
threshold_42,threshold,2,8,6,3.10991844659011,0.8976591534098894,9,0.36000000000000004
threshold_42,threshold,2,9,6,3.2583953208631087,0.7491822791368908,8,0.3
threshold_42,threshold,2,0,7,3.2395423215148647,0.768035278485136,9,0.32
threshold_42,threshold,2,1,7,3.0725822388264796,0.9349953611735223,10,0.4000000000000001
threshold_42,threshold,2,2,7,3.1119675933161073,0.8956100066838932,10,0.36000000000000004
threshold_42,threshold,2,3,7,3.1862531324595778,0.8213244675404222,10,0.36000000000000004
threshold_42,threshold,2,4,7,3.1648910918996758,0.8426865081003249,9,0.36000000000000004
threshold_42,threshold,2,5,7,3.1374523137584873,0.8701252862415116,10,0.36000000000000004
threshold_42,threshold,2,6,7,3.1253210834933003,0.8822565165066985,10,0.38000000000000006
threshold_42,threshold,2,7,7,3.1088613137075205,0.8987162862924806,10,0.38000000000000006
threshold_42,threshold,2,8,7,3.0837908472150897,0.9237867527849101,10,0.38000000000000006
threshold_42,threshold,2,9,7,3.2271502859027725,0.7804273140972267,9,0.32
threshold_42,threshold,2,0,8,3.1546008197212325,0.8529767802787673,10,0.36000000000000004
threshold_42,threshold,2,1,8,2.990737227655013,1.0168403723449877,10,0.4000000000000001
threshold_42,threshold,2,2,8,3.053006834923361,0.9545707650766402,10,0.38000000000000006
threshold_42,threshold,2,3,8,3.062408213578794,0.9451693864212056,10,0.38000000000000006
threshold_42,threshold,2,4,8,3.0792396047546506,0.9283379952453495,10,0.4000000000000001
threshold_42,threshold,2,5,8,3.072148265807682,0.935429334192318,10,0.36000000000000004
threshold_42,threshold,2,6,8,3.063541523451807,0.9440360765481939,10,0.38000000000000006
threshold_42,threshold,2,7,8,3.0627749903344963,0.9448026096655038,10,0.38000000000000006
threshold_42,threshold,2,8,8,2.9691528595597383,1.038424740440262,10,0.38000000000000006
threshold_42,threshold,2,9,8,3.1538050439276186,0.8537725560723812,10,0.4000000000000001
threshold_42,threshold,2,0,9,3.2615904215550864,0.7459871784449136,5,0.21999999999999997
threshold_42,threshold,2,1,9,3.1602778839894374,0.8472997160105626,10,0.38000000000000006
threshold_42,threshold,2,2,9,3.284665857273674,0.7229117427263274,8,0.27999999999999997
threshold_42,threshold,2,3,9,3.2471131683753125,0.7604644316246875,8,0.27999999999999997
threshold_42,threshold,2,4,9,3.235733414769882,0.7718441852301186,8,0.3
threshold_42,threshold,2,5,9,3.2187373070328182,0.7888402929671829,9,0.32
threshold_42,threshold,2,6,9,3.268438722553735,0.7391388774462645,8,0.3
threshold_42,threshold,2,7,9,3.2721798739947245,0.7353977260052749,8,0.3
threshold_42,threshold,2,8,9,3.224210417433877,0.7833671825661225,9,0.36000000000000004
threshold_42,threshold,2,9,9,3.280007519676041,0.7275700803239593,6,0.23999999999999996
threshold_43,threshold,2,0,0,3.292936906586508,0.7146406934134925,6,0.21999999999999997
threshold_43,threshold,2,1,0,3.2151767838189618,0.7924008161810387,9,0.36000000000000004
threshold_43,threshold,2,2,0,3.2410244544655784,0.7665531455344201,9,0.34
threshold_43,threshold,2,3,0,3.253341998806813,0.7542356011931866,9,0.3
threshold_43,threshold,2,4,0,3.245358727147387,0.762218872852613,9,0.32
threshold_43,threshold,2,5,0,3.2566622485551826,0.7509153514448171,8,0.3
threshold_43,threshold,2,6,0,3.2415032316995065,0.7660743683004929,9,0.32
threshold_43,threshold,2,7,0,3.207598817595795,0.7999787824042038,9,0.32
threshold_43,threshold,2,8,0,3.175461790249063,0.8321158097509372,9,0.34
threshold_43,threshold,2,9,0,3.3045260808307826,0.703051519169218,7,0.25999999999999995
threshold_43,threshold,2,0,1,3.1408093276334466,0.8667682723665526,10,0.36000000000000004
threshold_43,threshold,2,1,1,2.892937450753418,1.1146401492465814,10,0.4000000000000001
threshold_43,threshold,2,2,1,3.0166302281832476,0.9909473718167532,10,0.4000000000000001
threshold_43,threshold,2,3,1,3.095997860423196,0.9115797395768043,10,0.36000000000000004
threshold_43,threshold,2,4,1,3.1232797059975206,0.8842978940024792,10,0.38000000000000006
threshold_43,threshold,2,5,1,3.0741065988368246,0.9334710011631746,10,0.38000000000000006
threshold_43,threshold,2,6,1,3.0500532830785962,0.9575243169214036,9,0.36000000000000004
threshold_43,threshold,2,7,1,3.0488881363004796,0.958689463699521,9,0.36000000000000004
threshold_43,threshold,2,8,1,2.925258765232899,1.0823188347671007,10,0.4000000000000001
threshold_43,threshold,2,9,1,3.188587697777507,0.8189899022224921,9,0.34
threshold_43,threshold,2,0,2,3.2399583687247815,0.7676192312752176,9,0.32
threshold_43,threshold,2,1,2,2.9815113023593143,1.0260662976406862,10,0.38000000000000006
threshold_43,threshold,2,2,2,3.094062958393627,0.9135146416063734,10,0.36000000000000004
threshold_43,threshold,2,3,2,3.1489930726479334,0.858584527352067,9,0.34
threshold_43,threshold,2,4,2,3.2180955285694384,0.7894820714305619,9,0.34
threshold_43,threshold,2,5,2,3.176202672737952,0.8313749272620473,9,0.34
threshold_43,threshold,2,6,2,3.1780509051717627,0.829526694828238,9,0.34
threshold_43,threshold,2,7,2,3.147192252554891,0.8603853474451089,9,0.34
threshold_43,threshold,2,8,2,3.1138041215859475,0.8937734784140511,10,0.38000000000000006
threshold_43,threshold,2,9,2,3.224944153751485,0.7826334462485152,9,0.32
threshold_43,threshold,2,0,3,3.2217551434528815,0.7858224565471196,9,0.32
threshold_43,threshold,2,1,3,3.0272468593787,0.9803307406212993,10,0.4000000000000001
threshold_43,threshold,2,2,3,3.119998159601786,0.8875794403982146,9,0.34
threshold_43,threshold,2,3,3,3.1393894787645293,0.8681881212354696,10,0.36000000000000004
threshold_43,threshold,2,4,3,3.13804874810554,0.8695288518944606,9,0.36000000000000004
threshold_43,threshold,2,5,3,3.1846994402301694,0.8228781597698307,10,0.36000000000000004
threshold_43,threshold,2,6,3,3.1773969349575233,0.8301806650424766,10,0.36000000000000004
threshold_43,threshold,2,7,3,3.1862119299440135,0.8213656700559883,9,0.34
threshold_43,threshold,2,8,3,3.105658848992489,0.9019187510075107,9,0.36000000000000004
threshold_43,threshold,2,9,3,3.262441527265677,0.7451360727343233,9,0.3
threshold_43,threshold,2,0,4,3.2424610978770607,0.7651165021229386,8,0.3
threshold_43,threshold,2,1,4,3.0437778014100343,0.9637997985899659,10,0.4000000000000001
threshold_43,threshold,2,2,4,3.146188603996369,0.8613889960036301,9,0.34
threshold_43,threshold,2,3,4,3.1655101859633943,0.8420674140366063,10,0.36000000000000004
threshold_43,threshold,2,4,4,3.1417515007554164,0.8658260992445826,10,0.36000000000000004
threshold_43,threshold,2,5,4,3.1663496093603407,0.8412279906396597,10,0.36000000000000004
threshold_43,threshold,2,6,4,3.159975481995043,0.8476021180049564,9,0.36000000000000004
threshold_43,threshold,2,7,4,3.158558569341143,0.8490190306588576,10,0.38000000000000006
threshold_43,threshold,2,8,4,3.0552785662873636,0.9522990337126368,10,0.4000000000000001
threshold_43,threshold,2,9,4,3.2323321924240096,0.7752454075759903,9,0.32
threshold_43,threshold,2,0,5,3.242340784610155,0.7652368153898447,9,0.32
threshold_43,threshold,2,1,5,3.0247475217831146,0.9828300782168845,10,0.4000000000000001
threshold_43,threshold,2,2,5,3.1305536135433627,0.877023986456639,10,0.38000000000000006
threshold_43,threshold,2,3,5,3.125351595804886,0.8822260041951154,10,0.38000000000000006
threshold_43,threshold,2,4,5,3.1924158068017143,0.8151617931982863,9,0.34
threshold_43,threshold,2,5,5,3.1842185116613013,0.8233590883386982,9,0.34
threshold_43,threshold,2,6,5,3.189509078120514,0.8180685218794864,9,0.34
threshold_43,threshold,2,7,5,3.1970170654655083,0.8105605345344907,9,0.34
threshold_43,threshold,2,8,5,3.0603652082038515,0.947212391796148,10,0.38000000000000006
threshold_43,threshold,2,9,5,3.24600809327108,0.7615695067289197,8,0.3
threshold_43,threshold,2,0,6,3.273136078027897,0.7344415219721041,8,0.3
threshold_43,threshold,2,1,6,3.0440400404081984,0.9635375595918017,10,0.4000000000000001
threshold_43,threshold,2,2,6,3.123299746897905,0.8842778531020958,9,0.36000000000000004
threshold_43,threshold,2,3,6,3.1661052499275857,0.8414723500724146,10,0.36000000000000004
threshold_43,threshold,2,4,6,3.1796361556904613,0.8279414443095401,9,0.34
threshold_43,threshold,2,5,6,3.1727513600730277,0.8348262399269727,10,0.38000000000000006
threshold_43,threshold,2,6,6,3.18915186603139,0.8184257339686097,9,0.34
threshold_43,threshold,2,7,6,3.1098438915880955,0.8977337084119047,10,0.36000000000000004
threshold_43,threshold,2,8,6,3.059767649384231,0.9478099506157683,10,0.4000000000000001
threshold_43,threshold,2,9,6,3.212197102719466,0.7953804972805343,9,0.32
threshold_43,threshold,2,0,7,3.239617651437125,0.7679599485628752,9,0.32
threshold_43,threshold,2,1,7,3.070603893837159,0.9369737061628399,10,0.38000000000000006
threshold_43,threshold,2,2,7,3.141973475173172,0.8656041248268277,9,0.34
threshold_43,threshold,2,3,7,3.164808311497753,0.8427692885022454,10,0.36000000000000004
threshold_43,threshold,2,4,7,3.141037634507662,0.8665399654923397,10,0.36000000000000004
threshold_43,threshold,2,5,7,3.1521168370945247,0.8554607629054755,9,0.36000000000000004
threshold_43,threshold,2,6,7,3.1447998365227834,0.8627777634772152,10,0.34
threshold_43,threshold,2,7,7,3.159313484327686,0.8482641156723141,9,0.34
threshold_43,threshold,2,8,7,3.025512089827125,0.9820655101728754,10,0.38000000000000006
threshold_43,threshold,2,9,7,3.2251471389735573,0.7824304610264414,8,0.3
threshold_43,threshold,2,0,8,3.1688656272026083,0.8387119727973914,9,0.32
threshold_43,threshold,2,1,8,2.954349871801053,1.053227728198948,10,0.4000000000000001
threshold_43,threshold,2,2,8,3.0756098358491144,0.9319677641508856,10,0.38000000000000006
threshold_43,threshold,2,3,8,3.0810025869030233,0.9265750130969761,10,0.4000000000000001
threshold_43,threshold,2,4,8,3.0814504682834123,0.9261271317165872,10,0.38000000000000006
threshold_43,threshold,2,5,8,3.0585327749633464,0.9490448250366527,10,0.38000000000000006
threshold_43,threshold,2,6,8,3.0942592475439006,0.9133183524560992,10,0.36000000000000004
threshold_43,threshold,2,7,8,3.055180144083851,0.9523974559161509,9,0.36000000000000004
threshold_43,threshold,2,8,8,2.9652063905329804,1.042371209467019,10,0.4000000000000001
threshold_43,threshold,2,9,8,3.1613769226913444,0.8462006773086573,9,0.32
threshold_43,threshold,2,0,9,3.2964243689282795,0.7111532310717208,7,0.23999999999999996
threshold_43,threshold,2,1,9,3.224422835168456,0.7831547648315426,9,0.34
threshold_43,threshold,2,2,9,3.274208050281002,0.733369549718998,8,0.3
threshold_43,threshold,2,3,9,3.291501627272727,0.7160759727272725,9,0.32
threshold_43,threshold,2,4,9,3.262597929938526,0.744979670061474,8,0.3
threshold_43,threshold,2,5,9,3.269332944068409,0.7382446559315897,8,0.27999999999999997
threshold_43,threshold,2,6,9,3.258819527694556,0.7487580723054434,9,0.32
threshold_43,threshold,2,7,9,3.226848130366282,0.7807294696337164,8,0.3
threshold_43,threshold,2,8,9,3.204014385923484,0.8035632140765167,10,0.38000000000000006
threshold_43,threshold,2,9,9,3.314363909593398,0.6932136904066019,5,0.19999999999999998
threshold_44,threshold,2,0,0,3.290934928720929,0.7166426712790716,8,0.25999999999999995
threshold_44,threshold,2,1,0,3.1990982933837975,0.8084793066162029,9,0.36000000000000004
threshold_44,threshold,2,2,0,3.2459279320281955,0.7616496679718034,9,0.32
threshold_44,threshold,2,3,0,3.2595478880632713,0.748029711936728,8,0.27999999999999997
threshold_44,threshold,2,4,0,3.2679718758840695,0.7396057241159304,9,0.32
threshold_44,threshold,2,5,0,3.255130954668585,0.7524466453314166,8,0.3
threshold_44,threshold,2,6,0,3.2375501269691713,0.7700274730308294,8,0.3
threshold_44,threshold,2,7,0,3.2333315928029425,0.7742460071970563,8,0.27999999999999997
threshold_44,threshold,2,8,0,3.1760670308419128,0.831510569158088,9,0.34
threshold_44,threshold,2,9,0,3.302719593489949,0.7048580065100513,6,0.21999999999999997
threshold_44,threshold,2,0,1,3.1133018665626695,0.8942757334373306,10,0.38000000000000006
threshold_44,threshold,2,1,1,2.94885440704836,1.0587231929516399,10,0.4000000000000001
threshold_44,threshold,2,2,1,3.046810633568085,0.960766966431915,10,0.38000000000000006
threshold_44,threshold,2,3,1,3.065802535420486,0.9417750645795142,10,0.38000000000000006
threshold_44,threshold,2,4,1,3.053192957667067,0.9543846423329336,9,0.36000000000000004
threshold_44,threshold,2,5,1,3.094705511426608,0.9128720885733931,9,0.36000000000000004
threshold_44,threshold,2,6,1,3.074273782218124,0.9333038177818752,9,0.38000000000000006
threshold_44,threshold,2,7,1,3.03851940894078,0.96905819105922,10,0.4000000000000001
threshold_44,threshold,2,8,1,2.9140036896992054,1.0935739103007955,10,0.4000000000000001
threshold_44,threshold,2,9,1,3.20246091574531,0.8051166842546899,9,0.36000000000000004
threshold_44,threshold,2,0,2,3.253294783754579,0.7542828162454224,8,0.32
threshold_44,threshold,2,1,2,2.9881193740877836,1.0194582259122158,10,0.4000000000000001
threshold_44,threshold,2,2,2,3.107854241393759,0.8997233586062404,9,0.36000000000000004
threshold_44,threshold,2,3,2,3.124606202969729,0.8829713970302722,9,0.34
threshold_44,threshold,2,4,2,3.148382539828973,0.8591950601710265,10,0.38000000000000006
threshold_44,threshold,2,5,2,3.1373382606995213,0.870239339300479,10,0.36000000000000004
threshold_44,threshold,2,6,2,3.154906036179594,0.852671563820406,10,0.38000000000000006
threshold_44,threshold,2,7,2,3.1462855394480944,0.8612920605519052,9,0.34
threshold_44,threshold,2,8,2,3.078875551104512,0.9287020488954894,10,0.38000000000000006
threshold_44,threshold,2,9,2,3.217555500761325,0.7900220992386744,9,0.32
threshold_44,threshold,2,0,3,3.2709590993749913,0.7366185006250074,8,0.32
threshold_44,threshold,2,1,3,3.029677551788412,0.9779000482115896,10,0.38000000000000006
threshold_44,threshold,2,2,3,3.163956870341603,0.8436207296583981,10,0.36000000000000004
threshold_44,threshold,2,3,3,3.149184339177759,0.8583932608222398,10,0.36000000000000004
threshold_44,threshold,2,4,3,3.155368910752835,0.8522086892471644,9,0.34
threshold_44,threshold,2,5,3,3.188437184172503,0.8191404158274966,10,0.36000000000000004
threshold_44,threshold,2,6,3,3.2037098737069485,0.803867726293051,9,0.34
threshold_44,threshold,2,7,3,3.1230733492374076,0.8845042507625932,9,0.36000000000000004
threshold_44,threshold,2,8,3,3.0724360583393757,0.935141541660624,10,0.38000000000000006
threshold_44,threshold,2,9,3,3.250774955125107,0.7568026448748927,9,0.32
threshold_44,threshold,2,0,4,3.2266562538757895,0.7809213461242118,8,0.32
threshold_44,threshold,2,1,4,3.11480060870444,0.8927769912955608,10,0.38000000000000006
threshold_44,threshold,2,2,4,3.1655588827954966,0.8420187172045034,10,0.36000000000000004
threshold_44,threshold,2,3,4,3.2266189235563396,0.7809586764436616,8,0.32
threshold_44,threshold,2,4,4,3.198182438091334,0.8093951619086655,9,0.34
threshold_44,threshold,2,5,4,3.180102514913881,0.8274750850861189,10,0.38000000000000006
threshold_44,threshold,2,6,4,3.1846672058629077,0.8229103941370934,10,0.36000000000000004
threshold_44,threshold,2,7,4,3.1779913318088804,0.8295862681911216,10,0.36000000000000004
threshold_44,threshold,2,8,4,3.055199941435229,0.9523776585647705,10,0.38000000000000006
threshold_44,threshold,2,9,4,3.230874541697558,0.7767030583024418,8,0.27999999999999997
threshold_44,threshold,2,0,5,3.2318689443187756,0.7757086556812235,9,0.34
threshold_44,threshold,2,1,5,3.1189556525091167,0.8886219474908821,10,0.38000000000000006
threshold_44,threshold,2,2,5,3.2163219364588076,0.7912556635411927,10,0.38000000000000006
threshold_44,threshold,2,3,5,3.1682284904857356,0.8393491095142653,10,0.38000000000000006
threshold_44,threshold,2,4,5,3.1932169609673857,0.8143606390326159,10,0.36000000000000004
threshold_44,threshold,2,5,5,3.143592306802717,0.8639852931972835,9,0.36000000000000004
threshold_44,threshold,2,6,5,3.1851179533382328,0.822459646661768,9,0.36000000000000004
threshold_44,threshold,2,7,5,3.134531498271013,0.8730461017289868,10,0.38000000000000006
threshold_44,threshold,2,8,5,3.066407192817232,0.9411704071827676,10,0.38000000000000006
threshold_44,threshold,2,9,5,3.260346435761221,0.7472311642387786,9,0.3
threshold_44,threshold,2,0,6,3.2359905338976667,0.7715870661023339,9,0.34
threshold_44,threshold,2,1,6,3.0458959594197768,0.9616816405802238,10,0.38000000000000006
threshold_44,threshold,2,2,6,3.1256547119752227,0.8819228880247779,10,0.38000000000000006
threshold_44,threshold,2,3,6,3.1695738108027416,0.838003789197258,10,0.38000000000000006
threshold_44,threshold,2,4,6,3.1213368611041465,0.8862407388958515,9,0.36000000000000004
threshold_44,threshold,2,5,6,3.1727000033128996,0.8348775966871007,9,0.36000000000000004
threshold_44,threshold,2,6,6,3.1491132314664587,0.8584643685335415,10,0.38000000000000006
threshold_44,threshold,2,7,6,3.1389604502260116,0.8686171497739891,10,0.38000000000000006
threshold_44,threshold,2,8,6,2.996749109016542,1.0108284909834595,10,0.4000000000000001
threshold_44,threshold,2,9,6,3.2138816098031944,0.7936959901968065,9,0.32
threshold_44,threshold,2,0,7,3.247016999902738,0.7605606000972633,8,0.3
threshold_44,threshold,2,1,7,3.0280578484656675,0.9795197515343318,10,0.4000000000000001
threshold_44,threshold,2,2,7,3.1508722578256076,0.8567053421743919,9,0.36000000000000004
threshold_44,threshold,2,3,7,3.160687229211108,0.8468903707888931,10,0.36000000000000004
threshold_44,threshold,2,4,7,3.12312323503247,0.8844543649675314,10,0.36000000000000004
threshold_44,threshold,2,5,7,3.1411951339656854,0.8663824660343137,10,0.38000000000000006
threshold_44,threshold,2,6,7,3.155169511400233,0.8524080885997667,10,0.36000000000000004
threshold_44,threshold,2,7,7,3.118760085823775,0.8888175141762261,10,0.38000000000000006
threshold_44,threshold,2,8,7,3.0261274647300294,0.9814501352699702,10,0.38000000000000006
threshold_44,threshold,2,9,7,3.2186907223661474,0.7888868776338513,9,0.34
threshold_44,threshold,2,0,8,3.1900330263292105,0.8175445736707896,8,0.32
threshold_44,threshold,2,1,8,2.8834392878919743,1.124138312108026,10,0.4000000000000001
threshold_44,threshold,2,2,8,3.0183875842148553,0.9891900157851459,10,0.38000000000000006
threshold_44,threshold,2,3,8,3.0763292532304956,0.9312483467695057,10,0.38000000000000006
threshold_44,threshold,2,4,8,3.078488175387384,0.9290894246126162,9,0.36000000000000004
threshold_44,threshold,2,5,8,3.04404721845612,0.9635303815438807,10,0.4000000000000001
threshold_44,threshold,2,6,8,3.0895599855378273,0.918017614462172,9,0.36000000000000004
threshold_44,threshold,2,7,8,3.0566393128104177,0.9509382871895826,10,0.38000000000000006
threshold_44,threshold,2,8,8,2.9369725172170997,1.0706050827829001,10,0.4000000000000001
threshold_44,threshold,2,9,8,3.2070097560910966,0.8005678439089046,9,0.34
threshold_44,threshold,2,0,9,3.2883090435191935,0.7192685564808078,7,0.25999999999999995
threshold_44,threshold,2,1,9,3.170725100464826,0.8368524995351746,10,0.36000000000000004
threshold_44,threshold,2,2,9,3.207445909624222,0.800131690375779,9,0.32
threshold_44,threshold,2,3,9,3.2522614940983274,0.7553161059016735,8,0.3
threshold_44,threshold,2,4,9,3.2832249874209714,0.7243526125790288,9,0.32
threshold_44,threshold,2,5,9,3.251619114487543,0.7559584855124571,9,0.32
threshold_44,threshold,2,6,9,3.246337265801387,0.7612403341986127,9,0.32
threshold_44,threshold,2,7,9,3.2738002742291004,0.7337773257708998,9,0.32
threshold_44,threshold,2,8,9,3.2525921582290533,0.7549854417709477,9,0.34
threshold_44,threshold,2,9,9,3.305586344163343,0.7019912558366587,6,0.21999999999999997
threshold_42,threshold,3,0,0,3.1997510928999096,0.8078265071000912,9,0.4000000000000001
threshold_42,threshold,3,1,0,2.89255211394519,1.1150254860548106,9,0.5400000000000001
threshold_42,threshold,3,2,0,2.9713458882459465,1.0362317117540534,9,0.5000000000000001
threshold_42,threshold,3,3,0,3.061704446248033,0.9458731537519672,9,0.48000000000000015
threshold_42,threshold,3,4,0,3.061320562223916,0.9462570377760837,9,0.48000000000000015
threshold_42,threshold,3,5,0,3.003348974206629,1.0042286257933715,10,0.5400000000000001
threshold_42,threshold,3,6,0,3.010609516601986,0.9969680833980142,9,0.5000000000000001
threshold_42,threshold,3,7,0,2.9222200196046693,1.085357580395331,10,0.5400000000000001
threshold_42,threshold,3,8,0,2.9659432707278843,1.041634329272117,10,0.5600000000000002
threshold_42,threshold,3,9,0,3.2103484360275774,0.7972291639724216,9,0.4400000000000001
threshold_42,threshold,3,0,1,2.944989831137144,1.0625877688628558,9,0.5200000000000001
threshold_42,threshold,3,1,1,2.440359060696748,1.5672185393032527,10,0.6000000000000002
threshold_42,threshold,3,2,1,2.6075230196560666,1.4000545803439335,10,0.6000000000000002
threshold_42,threshold,3,3,1,2.674775697635176,1.332801902364824,10,0.5600000000000002
threshold_42,threshold,3,4,1,2.7027130679869154,1.3048645320130847,10,0.5800000000000002
threshold_42,threshold,3,5,1,2.663874010707003,1.3437035892929958,10,0.5800000000000002
threshold_42,threshold,3,6,1,2.6175905335583116,1.3899870664416876,10,0.6000000000000002
threshold_42,threshold,3,7,1,2.6954314091917753,1.3121461908082261,10,0.5800000000000002
threshold_42,threshold,3,8,1,2.512594220675407,1.4949833793245935,10,0.6000000000000002
threshold_42,threshold,3,9,1,2.868147153108627,1.139430446891373,10,0.5600000000000002
threshold_42,threshold,3,0,2,2.9937686278073263,1.0138089721926735,9,0.48000000000000015
threshold_42,threshold,3,1,2,2.5254456569934103,1.4821319430065898,10,0.6000000000000002
threshold_42,threshold,3,2,2,2.6727654782898562,1.3348121217101452,10,0.5800000000000002
threshold_42,threshold,3,3,2,2.7889487501481796,1.2186288498518207,10,0.5400000000000001
threshold_42,threshold,3,4,2,2.842050877601118,1.1655267223988823,10,0.5400000000000001
threshold_42,threshold,3,5,2,2.7987180784927173,1.2088595215072833,10,0.5600000000000002
threshold_42,threshold,3,6,2,2.8602800818244862,1.147297518175515,9,0.5200000000000001
threshold_42,threshold,3,7,2,2.745714121598945,1.2618634784010552,10,0.5600000000000002
threshold_42,threshold,3,8,2,2.6545156845622633,1.3530619154377375,10,0.6000000000000002
threshold_42,threshold,3,9,2,3.005341124396094,1.002236475603906,9,0.5000000000000001
threshold_42,threshold,3,0,3,2.927946005695138,1.0796315943048618,9,0.48000000000000015
threshold_42,threshold,3,1,3,2.5767399932946087,1.4308376067053923,10,0.5800000000000002
threshold_42,threshold,3,2,3,2.7065872715435346,1.300990328456466,10,0.5600000000000002
threshold_42,threshold,3,3,3,2.8065373429079954,1.2010402570920047,10,0.5600000000000002
threshold_42,threshold,3,4,3,2.8567854463174087,1.150792153682591,10,0.5400000000000001
threshold_42,threshold,3,5,3,2.838951808121942,1.168625791878057,10,0.5800000000000002
threshold_42,threshold,3,6,3,2.890917825984434,1.1166597740155666,10,0.5400000000000001
threshold_42,threshold,3,7,3,2.8053241920945586,1.2022534079054408,10,0.5400000000000001
threshold_42,threshold,3,8,3,2.6575051085869323,1.3500724914130668,10,0.6000000000000002
threshold_42,threshold,3,9,3,3.040263022742335,0.9673145772576649,9,0.48000000000000015
threshold_42,threshold,3,0,4,2.962683974782321,1.044893625217679,10,0.5000000000000001
threshold_42,threshold,3,1,4,2.596967411167209,1.4106101888327909,10,0.5800000000000002
threshold_42,threshold,3,2,4,2.7049834002264475,1.3025941997735526,10,0.5600000000000002
threshold_42,threshold,3,3,4,2.846909656753586,1.1606679432464142,9,0.5200000000000001
threshold_42,threshold,3,4,4,2.8849941630786553,1.122583436921346,9,0.5200000000000001
threshold_42,threshold,3,5,4,2.908649507744532,1.0989280922554678,10,0.5400000000000001
threshold_42,threshold,3,6,4,2.8729029099372423,1.1346746900627576,10,0.5400000000000001
threshold_42,threshold,3,7,4,2.8877696852274473,1.1198079147725524,9,0.5200000000000001
threshold_42,threshold,3,8,4,2.667898959604541,1.33967864039546,10,0.5800000000000002
threshold_42,threshold,3,9,4,3.0592857787159007,0.9482918212840998,10,0.5200000000000001
threshold_42,threshold,3,0,5,2.9537585681401572,1.0538190318598424,9,0.5000000000000001
threshold_42,threshold,3,1,5,2.626520377869628,1.3810572221303716,10,0.5800000000000002
threshold_42,threshold,3,2,5,2.736308912168431,1.2712686878315684,10,0.5400000000000001
threshold_42,threshold,3,3,5,2.8236364737245756,1.1839411262754245,10,0.5400000000000001
threshold_42,threshold,3,4,5,2.8310453136226092,1.1765322863773917,10,0.5800000000000002
threshold_42,threshold,3,5,5,2.824109790526119,1.1834678094738813,10,0.5600000000000002
threshold_42,threshold,3,6,5,2.8295177885560787,1.1780598114439211,10,0.5600000000000002
threshold_42,threshold,3,7,5,2.804600358372086,1.2029772416279148,9,0.5200000000000001
threshold_42,threshold,3,8,5,2.655157690779926,1.3524199092200735,10,0.5800000000000002
threshold_42,threshold,3,9,5,2.97678808064431,1.0307895193556917,10,0.5200000000000001
threshold_42,threshold,3,0,6,2.987441686712831,1.0201359132871692,10,0.48000000000000015
threshold_42,threshold,3,1,6,2.6667367189633886,1.3408408810366115,10,0.6000000000000002
threshold_42,threshold,3,2,6,2.7398764569923073,1.2677011430076937,10,0.5600000000000002
threshold_42,threshold,3,3,6,2.814013369225366,1.1935642307746352,10,0.5400000000000001
threshold_42,threshold,3,4,6,2.8008374685955846,1.2067401314044157,10,0.5600000000000002
threshold_42,threshold,3,5,6,2.7896758230378946,1.2179017769621057,10,0.5600000000000002
threshold_42,threshold,3,6,6,2.8075241722114526,1.2000534277885486,10,0.5600000000000002
threshold_42,threshold,3,7,6,2.747196886334978,1.2603807136650218,10,0.5600000000000002
threshold_42,threshold,3,8,6,2.6953093917170037,1.312268208282996,10,0.5600000000000002
threshold_42,threshold,3,9,6,3.038038424209874,0.9695391757901263,10,0.5000000000000001
threshold_42,threshold,3,0,7,2.982368874622971,1.0252087253770283,10,0.5200000000000001
threshold_42,threshold,3,1,7,2.5202821488603515,1.4872954511396477,10,0.6000000000000002
threshold_42,threshold,3,2,7,2.709105574397961,1.298472025602039,10,0.5600000000000002
threshold_42,threshold,3,3,7,2.763170453596641,1.2444071464033593,9,0.5400000000000001
threshold_42,threshold,3,4,7,2.714817067656112,1.2927605323438873,10,0.5600000000000002
threshold_42,threshold,3,5,7,2.7343510489247773,1.2732265510752214,9,0.5400000000000001
threshold_42,threshold,3,6,7,2.753442087822035,1.2541355121779645,9,0.5600000000000002
threshold_42,threshold,3,7,7,2.7005406109141554,1.3070369890858444,9,0.5600000000000002
threshold_42,threshold,3,8,7,2.629059651049124,1.3785179489508759,10,0.5800000000000002
threshold_42,threshold,3,9,7,3.016476538007051,0.9911010619929502,9,0.5000000000000001
threshold_42,threshold,3,0,8,2.8617399421146525,1.1458376578853473,10,0.5600000000000002
threshold_42,threshold,3,1,8,2.443488436954964,1.5640891630450358,10,0.6000000000000002
threshold_42,threshold,3,2,8,2.592450966695975,1.4151266333040264,10,0.5800000000000002
threshold_42,threshold,3,3,8,2.6220935387935103,1.38548406120649,10,0.5800000000000002
threshold_42,threshold,3,4,8,2.721061668712124,1.2865159312878771,10,0.6000000000000002
threshold_42,threshold,3,5,8,2.737775450732712,1.2698021492672875,10,0.5600000000000002
threshold_42,threshold,3,6,8,2.6940890340837083,1.3134885659162914,9,0.5600000000000002
threshold_42,threshold,3,7,8,2.64217154188946,1.3654060581105398,10,0.5800000000000002
threshold_42,threshold,3,8,8,2.5510106494624014,1.4565669505375984,10,0.5800000000000002
threshold_42,threshold,3,9,8,2.8386900521598752,1.1688875478401248,10,0.6000000000000002
threshold_42,threshold,3,0,9,3.191659707383259,0.8159178926167416,9,0.4000000000000001
threshold_42,threshold,3,1,9,2.8606936684282744,1.146883931571726,10,0.5800000000000002
threshold_42,threshold,3,2,9,3.0217617243181243,0.9858158756818765,9,0.46000000000000013
threshold_42,threshold,3,3,9,3.0362498673629887,0.9713277326370101,10,0.48000000000000015
threshold_42,threshold,3,4,9,3.0194245304076355,0.9881530695923642,10,0.5000000000000001
threshold_42,threshold,3,5,9,3.0517743874528613,0.95580321254714,9,0.5000000000000001
threshold_42,threshold,3,6,9,3.0228608177531675,0.9847167822468332,10,0.5000000000000001
threshold_42,threshold,3,7,9,2.994138823073164,1.0134387769268371,9,0.48000000000000015
threshold_42,threshold,3,8,9,2.9375764167785925,1.0700011832214074,10,0.5600000000000002
threshold_42,threshold,3,9,9,3.2281019675906135,0.7794756324093867,9,0.4200000000000001
threshold_43,threshold,3,0,0,3.282410084000212,0.7251675159997868,7,0.36000000000000004
threshold_43,threshold,3,1,0,2.9630990571200018,1.0444785428799985,9,0.5400000000000001
threshold_43,threshold,3,2,0,2.9545085570379945,1.0530690429620055,9,0.5200000000000001
threshold_43,threshold,3,3,0,3.001749994036265,1.005827605963736,10,0.5000000000000001
threshold_43,threshold,3,4,0,3.070685450535487,0.9368921494645139,9,0.5000000000000001
threshold_43,threshold,3,5,0,3.035626326217742,0.9719512737822591,9,0.48000000000000015
threshold_43,threshold,3,6,0,2.951477960627445,1.0560996393725552,10,0.5200000000000001
threshold_43,threshold,3,7,0,2.9915593884577767,1.0160182115422227,9,0.5000000000000001
threshold_43,threshold,3,8,0,2.887361568499445,1.120216031500554,9,0.5200000000000001
threshold_43,threshold,3,9,0,3.1981080545484555,0.8094695454515447,9,0.4400000000000001
threshold_43,threshold,3,0,1,2.9715626071980803,1.0360149928019207,9,0.5400000000000001
threshold_43,threshold,3,1,1,2.5314293087422923,1.4761482912577075,10,0.6000000000000002
threshold_43,threshold,3,2,1,2.587165660988676,1.4204119390113246,10,0.6000000000000002
threshold_43,threshold,3,3,1,2.6619768012277705,1.3456007987722305,10,0.5600000000000002
threshold_43,threshold,3,4,1,2.6924031362899337,1.3151744637100664,10,0.5800000000000002
threshold_43,threshold,3,5,1,2.7203695435024797,1.2872080564975201,10,0.5800000000000002
threshold_43,threshold,3,6,1,2.679559581509595,1.3280180184904062,9,0.5400000000000001
threshold_43,threshold,3,7,1,2.6235448311945873,1.3840327688054133,10,0.5600000000000002
threshold_43,threshold,3,8,1,2.5551969718397136,1.452380628160286,10,0.6000000000000002
threshold_43,threshold,3,9,1,2.910161542300382,1.0974160576996184,10,0.5400000000000001
threshold_43,threshold,3,0,2,3.0762358418592113,0.9313417581407888,10,0.5200000000000001
threshold_43,threshold,3,1,2,2.651257679975539,1.3563199200244613,10,0.5800000000000002
threshold_43,threshold,3,2,2,2.687280239601873,1.3202973603981272,9,0.5400000000000001
threshold_43,threshold,3,3,2,2.760308697100633,1.2472689028993669,10,0.5400000000000001
threshold_43,threshold,3,4,2,2.7859252139739885,1.2216523860260122,9,0.5200000000000001
threshold_43,threshold,3,5,2,2.7796483546992827,1.227929245300717,10,0.5400000000000001
threshold_43,threshold,3,6,2,2.8010032439232826,1.2065743560767164,9,0.5200000000000001
threshold_43,threshold,3,7,2,2.745156254455251,1.26242134554475,10,0.5400000000000001
threshold_43,threshold,3,8,2,2.6167783845215826,1.390799215478418,10,0.5800000000000002
threshold_43,threshold,3,9,2,3.02915750507737,0.97842009492263,9,0.5000000000000001
threshold_43,threshold,3,0,3,2.985041199777221,1.022536400222779,9,0.5000000000000001
threshold_43,threshold,3,1,3,2.7203091368572845,1.2872684631427158,10,0.6000000000000002
threshold_43,threshold,3,2,3,2.791053743576268,1.2165238564237317,10,0.5400000000000001
threshold_43,threshold,3,3,3,2.803427097552145,1.2041505024478552,10,0.5600000000000002
threshold_43,threshold,3,4,3,2.7746016048711137,1.2329759951288863,10,0.5600000000000002
threshold_43,threshold,3,5,3,2.7911712625928238,1.2164063374071752,10,0.5600000000000002
threshold_43,threshold,3,6,3,2.7513004190289054,1.2562771809710949,10,0.5600000000000002
threshold_43,threshold,3,7,3,2.74267534108409,1.2649022589159096,10,0.5400000000000001
threshold_43,threshold,3,8,3,2.701009214601557,1.3065683853984442,10,0.5600000000000002
threshold_43,threshold,3,9,3,3.052648221891005,0.9549293781089953,9,0.48000000000000015
threshold_43,threshold,3,0,4,2.9276949207244125,1.0798826792755876,10,0.5000000000000001
threshold_43,threshold,3,1,4,2.5601761572546677,1.4474014427453314,10,0.6000000000000002
threshold_43,threshold,3,2,4,2.7845239203686987,1.2230536796313007,10,0.5400000000000001
threshold_43,threshold,3,3,4,2.78935373344692,1.2182238665530802,10,0.5600000000000002
threshold_43,threshold,3,4,4,2.8605013351952016,1.1470762648047985,10,0.5600000000000002
threshold_43,threshold,3,5,4,2.8405599875633487,1.1670176124366516,9,0.5400000000000001
threshold_43,threshold,3,6,4,2.8328108383894826,1.174766761610518,10,0.5600000000000002
threshold_43,threshold,3,7,4,2.8043002018933705,1.2032773981066298,9,0.5600000000000002
threshold_43,threshold,3,8,4,2.6581712161367212,1.3494063838632788,10,0.6000000000000002
threshold_43,threshold,3,9,4,3.0153587442741774,0.992218855725823,9,0.5000000000000001
threshold_43,threshold,3,0,5,2.9708405464122194,1.0367370535877813,9,0.5000000000000001
threshold_43,threshold,3,1,5,2.552390224683714,1.4551873753162854,10,0.6000000000000002
threshold_43,threshold,3,2,5,2.6778130219215504,1.3297645780784497,10,0.5800000000000002
threshold_43,threshold,3,3,5,2.7871524272025154,1.2204251727974853,10,0.5800000000000002
threshold_43,threshold,3,4,5,2.8010840265304022,1.2064935734695976,10,0.5400000000000001
threshold_43,threshold,3,5,5,2.8552838873300566,1.1522937126699435,10,0.5400000000000001
threshold_43,threshold,3,6,5,2.874707792505286,1.1328698074947132,10,0.5400000000000001
threshold_43,threshold,3,7,5,2.8301361001669223,1.1774414998330773,10,0.5400000000000001
threshold_43,threshold,3,8,5,2.644018344423461,1.3635592555765397,10,0.5800000000000002
threshold_43,threshold,3,9,5,3.0455323632651754,0.9620452367348243,9,0.48000000000000015
threshold_43,threshold,3,0,6,2.992353107249538,1.0152244927504628,10,0.5000000000000001
threshold_43,threshold,3,1,6,2.576734487163812,1.4308431128361878,10,0.6000000000000002
threshold_43,threshold,3,2,6,2.70634101146394,1.3012365885360588,10,0.5600000000000002
threshold_43,threshold,3,3,6,2.779160938698421,1.2284166613015783,10,0.5600000000000002
threshold_43,threshold,3,4,6,2.803665719105697,1.2039118808943026,10,0.5400000000000001
threshold_43,threshold,3,5,6,2.8058826607361316,1.201694939263869,10,0.5800000000000002
threshold_43,threshold,3,6,6,2.817276645219254,1.1903009547807464,10,0.5400000000000001
threshold_43,threshold,3,7,6,2.8152494748185286,1.1923281251814721,10,0.5600000000000002
threshold_43,threshold,3,8,6,2.655959986403477,1.351617613596522,10,0.6000000000000002
threshold_43,threshold,3,9,6,2.995864749823478,1.0117128501765216,9,0.5000000000000001
threshold_43,threshold,3,0,7,3.001824534211924,1.0057530657880762,10,0.5200000000000001
threshold_43,threshold,3,1,7,2.6281731859237785,1.3794044140762214,10,0.5800000000000002
threshold_43,threshold,3,2,7,2.6991560283885683,1.3084215716114327,10,0.5400000000000001
threshold_43,threshold,3,3,7,2.7086584211478963,1.2989191788521042,10,0.5600000000000002
threshold_43,threshold,3,4,7,2.7495568894366675,1.2580207105633319,10,0.5600000000000002
threshold_43,threshold,3,5,7,2.7533607724687847,1.2542168275312144,10,0.5600000000000002
threshold_43,threshold,3,6,7,2.7592218470249414,1.2483557529750575,10,0.5400000000000001
threshold_43,threshold,3,7,7,2.7417061206223865,1.265871479377614,10,0.5400000000000001
threshold_43,threshold,3,8,7,2.713561353983806,1.2940162460161933,9,0.5600000000000002
threshold_43,threshold,3,9,7,3.04431774470925,0.9632598552907489,9,0.48000000000000015
threshold_43,threshold,3,0,8,2.94458026066447,1.0629973393355296,10,0.5200000000000001
threshold_43,threshold,3,1,8,2.4955608673112004,1.5120167326888003,10,0.6000000000000002
threshold_43,threshold,3,2,8,2.5928944617930516,1.414683138206948,10,0.5800000000000002
threshold_43,threshold,3,3,8,2.7234247779733174,1.2841528220266818,10,0.6000000000000002
threshold_43,threshold,3,4,8,2.713172149256122,1.2944054507438785,10,0.5800000000000002
threshold_43,threshold,3,5,8,2.608905690889958,1.3986719091100424,10,0.5800000000000002
threshold_43,threshold,3,6,8,2.6490580950100573,1.3585195049899426,10,0.5600000000000002
threshold_43,threshold,3,7,8,2.626646617603201,1.3809309823967986,10,0.5600000000000002
threshold_43,threshold,3,8,8,2.445098396840144,1.5624792031598558,10,0.6000000000000002
threshold_43,threshold,3,9,8,2.987323704202083,1.020253895797917,9,0.5000000000000001
threshold_43,threshold,3,0,9,3.2049215115864786,0.8026560884135229,9,0.4200000000000001
threshold_43,threshold,3,1,9,2.906480183672311,1.1010974163276908,10,0.5400000000000001
threshold_43,threshold,3,2,9,2.953361635931436,1.054215964068564,10,0.5000000000000001
threshold_43,threshold,3,3,9,3.0108926716468587,0.9966849283531418,9,0.5000000000000001
threshold_43,threshold,3,4,9,3.0622653623377163,0.945312237662283,9,0.48000000000000015
threshold_43,threshold,3,5,9,3.0483207588594827,0.959256841140518,9,0.46000000000000013
threshold_43,threshold,3,6,9,2.9744796817994548,1.0330979182005453,10,0.5200000000000001
threshold_43,threshold,3,7,9,2.948731869474879,1.05884573052512,10,0.5000000000000001
threshold_43,threshold,3,8,9,2.8719979750560247,1.1355796249439762,9,0.5600000000000002
threshold_43,threshold,3,9,9,3.2424377661132118,0.7651398338867885,8,0.36000000000000004
threshold_44,threshold,3,0,0,3.171771254343469,0.8358063456565313,8,0.4200000000000001
threshold_44,threshold,3,1,0,2.882465816558977,1.1251117834410214,10,0.5600000000000002
threshold_44,threshold,3,2,0,2.9532001464822533,1.0543774535177468,10,0.5200000000000001
threshold_44,threshold,3,3,0,3.066001307270265,0.9415762927297356,9,0.46000000000000013
threshold_44,threshold,3,4,0,3.0382022108557964,0.9693753891442035,9,0.5000000000000001
threshold_44,threshold,3,5,0,3.011651496730492,0.995926103269507,10,0.5000000000000001
threshold_44,threshold,3,6,0,2.9956666159384007,1.0119109840616,9,0.48000000000000015
threshold_44,threshold,3,7,0,3.0543658001274117,0.9532117998725886,9,0.46000000000000013
threshold_44,threshold,3,8,0,2.9302510420278987,1.0773265579721016,9,0.5200000000000001
threshold_44,threshold,3,9,0,3.2608860607671284,0.7466915392328715,8,0.38000000000000006
threshold_44,threshold,3,0,1,2.846311137649973,1.161266462350027,10,0.5800000000000002
threshold_44,threshold,3,1,1,2.4694321367510255,1.5381454632489746,10,0.6000000000000002
threshold_44,threshold,3,2,1,2.579289399810932,1.4282882001890689,10,0.5800000000000002
threshold_44,threshold,3,3,1,2.6538143919392185,1.3537632080607822,10,0.5800000000000002
threshold_44,threshold,3,4,1,2.715067963392564,1.292509636607437,9,0.5400000000000001
threshold_44,threshold,3,5,1,2.632547485061845,1.3750301149381536,10,0.5600000000000002
threshold_44,threshold,3,6,1,2.600215074624544,1.4073625253754551,10,0.5800000000000002
threshold_44,threshold,3,7,1,2.621264862491297,1.3863127375087028,10,0.6000000000000002
threshold_44,threshold,3,8,1,2.550322742425399,1.457254857574601,10,0.6000000000000002
threshold_44,threshold,3,9,1,2.903447205318861,1.1041303946811394,9,0.5400000000000001
threshold_44,threshold,3,0,2,2.973652362421897,1.0339252375781032,10,0.5200000000000001
threshold_44,threshold,3,1,2,2.58789916265824,1.4196784373417604,10,0.6000000000000002
threshold_44,threshold,3,2,2,2.708218165572152,1.299359434427848,10,0.5600000000000002
threshold_44,threshold,3,3,2,2.7679703895126546,1.2396072104873457,10,0.5400000000000001
threshold_44,threshold,3,4,2,2.766708163034928,1.2408694369650715,9,0.5600000000000002
threshold_44,threshold,3,5,2,2.710445069004901,1.297132530995099,10,0.5600000000000002
threshold_44,threshold,3,6,2,2.729887086413823,1.277690513586177,10,0.5800000000000002
threshold_44,threshold,3,7,2,2.8451503688847626,1.1624272311152373,9,0.5200000000000001
threshold_44,threshold,3,8,2,2.6497622129401286,1.3578153870598706,10,0.5800000000000002
threshold_44,threshold,3,9,2,3.0339478092206553,0.9736297907793451,10,0.5200000000000001
threshold_44,threshold,3,0,3,3.025186365651743,0.982391234348256,10,0.5200000000000001
threshold_44,threshold,3,1,3,2.7014692648825465,1.3061083351174545,10,0.5800000000000002
threshold_44,threshold,3,2,3,2.7599577705288545,1.2476198294711451,10,0.5600000000000002
threshold_44,threshold,3,3,3,2.7576551688049,1.2499224311950996,10,0.5600000000000002
threshold_44,threshold,3,4,3,2.8277919283424753,1.1797856716575232,10,0.5400000000000001
threshold_44,threshold,3,5,3,2.7848130608812087,1.2227645391187918,10,0.5600000000000002
threshold_44,threshold,3,6,3,2.847104497885406,1.1604731021145949,10,0.5400000000000001
threshold_44,threshold,3,7,3,2.760314234176272,1.2472633658237273,10,0.5600000000000002
threshold_44,threshold,3,8,3,2.6786879725859882,1.3288896274140118,10,0.5800000000000002
threshold_44,threshold,3,9,3,2.986011828679567,1.0215657713204327,9,0.5000000000000001
threshold_44,threshold,3,0,4,3.0459404959898064,0.9616371040101932,9,0.5000000000000001
threshold_44,threshold,3,1,4,2.6787299378162044,1.3288476621837961,10,0.5800000000000002
threshold_44,threshold,3,2,4,2.820228640248098,1.1873489597519014,10,0.5600000000000002
threshold_44,threshold,3,3,4,2.9274193070400765,1.0801582929599227,10,0.5200000000000001
threshold_44,threshold,3,4,4,2.737721435269375,1.2698561647306248,10,0.5400000000000001
threshold_44,threshold,3,5,4,2.779446512888999,1.2281310871110014,10,0.5800000000000002
threshold_44,threshold,3,6,4,2.805827530789731,1.2017500692102698,9,0.5400000000000001
threshold_44,threshold,3,7,4,2.7668653145332174,1.2407122854667822,10,0.5600000000000002
threshold_44,threshold,3,8,4,2.6418264145940245,1.365751185405976,10,0.5800000000000002
threshold_44,threshold,3,9,4,3.065972347157465,0.9416052528425345,9,0.46000000000000013
threshold_44,threshold,3,0,5,3.0116206577868456,0.9959569422131546,9,0.5200000000000001
threshold_44,threshold,3,1,5,2.6751773001730266,1.3324002998269735,10,0.5800000000000002
threshold_44,threshold,3,2,5,2.742509155506645,1.265068444493354,9,0.5600000000000002
threshold_44,threshold,3,3,5,2.757828592299385,1.249749007700615,10,0.5800000000000002
threshold_44,threshold,3,4,5,2.769882039757572,1.2376955602424284,10,0.5600000000000002
threshold_44,threshold,3,5,5,2.704588666148873,1.302988933851127,10,0.5600000000000002
threshold_44,threshold,3,6,5,2.737980294580785,1.2695973054192167,10,0.5600000000000002
threshold_44,threshold,3,7,5,2.733394256897071,1.2741833431029286,9,0.5600000000000002
threshold_44,threshold,3,8,5,2.656136531543493,1.3514410684565075,10,0.5800000000000002
threshold_44,threshold,3,9,5,3.112005484191131,0.8955721158088686,10,0.5000000000000001
threshold_44,threshold,3,0,6,3.0098891106886705,0.9976884893113287,9,0.5200000000000001
threshold_44,threshold,3,1,6,2.631026912285341,1.3765506877146596,10,0.5800000000000002
threshold_44,threshold,3,2,6,2.736016789200193,1.271560810799806,9,0.5600000000000002
threshold_44,threshold,3,3,6,2.7575338355615115,1.250043764438488,10,0.5800000000000002
threshold_44,threshold,3,4,6,2.768349859317746,1.2392277406822523,10,0.5600000000000002
threshold_44,threshold,3,5,6,2.750150941472068,1.2574266585279326,10,0.5600000000000002
threshold_44,threshold,3,6,6,2.7396336073806857,1.2679439926193137,10,0.5800000000000002
threshold_44,threshold,3,7,6,2.703935429716493,1.3036421702835068,10,0.5800000000000002
threshold_44,threshold,3,8,6,2.6961068552971814,1.3114707447028184,10,0.6000000000000002
threshold_44,threshold,3,9,6,3.056676962128477,0.9509006378715239,9,0.5000000000000001
threshold_44,threshold,3,0,7,3.022444581883224,0.9851330181167762,9,0.48000000000000015
threshold_44,threshold,3,1,7,2.612500780309278,1.3950768196907222,10,0.6000000000000002
threshold_44,threshold,3,2,7,2.770737624949053,1.236839975050948,10,0.5600000000000002
threshold_44,threshold,3,3,7,2.7988838330975914,1.208693766902409,9,0.5400000000000001
threshold_44,threshold,3,4,7,2.727899964250661,1.2796776357493402,9,0.5400000000000001
threshold_44,threshold,3,5,7,2.723800994997873,1.283776605002127,10,0.5800000000000002
threshold_44,threshold,3,6,7,2.768445156644631,1.239132443355371,10,0.5600000000000002
threshold_44,threshold,3,7,7,2.724119279845581,1.2834583201544185,10,0.5800000000000002
threshold_44,threshold,3,8,7,2.6334122451705286,1.374165354829471,10,0.5800000000000002
threshold_44,threshold,3,9,7,2.982925942910254,1.0246516570897466,9,0.5200000000000001
threshold_44,threshold,3,0,8,2.912888585162649,1.0946890148373507,10,0.5200000000000001
threshold_44,threshold,3,1,8,2.5045210853335074,1.5030565146664927,10,0.6000000000000002
threshold_44,threshold,3,2,8,2.633505018647747,1.3740725813522523,10,0.5800000000000002
threshold_44,threshold,3,3,8,2.628261371357232,1.3793162286427685,10,0.5800000000000002
threshold_44,threshold,3,4,8,2.689250928968227,1.3183266710317738,10,0.5600000000000002
threshold_44,threshold,3,5,8,2.625388037651453,1.3821895623485478,10,0.6000000000000002
threshold_44,threshold,3,6,8,2.664967682913346,1.3426099170866546,10,0.5600000000000002
threshold_44,threshold,3,7,8,2.6583995716880615,1.3491780283119392,10,0.5800000000000002
threshold_44,threshold,3,8,8,2.4154225927867676,1.592155007213232,10,0.6000000000000002
threshold_44,threshold,3,9,8,2.8772700706874255,1.130307529312575,10,0.5400000000000001
threshold_44,threshold,3,0,9,3.182212659795989,0.8253649402040106,9,0.4400000000000001
threshold_44,threshold,3,1,9,2.8996140394689904,1.1079635605310083,10,0.5600000000000002
threshold_44,threshold,3,2,9,2.9450058621349484,1.0625717378650514,9,0.5000000000000001
threshold_44,threshold,3,3,9,2.98474466283481,1.0228329371651899,10,0.5000000000000001
threshold_44,threshold,3,4,9,2.9558288303925337,1.051748769607467,9,0.5000000000000001
threshold_44,threshold,3,5,9,3.0064688268501505,1.0011087731498503,9,0.5000000000000001
threshold_44,threshold,3,6,9,3.0470712559115065,0.9605063440884926,9,0.5000000000000001
threshold_44,threshold,3,7,9,2.9747682496057184,1.0328093503942812,9,0.5000000000000001
threshold_44,threshold,3,8,9,2.8409866226106444,1.166590977389356,10,0.5400000000000001
threshold_44,threshold,3,9,9,3.192753549412017,0.8148240505879855,9,0.4000000000000001
